individual_id,t_detection_crc,screen_time,detectedClones
0,-1,50,0
0,-1,60,0
0,-1,70,0
1,77.95361316,50,1
1,77.95361316,60,1
1,77.95361316,70,1
2,-1,50,0
2,-1,60,0
2,-1,70,0
3,79.26534289,50,0
3,79.26534289,60,0
3,79.26534289,70,0
4,-1,50,0
4,-1,60,0
4,-1,70,0
5,-1,50,0
5,-1,60,0
5,-1,70,1
6,-1,50,0
6,-1,60,0
6,-1,70,0
7,-1,50,0
7,-1,60,0
7,-1,70,0
8,-1,50,0
8,-1,60,2
8,-1,70,3
9,-1,50,0
9,-1,60,0
9,-1,70,0
10,-1,50,0
10,-1,60,0
10,-1,70,0
11,-1,50,0
11,-1,60,0
11,-1,70,0
12,-1,50,0
12,-1,60,0
12,-1,70,0
13,-1,50,0
13,-1,60,1
13,-1,70,1
14,46.95854553,50,0
14,46.95854553,60,0
14,46.95854553,70,0
15,-1,50,1
15,-1,60,1
15,-1,70,2
16,-1,50,0
16,-1,60,0
16,-1,70,0
17,77.57310737,50,1
17,77.57310737,60,1
17,77.57310737,70,3
18,-1,50,0
18,-1,60,0
18,-1,70,0
19,-1,50,0
19,-1,60,0
19,-1,70,0
20,72.76981891,50,1
20,72.76981891,60,3
20,72.76981891,70,3
21,-1,50,1
21,-1,60,1
21,-1,70,1
22,-1,50,0
22,-1,60,0
22,-1,70,0
23,-1,50,0
23,-1,60,0
23,-1,70,0
24,-1,50,0
24,-1,60,0
24,-1,70,0
25,-1,50,0
25,-1,60,0
25,-1,70,0
26,-1,50,0
26,-1,60,0
26,-1,70,1
27,-1,50,0
27,-1,60,0
27,-1,70,0
28,-1,50,0
28,-1,60,0
28,-1,70,0
29,62.1635041,50,0
29,62.1635041,60,0
29,62.1635041,70,0
30,-1,50,0
30,-1,60,0
30,-1,70,1
31,-1,50,1
31,-1,60,1
31,-1,70,3
32,-1,50,0
32,-1,60,0
32,-1,70,0
33,-1,50,0
33,-1,60,0
33,-1,70,0
34,-1,50,0
34,-1,60,0
34,-1,70,2
35,-1,50,0
35,-1,60,0
35,-1,70,0
36,76.93048326,50,1
36,76.93048326,60,1
36,76.93048326,70,1
37,-1,50,0
37,-1,60,0
37,-1,70,0
38,-1,50,0
38,-1,60,0
38,-1,70,1
39,-1,50,0
39,-1,60,0
39,-1,70,0
40,-1,50,0
40,-1,60,2
40,-1,70,3
41,-1,50,0
41,-1,60,1
41,-1,70,1
42,-1,50,0
42,-1,60,0
42,-1,70,0
43,75.76044527,50,1
43,75.76044527,60,1
43,75.76044527,70,1
44,75.26098974,50,0
44,75.26098974,60,0
44,75.26098974,70,1
45,-1,50,0
45,-1,60,0
45,-1,70,0
46,-1,50,0
46,-1,60,0
46,-1,70,1
47,-1,50,0
47,-1,60,0
47,-1,70,0
48,-1,50,0
48,-1,60,0
48,-1,70,0
49,-1,50,0
49,-1,60,0
49,-1,70,1
50,-1,50,0
50,-1,60,0
50,-1,70,0
51,-1,50,0
51,-1,60,0
51,-1,70,0
52,-1,50,0
52,-1,60,0
52,-1,70,0
53,-1,50,0
53,-1,60,0
53,-1,70,0
54,-1,50,0
54,-1,60,1
54,-1,70,2
55,-1,50,0
55,-1,60,0
55,-1,70,0
56,-1,50,0
56,-1,60,0
56,-1,70,1
57,66.091222,50,1
57,66.091222,60,1
57,66.091222,70,2
58,-1,50,0
58,-1,60,1
58,-1,70,1
59,-1,50,0
59,-1,60,0
59,-1,70,1
60,-1,50,0
60,-1,60,0
60,-1,70,0
61,-1,50,0
61,-1,60,0
61,-1,70,1
62,-1,50,0
62,-1,60,0
62,-1,70,1
63,-1,50,0
63,-1,60,0
63,-1,70,0
64,-1,50,0
64,-1,60,0
64,-1,70,0
65,-1,50,0
65,-1,60,0
65,-1,70,0
66,-1,50,0
66,-1,60,0
66,-1,70,0
67,-1,50,1
67,-1,60,1
67,-1,70,1
68,-1,50,0
68,-1,60,1
68,-1,70,1
69,-1,50,0
69,-1,60,0
69,-1,70,0
70,-1,50,0
70,-1,60,0
70,-1,70,0
71,-1,50,0
71,-1,60,0
71,-1,70,0
72,-1,50,0
72,-1,60,0
72,-1,70,0
73,69.66681704,50,1
73,69.66681704,60,3
73,69.66681704,70,3
74,-1,50,0
74,-1,60,3
74,-1,70,3
75,57.35301181,50,0
75,57.35301181,60,1
75,57.35301181,70,0
76,24.74965394,50,1
76,24.74965394,60,0
76,24.74965394,70,0
77,-1,50,0
77,-1,60,1
77,-1,70,2
78,-1,50,0
78,-1,60,0
78,-1,70,0
79,-1,50,0
79,-1,60,0
79,-1,70,0
80,-1,50,0
80,-1,60,0
80,-1,70,0
81,-1,50,0
81,-1,60,0
81,-1,70,0
82,-1,50,0
82,-1,60,0
82,-1,70,0
83,69.97096421,50,1
83,69.97096421,60,1
83,69.97096421,70,1
84,55.05943855,50,0
84,55.05943855,60,0
84,55.05943855,70,0
85,78.0850473,50,1
85,78.0850473,60,1
85,78.0850473,70,2
86,-1,50,0
86,-1,60,0
86,-1,70,0
87,-1,50,0
87,-1,60,0
87,-1,70,0
88,-1,50,0
88,-1,60,0
88,-1,70,0
89,-1,50,0
89,-1,60,0
89,-1,70,0
90,-1,50,0
90,-1,60,0
90,-1,70,1
91,-1,50,1
91,-1,60,1
91,-1,70,1
92,-1,50,0
92,-1,60,1
92,-1,70,1
93,-1,50,0
93,-1,60,0
93,-1,70,0
94,-1,50,0
94,-1,60,0
94,-1,70,0
95,-1,50,0
95,-1,60,0
95,-1,70,0
96,79.13589398,50,0
96,79.13589398,60,1
96,79.13589398,70,1
97,-1,50,0
97,-1,60,0
97,-1,70,0
98,-1,50,0
98,-1,60,0
98,-1,70,0
99,64.88093401,50,1
99,64.88093401,60,2
99,64.88093401,70,2
100,75.30589974,50,0
100,75.30589974,60,0
100,75.30589974,70,1
101,-1,50,0
101,-1,60,0
101,-1,70,1
102,-1,50,0
102,-1,60,0
102,-1,70,0
103,-1,50,0
103,-1,60,1
103,-1,70,1
104,-1,50,0
104,-1,60,1
104,-1,70,1
105,-1,50,0
105,-1,60,0
105,-1,70,2
106,-1,50,0
106,-1,60,0
106,-1,70,0
107,-1,50,0
107,-1,60,1
107,-1,70,1
108,-1,50,0
108,-1,60,0
108,-1,70,0
109,30.81087328,50,1
109,30.81087328,60,0
109,30.81087328,70,0
110,-1,50,1
110,-1,60,1
110,-1,70,1
111,67.24382188,50,0
111,67.24382188,60,0
111,67.24382188,70,3
112,73.82116312,50,0
112,73.82116312,60,0
112,73.82116312,70,1
113,-1,50,0
113,-1,60,0
113,-1,70,0
114,-1,50,0
114,-1,60,1
114,-1,70,2
115,-1,50,0
115,-1,60,0
115,-1,70,0
116,-1,50,0
116,-1,60,0
116,-1,70,0
117,-1,50,0
117,-1,60,0
117,-1,70,1
118,-1,50,0
118,-1,60,0
118,-1,70,0
119,78.6350659,50,1
119,78.6350659,60,1
119,78.6350659,70,1
120,-1,50,0
120,-1,60,0
120,-1,70,0
121,-1,50,0
121,-1,60,0
121,-1,70,0
122,-1,50,0
122,-1,60,1
122,-1,70,2
123,70.77407591,50,1
123,70.77407591,60,1
123,70.77407591,70,2
124,-1,50,0
124,-1,60,0
124,-1,70,0
125,-1,50,0
125,-1,60,0
125,-1,70,1
126,-1,50,0
126,-1,60,0
126,-1,70,0
127,-1,50,0
127,-1,60,0
127,-1,70,0
128,-1,50,0
128,-1,60,0
128,-1,70,0
129,73.76655,50,1
129,73.76655,60,1
129,73.76655,70,1
130,-1,50,0
130,-1,60,0
130,-1,70,0
131,-1,50,0
131,-1,60,0
131,-1,70,1
132,-1,50,0
132,-1,60,0
132,-1,70,0
133,-1,50,0
133,-1,60,0
133,-1,70,1
134,79.56771796,50,0
134,79.56771796,60,2
134,79.56771796,70,3
135,-1,50,0
135,-1,60,0
135,-1,70,0
136,-1,50,0
136,-1,60,0
136,-1,70,0
137,-1,50,0
137,-1,60,1
137,-1,70,1
138,-1,50,0
138,-1,60,1
138,-1,70,1
139,-1,50,0
139,-1,60,0
139,-1,70,0
140,-1,50,0
140,-1,60,0
140,-1,70,0
141,-1,50,0
141,-1,60,0
141,-1,70,0
142,-1,50,0
142,-1,60,0
142,-1,70,1
143,-1,50,0
143,-1,60,0
143,-1,70,1
144,76.41395048,50,1
144,76.41395048,60,1
144,76.41395048,70,2
145,-1,50,1
145,-1,60,1
145,-1,70,1
146,72.24674635,50,1
146,72.24674635,60,2
146,72.24674635,70,2
147,-1,50,0
147,-1,60,0
147,-1,70,2
148,-1,50,0
148,-1,60,0
148,-1,70,0
149,-1,50,0
149,-1,60,0
149,-1,70,0
150,-1,50,0
150,-1,60,0
150,-1,70,0
151,-1,50,0
151,-1,60,1
151,-1,70,1
152,-1,50,1
152,-1,60,1
152,-1,70,1
153,-1,50,0
153,-1,60,0
153,-1,70,1
154,-1,50,0
154,-1,60,0
154,-1,70,0
155,-1,50,0
155,-1,60,0
155,-1,70,0
156,34.33038374,50,1
156,34.33038374,60,0
156,34.33038374,70,0
157,-1,50,0
157,-1,60,0
157,-1,70,0
158,-1,50,0
158,-1,60,0
158,-1,70,0
159,-1,50,0
159,-1,60,0
159,-1,70,0
160,-1,50,0
160,-1,60,0
160,-1,70,1
161,-1,50,1
161,-1,60,1
161,-1,70,1
162,-1,50,0
162,-1,60,0
162,-1,70,0
163,79.61514092,50,2
163,79.61514092,60,2
163,79.61514092,70,2
164,-1,50,0
164,-1,60,0
164,-1,70,0
165,-1,50,1
165,-1,60,1
165,-1,70,1
166,-1,50,0
166,-1,60,0
166,-1,70,0
167,-1,50,0
167,-1,60,0
167,-1,70,0
168,-1,50,0
168,-1,60,0
168,-1,70,0
169,-1,50,0
169,-1,60,0
169,-1,70,0
170,-1,50,0
170,-1,60,0
170,-1,70,0
171,-1,50,0
171,-1,60,0
171,-1,70,0
172,-1,50,0
172,-1,60,0
172,-1,70,0
173,-1,50,0
173,-1,60,0
173,-1,70,2
174,-1,50,0
174,-1,60,0
174,-1,70,0
175,-1,50,0
175,-1,60,0
175,-1,70,2
176,-1,50,0
176,-1,60,0
176,-1,70,1
177,78.66737995,50,1
177,78.66737995,60,1
177,78.66737995,70,1
178,75.55514985,50,1
178,75.55514985,60,1
178,75.55514985,70,2
179,-1,50,0
179,-1,60,0
179,-1,70,0
180,-1,50,0
180,-1,60,0
180,-1,70,0
181,-1,50,0
181,-1,60,0
181,-1,70,0
182,-1,50,0
182,-1,60,0
182,-1,70,0
183,78.23877531,50,0
183,78.23877531,60,2
183,78.23877531,70,3
184,-1,50,0
184,-1,60,1
184,-1,70,1
185,-1,50,0
185,-1,60,0
185,-1,70,0
186,-1,50,0
186,-1,60,0
186,-1,70,0
187,-1,50,0
187,-1,60,0
187,-1,70,0
188,-1,50,0
188,-1,60,0
188,-1,70,0
189,-1,50,0
189,-1,60,0
189,-1,70,0
190,-1,50,0
190,-1,60,0
190,-1,70,0
191,-1,50,1
191,-1,60,2
191,-1,70,2
192,-1,50,0
192,-1,60,1
192,-1,70,2
193,58.81244258,50,1
193,58.81244258,60,2
193,58.81244258,70,0
194,-1,50,0
194,-1,60,1
194,-1,70,3
195,-1,50,0
195,-1,60,0
195,-1,70,0
196,-1,50,0
196,-1,60,0
196,-1,70,1
197,-1,50,0
197,-1,60,1
197,-1,70,1
198,-1,50,0
198,-1,60,0
198,-1,70,0
199,62.61223155,50,1
199,62.61223155,60,1
199,62.61223155,70,2
200,-1,50,0
200,-1,60,0
200,-1,70,0
201,-1,50,1
201,-1,60,2
201,-1,70,2
202,-1,50,0
202,-1,60,0
202,-1,70,1
203,-1,50,0
203,-1,60,0
203,-1,70,0
204,-1,50,0
204,-1,60,0
204,-1,70,0
205,-1,50,0
205,-1,60,0
205,-1,70,0
206,-1,50,0
206,-1,60,0
206,-1,70,0
207,-1,50,0
207,-1,60,0
207,-1,70,0
208,-1,50,0
208,-1,60,0
208,-1,70,0
209,72.82047318,50,1
209,72.82047318,60,1
209,72.82047318,70,1
210,-1,50,0
210,-1,60,0
210,-1,70,1
211,-1,50,0
211,-1,60,0
211,-1,70,0
212,-1,50,0
212,-1,60,0
212,-1,70,1
213,-1,50,0
213,-1,60,1
213,-1,70,1
214,-1,50,0
214,-1,60,0
214,-1,70,0
215,-1,50,0
215,-1,60,0
215,-1,70,0
216,-1,50,0
216,-1,60,0
216,-1,70,1
217,-1,50,0
217,-1,60,0
217,-1,70,0
218,-1,50,0
218,-1,60,0
218,-1,70,2
219,79.84509325,50,0
219,79.84509325,60,1
219,79.84509325,70,2
220,-1,50,0
220,-1,60,0
220,-1,70,0
221,-1,50,0
221,-1,60,0
221,-1,70,0
222,-1,50,1
222,-1,60,1
222,-1,70,1
223,-1,50,0
223,-1,60,0
223,-1,70,0
224,-1,50,0
224,-1,60,1
224,-1,70,3
225,-1,50,0
225,-1,60,0
225,-1,70,0
226,-1,50,0
226,-1,60,1
226,-1,70,1
227,-1,50,1
227,-1,60,1
227,-1,70,1
228,-1,50,0
228,-1,60,0
228,-1,70,1
229,-1,50,0
229,-1,60,0
229,-1,70,0
230,-1,50,0
230,-1,60,0
230,-1,70,1
231,-1,50,0
231,-1,60,0
231,-1,70,0
232,76.80357591,50,0
232,76.80357591,60,0
232,76.80357591,70,1
233,-1,50,0
233,-1,60,0
233,-1,70,0
234,-1,50,0
234,-1,60,0
234,-1,70,0
235,-1,50,0
235,-1,60,0
235,-1,70,0
236,-1,50,0
236,-1,60,0
236,-1,70,1
237,-1,50,0
237,-1,60,0
237,-1,70,1
238,-1,50,0
238,-1,60,0
238,-1,70,0
239,-1,50,0
239,-1,60,0
239,-1,70,0
240,-1,50,0
240,-1,60,0
240,-1,70,1
241,-1,50,0
241,-1,60,0
241,-1,70,0
242,78.0559918,50,1
242,78.0559918,60,1
242,78.0559918,70,2
243,72.97157163,50,0
243,72.97157163,60,1
243,72.97157163,70,2
244,73.4482411,50,0
244,73.4482411,60,1
244,73.4482411,70,1
245,-1,50,0
245,-1,60,0
245,-1,70,1
246,-1,50,0
246,-1,60,0
246,-1,70,0
247,-1,50,1
247,-1,60,1
247,-1,70,1
248,-1,50,0
248,-1,60,0
248,-1,70,0
249,45.35819509,50,1
249,45.35819509,60,0
249,45.35819509,70,0
250,-1,50,0
250,-1,60,0
250,-1,70,0
251,-1,50,0
251,-1,60,0
251,-1,70,0
252,-1,50,0
252,-1,60,0
252,-1,70,0
253,-1,50,0
253,-1,60,0
253,-1,70,1
254,-1,50,0
254,-1,60,0
254,-1,70,0
255,78.6705606,50,2
255,78.6705606,60,3
255,78.6705606,70,4
256,64.23059715,50,0
256,64.23059715,60,1
256,64.23059715,70,2
257,-1,50,0
257,-1,60,1
257,-1,70,1
258,-1,50,0
258,-1,60,0
258,-1,70,0
259,-1,50,0
259,-1,60,0
259,-1,70,0
260,-1,50,0
260,-1,60,0
260,-1,70,0
261,-1,50,0
261,-1,60,0
261,-1,70,0
262,-1,50,0
262,-1,60,0
262,-1,70,0
263,-1,50,0
263,-1,60,0
263,-1,70,0
264,-1,50,0
264,-1,60,0
264,-1,70,0
265,-1,50,0
265,-1,60,0
265,-1,70,0
266,-1,50,0
266,-1,60,0
266,-1,70,1
267,-1,50,0
267,-1,60,0
267,-1,70,0
268,-1,50,1
268,-1,60,1
268,-1,70,2
269,75.4007952,50,1
269,75.4007952,60,1
269,75.4007952,70,1
270,-1,50,0
270,-1,60,0
270,-1,70,0
271,-1,50,0
271,-1,60,1
271,-1,70,1
272,76.29204628,50,1
272,76.29204628,60,1
272,76.29204628,70,1
273,-1,50,0
273,-1,60,0
273,-1,70,0
274,-1,50,0
274,-1,60,1
274,-1,70,1
275,-1,50,0
275,-1,60,0
275,-1,70,0
276,-1,50,0
276,-1,60,0
276,-1,70,1
277,-1,50,0
277,-1,60,0
277,-1,70,0
278,-1,50,0
278,-1,60,0
278,-1,70,0
279,-1,50,0
279,-1,60,0
279,-1,70,1
280,-1,50,0
280,-1,60,0
280,-1,70,1
281,-1,50,0
281,-1,60,0
281,-1,70,0
282,-1,50,0
282,-1,60,0
282,-1,70,1
283,-1,50,1
283,-1,60,1
283,-1,70,1
284,-1,50,0
284,-1,60,1
284,-1,70,1
285,-1,50,0
285,-1,60,0
285,-1,70,1
286,-1,50,0
286,-1,60,0
286,-1,70,0
287,79.47109753,50,1
287,79.47109753,60,1
287,79.47109753,70,1
288,-1,50,0
288,-1,60,0
288,-1,70,0
289,-1,50,1
289,-1,60,1
289,-1,70,1
290,-1,50,0
290,-1,60,0
290,-1,70,0
291,-1,50,0
291,-1,60,0
291,-1,70,1
292,-1,50,0
292,-1,60,0
292,-1,70,1
293,-1,50,1
293,-1,60,1
293,-1,70,2
294,64.58355526,50,2
294,64.58355526,60,2
294,64.58355526,70,2
295,-1,50,0
295,-1,60,0
295,-1,70,0
296,-1,50,0
296,-1,60,0
296,-1,70,0
297,-1,50,0
297,-1,60,0
297,-1,70,0
298,-1,50,0
298,-1,60,0
298,-1,70,1
299,78.03882851,50,0
299,78.03882851,60,0
299,78.03882851,70,1
300,51.54307346,50,2
300,51.54307346,60,2
300,51.54307346,70,0
301,-1,50,0
301,-1,60,0
301,-1,70,0
302,77.93245755,50,1
302,77.93245755,60,1
302,77.93245755,70,1
303,-1,50,0
303,-1,60,1
303,-1,70,3
304,-1,50,0
304,-1,60,0
304,-1,70,0
305,-1,50,0
305,-1,60,0
305,-1,70,1
306,-1,50,0
306,-1,60,0
306,-1,70,1
307,-1,50,0
307,-1,60,0
307,-1,70,0
308,-1,50,0
308,-1,60,0
308,-1,70,1
309,-1,50,0
309,-1,60,0
309,-1,70,0
310,-1,50,0
310,-1,60,0
310,-1,70,1
311,-1,50,0
311,-1,60,0
311,-1,70,0
312,-1,50,0
312,-1,60,0
312,-1,70,0
313,-1,50,0
313,-1,60,0
313,-1,70,0
314,-1,50,0
314,-1,60,0
314,-1,70,0
315,-1,50,0
315,-1,60,0
315,-1,70,0
316,77.17911025,50,0
316,77.17911025,60,1
316,77.17911025,70,3
317,-1,50,0
317,-1,60,2
317,-1,70,2
318,76.07379821,50,0
318,76.07379821,60,0
318,76.07379821,70,1
319,-1,50,0
319,-1,60,0
319,-1,70,0
320,-1,50,1
320,-1,60,1
320,-1,70,1
321,-1,50,0
321,-1,60,0
321,-1,70,0
322,-1,50,0
322,-1,60,0
322,-1,70,0
323,-1,50,0
323,-1,60,0
323,-1,70,1
324,-1,50,0
324,-1,60,0
324,-1,70,0
325,-1,50,0
325,-1,60,0
325,-1,70,0
326,-1,50,0
326,-1,60,0
326,-1,70,0
327,-1,50,0
327,-1,60,0
327,-1,70,0
328,-1,50,0
328,-1,60,0
328,-1,70,0
329,-1,50,0
329,-1,60,0
329,-1,70,0
330,-1,50,0
330,-1,60,1
330,-1,70,1
331,-1,50,1
331,-1,60,1
331,-1,70,1
332,74.26552693,50,0
332,74.26552693,60,1
332,74.26552693,70,1
333,78.86892884,50,0
333,78.86892884,60,0
333,78.86892884,70,0
334,68.00819235,50,1
334,68.00819235,60,1
334,68.00819235,70,1
335,71.04047407,50,0
335,71.04047407,60,1
335,71.04047407,70,2
336,78.99803023,50,1
336,78.99803023,60,1
336,78.99803023,70,1
337,-1,50,0
337,-1,60,0
337,-1,70,0
338,-1,50,1
338,-1,60,1
338,-1,70,1
339,74.43583939,50,0
339,74.43583939,60,2
339,74.43583939,70,2
340,-1,50,0
340,-1,60,0
340,-1,70,0
341,-1,50,0
341,-1,60,0
341,-1,70,0
342,-1,50,0
342,-1,60,0
342,-1,70,0
343,-1,50,0
343,-1,60,0
343,-1,70,1
344,-1,50,0
344,-1,60,0
344,-1,70,0
345,-1,50,0
345,-1,60,0
345,-1,70,0
346,-1,50,0
346,-1,60,0
346,-1,70,0
347,-1,50,0
347,-1,60,0
347,-1,70,0
348,79.4312377,50,0
348,79.4312377,60,1
348,79.4312377,70,3
349,-1,50,0
349,-1,60,1
349,-1,70,1
350,-1,50,0
350,-1,60,0
350,-1,70,0
351,-1,50,0
351,-1,60,1
351,-1,70,1
352,77.50740451,50,1
352,77.50740451,60,1
352,77.50740451,70,1
353,-1,50,0
353,-1,60,1
353,-1,70,1
354,-1,50,0
354,-1,60,2
354,-1,70,2
355,-1,50,0
355,-1,60,0
355,-1,70,0
356,-1,50,0
356,-1,60,0
356,-1,70,0
357,-1,50,0
357,-1,60,0
357,-1,70,0
358,-1,50,0
358,-1,60,0
358,-1,70,0
359,-1,50,0
359,-1,60,1
359,-1,70,2
360,-1,50,0
360,-1,60,0
360,-1,70,0
361,-1,50,0
361,-1,60,0
361,-1,70,0
362,-1,50,0
362,-1,60,0
362,-1,70,0
363,-1,50,0
363,-1,60,0
363,-1,70,0
364,-1,50,0
364,-1,60,0
364,-1,70,0
365,-1,50,0
365,-1,60,0
365,-1,70,0
366,-1,50,0
366,-1,60,0
366,-1,70,0
367,54.1416022,50,1
367,54.1416022,60,1
367,54.1416022,70,0
368,78.27122406,50,1
368,78.27122406,60,1
368,78.27122406,70,3
369,-1,50,0
369,-1,60,1
369,-1,70,1
370,-1,50,0
370,-1,60,0
370,-1,70,1
371,-1,50,1
371,-1,60,1
371,-1,70,1
372,-1,50,0
372,-1,60,0
372,-1,70,0
373,-1,50,1
373,-1,60,1
373,-1,70,1
374,-1,50,0
374,-1,60,0
374,-1,70,0
375,-1,50,0
375,-1,60,0
375,-1,70,0
376,65.44966732,50,1
376,65.44966732,60,2
376,65.44966732,70,2
377,-1,50,0
377,-1,60,0
377,-1,70,1
378,-1,50,2
378,-1,60,2
378,-1,70,3
379,-1,50,0
379,-1,60,0
379,-1,70,1
380,-1,50,0
380,-1,60,0
380,-1,70,1
381,-1,50,0
381,-1,60,0
381,-1,70,0
382,-1,50,0
382,-1,60,0
382,-1,70,1
383,-1,50,1
383,-1,60,1
383,-1,70,1
384,-1,50,0
384,-1,60,1
384,-1,70,1
385,-1,50,0
385,-1,60,0
385,-1,70,0
386,-1,50,0
386,-1,60,0
386,-1,70,0
387,-1,50,0
387,-1,60,1
387,-1,70,2
388,-1,50,0
388,-1,60,0
388,-1,70,0
389,-1,50,0
389,-1,60,0
389,-1,70,0
390,-1,50,0
390,-1,60,0
390,-1,70,0
391,-1,50,0
391,-1,60,0
391,-1,70,2
392,-1,50,1
392,-1,60,1
392,-1,70,1
393,79.09507525,50,0
393,79.09507525,60,0
393,79.09507525,70,0
394,-1,50,0
394,-1,60,0
394,-1,70,0
395,-1,50,1
395,-1,60,1
395,-1,70,1
396,-1,50,0
396,-1,60,0
396,-1,70,0
397,-1,50,0
397,-1,60,0
397,-1,70,2
398,-1,50,0
398,-1,60,0
398,-1,70,0
399,71.92740119,50,2
399,71.92740119,60,3
399,71.92740119,70,3
400,-1,50,0
400,-1,60,0
400,-1,70,0
401,-1,50,0
401,-1,60,1
401,-1,70,2
402,-1,50,0
402,-1,60,0
402,-1,70,1
403,-1,50,0
403,-1,60,0
403,-1,70,0
404,-1,50,0
404,-1,60,0
404,-1,70,0
405,-1,50,0
405,-1,60,0
405,-1,70,0
406,-1,50,0
406,-1,60,1
406,-1,70,1
407,-1,50,0
407,-1,60,1
407,-1,70,2
408,-1,50,0
408,-1,60,1
408,-1,70,3
409,-1,50,0
409,-1,60,0
409,-1,70,0
410,-1,50,0
410,-1,60,0
410,-1,70,0
411,-1,50,0
411,-1,60,0
411,-1,70,1
412,-1,50,0
412,-1,60,0
412,-1,70,0
413,-1,50,0
413,-1,60,1
413,-1,70,1
414,-1,50,0
414,-1,60,0
414,-1,70,0
415,-1,50,0
415,-1,60,1
415,-1,70,1
416,-1,50,0
416,-1,60,1
416,-1,70,1
417,-1,50,0
417,-1,60,0
417,-1,70,0
418,-1,50,0
418,-1,60,0
418,-1,70,0
419,-1,50,0
419,-1,60,2
419,-1,70,2
420,65.54378303,50,1
420,65.54378303,60,1
420,65.54378303,70,1
421,-1,50,0
421,-1,60,0
421,-1,70,0
422,-1,50,0
422,-1,60,0
422,-1,70,1
423,-1,50,0
423,-1,60,0
423,-1,70,0
424,-1,50,0
424,-1,60,0
424,-1,70,1
425,-1,50,0
425,-1,60,0
425,-1,70,2
426,-1,50,0
426,-1,60,0
426,-1,70,0
427,-1,50,0
427,-1,60,1
427,-1,70,1
428,23.99309306,50,1
428,23.99309306,60,0
428,23.99309306,70,0
429,-1,50,0
429,-1,60,0
429,-1,70,1
430,-1,50,0
430,-1,60,0
430,-1,70,0
431,-1,50,1
431,-1,60,1
431,-1,70,2
432,-1,50,0
432,-1,60,0
432,-1,70,0
433,-1,50,0
433,-1,60,0
433,-1,70,1
434,-1,50,0
434,-1,60,0
434,-1,70,0
435,-1,50,0
435,-1,60,0
435,-1,70,0
436,50.9827191,50,1
436,50.9827191,60,1
436,50.9827191,70,0
437,-1,50,0
437,-1,60,0
437,-1,70,0
438,72.10946141,50,0
438,72.10946141,60,0
438,72.10946141,70,0
439,-1,50,0
439,-1,60,0
439,-1,70,0
440,-1,50,0
440,-1,60,0
440,-1,70,0
441,-1,50,0
441,-1,60,1
441,-1,70,1
442,-1,50,0
442,-1,60,0
442,-1,70,0
443,58.169416,50,0
443,58.169416,60,1
443,58.169416,70,0
444,-1,50,0
444,-1,60,1
444,-1,70,1
445,-1,50,0
445,-1,60,0
445,-1,70,0
446,-1,50,0
446,-1,60,0
446,-1,70,0
447,-1,50,0
447,-1,60,0
447,-1,70,1
448,66.80670154,50,1
448,66.80670154,60,1
448,66.80670154,70,1
449,-1,50,0
449,-1,60,0
449,-1,70,0
450,-1,50,0
450,-1,60,0
450,-1,70,0
451,79.96039675,50,0
451,79.96039675,60,0
451,79.96039675,70,1
452,-1,50,0
452,-1,60,0
452,-1,70,0
453,-1,50,0
453,-1,60,0
453,-1,70,0
454,-1,50,1
454,-1,60,2
454,-1,70,2
455,-1,50,0
455,-1,60,0
455,-1,70,0
456,-1,50,0
456,-1,60,1
456,-1,70,2
457,-1,50,0
457,-1,60,0
457,-1,70,1
458,-1,50,0
458,-1,60,0
458,-1,70,0
459,-1,50,0
459,-1,60,0
459,-1,70,0
460,-1,50,0
460,-1,60,0
460,-1,70,0
461,-1,50,0
461,-1,60,0
461,-1,70,0
462,-1,50,0
462,-1,60,0
462,-1,70,0
463,-1,50,0
463,-1,60,0
463,-1,70,0
464,70.43554204,50,1
464,70.43554204,60,1
464,70.43554204,70,1
465,-1,50,0
465,-1,60,0
465,-1,70,1
466,-1,50,0
466,-1,60,0
466,-1,70,0
467,-1,50,1
467,-1,60,1
467,-1,70,2
468,-1,50,0
468,-1,60,0
468,-1,70,0
469,78.04663641,50,1
469,78.04663641,60,2
469,78.04663641,70,3
470,-1,50,1
470,-1,60,2
470,-1,70,2
471,69.43349968,50,0
471,69.43349968,60,0
471,69.43349968,70,0
472,-1,50,1
472,-1,60,3
472,-1,70,3
473,-1,50,0
473,-1,60,1
473,-1,70,2
474,-1,50,0
474,-1,60,0
474,-1,70,0
475,-1,50,0
475,-1,60,1
475,-1,70,1
476,-1,50,1
476,-1,60,1
476,-1,70,1
477,-1,50,0
477,-1,60,0
477,-1,70,0
478,-1,50,0
478,-1,60,0
478,-1,70,0
479,-1,50,0
479,-1,60,0
479,-1,70,0
480,-1,50,0
480,-1,60,0
480,-1,70,0
481,-1,50,0
481,-1,60,0
481,-1,70,0
482,75.04006228,50,1
482,75.04006228,60,1
482,75.04006228,70,1
483,-1,50,0
483,-1,60,0
483,-1,70,0
484,-1,50,0
484,-1,60,1
484,-1,70,1
485,-1,50,0
485,-1,60,0
485,-1,70,0
486,-1,50,0
486,-1,60,0
486,-1,70,0
487,-1,50,0
487,-1,60,0
487,-1,70,0
488,-1,50,0
488,-1,60,0
488,-1,70,0
489,-1,50,0
489,-1,60,0
489,-1,70,1
490,-1,50,0
490,-1,60,0
490,-1,70,0
491,68.67569158,50,1
491,68.67569158,60,2
491,68.67569158,70,2
492,-1,50,1
492,-1,60,1
492,-1,70,1
493,76.51604231,50,0
493,76.51604231,60,1
493,76.51604231,70,2
494,-1,50,0
494,-1,60,1
494,-1,70,1
495,-1,50,0
495,-1,60,0
495,-1,70,0
496,-1,50,0
496,-1,60,0
496,-1,70,0
497,-1,50,0
497,-1,60,0
497,-1,70,0
498,-1,50,0
498,-1,60,1
498,-1,70,1
499,-1,50,0
499,-1,60,0
499,-1,70,0
500,-1,50,0
500,-1,60,1
500,-1,70,1
501,-1,50,0
501,-1,60,0
501,-1,70,1
502,-1,50,0
502,-1,60,0
502,-1,70,1
503,-1,50,0
503,-1,60,0
503,-1,70,0
504,-1,50,0
504,-1,60,0
504,-1,70,0
505,78.71818854,50,1
505,78.71818854,60,1
505,78.71818854,70,1
506,70.34118858,50,1
506,70.34118858,60,1
506,70.34118858,70,2
507,-1,50,0
507,-1,60,0
507,-1,70,0
508,-1,50,0
508,-1,60,2
508,-1,70,2
509,-1,50,0
509,-1,60,0
509,-1,70,0
510,-1,50,0
510,-1,60,0
510,-1,70,2
511,-1,50,0
511,-1,60,0
511,-1,70,0
512,-1,50,0
512,-1,60,0
512,-1,70,0
513,-1,50,0
513,-1,60,0
513,-1,70,0
514,-1,50,0
514,-1,60,0
514,-1,70,0
515,-1,50,0
515,-1,60,0
515,-1,70,2
516,-1,50,0
516,-1,60,0
516,-1,70,0
517,-1,50,0
517,-1,60,0
517,-1,70,0
518,-1,50,0
518,-1,60,0
518,-1,70,0
519,-1,50,0
519,-1,60,0
519,-1,70,0
520,-1,50,0
520,-1,60,0
520,-1,70,0
521,-1,50,0
521,-1,60,0
521,-1,70,0
522,-1,50,0
522,-1,60,1
522,-1,70,1
523,73.53890632,50,1
523,73.53890632,60,2
523,73.53890632,70,2
524,-1,50,0
524,-1,60,0
524,-1,70,0
525,-1,50,0
525,-1,60,0
525,-1,70,0
526,-1,50,0
526,-1,60,0
526,-1,70,0
527,-1,50,0
527,-1,60,0
527,-1,70,0
528,69.65589053,50,1
528,69.65589053,60,1
528,69.65589053,70,3
529,-1,50,0
529,-1,60,0
529,-1,70,0
530,-1,50,0
530,-1,60,0
530,-1,70,0
531,-1,50,0
531,-1,60,1
531,-1,70,1
532,-1,50,0
532,-1,60,0
532,-1,70,1
533,61.78405375,50,0
533,61.78405375,60,0
533,61.78405375,70,1
534,23.83098414,50,0
534,23.83098414,60,0
534,23.83098414,70,0
535,-1,50,0
535,-1,60,0
535,-1,70,0
536,-1,50,1
536,-1,60,1
536,-1,70,1
537,-1,50,0
537,-1,60,0
537,-1,70,0
538,-1,50,0
538,-1,60,0
538,-1,70,0
539,-1,50,0
539,-1,60,2
539,-1,70,2
540,-1,50,0
540,-1,60,1
540,-1,70,1
541,-1,50,0
541,-1,60,0
541,-1,70,1
542,-1,50,0
542,-1,60,0
542,-1,70,0
543,79.52856579,50,0
543,79.52856579,60,0
543,79.52856579,70,1
544,-1,50,0
544,-1,60,0
544,-1,70,0
545,-1,50,0
545,-1,60,1
545,-1,70,2
546,-1,50,0
546,-1,60,1
546,-1,70,2
547,70.86585403,50,0
547,70.86585403,60,0
547,70.86585403,70,1
548,-1,50,0
548,-1,60,0
548,-1,70,1
549,-1,50,0
549,-1,60,0
549,-1,70,0
550,-1,50,0
550,-1,60,0
550,-1,70,0
551,-1,50,0
551,-1,60,1
551,-1,70,2
552,-1,50,0
552,-1,60,0
552,-1,70,0
553,-1,50,0
553,-1,60,0
553,-1,70,1
554,-1,50,0
554,-1,60,0
554,-1,70,1
555,-1,50,0
555,-1,60,0
555,-1,70,0
556,69.43911072,50,1
556,69.43911072,60,1
556,69.43911072,70,1
557,-1,50,0
557,-1,60,0
557,-1,70,0
558,-1,50,0
558,-1,60,0
558,-1,70,1
559,-1,50,0
559,-1,60,0
559,-1,70,0
560,72.85961174,50,0
560,72.85961174,60,1
560,72.85961174,70,1
561,77.03084531,50,1
561,77.03084531,60,1
561,77.03084531,70,1
562,-1,50,0
562,-1,60,0
562,-1,70,0
563,-1,50,0
563,-1,60,0
563,-1,70,0
564,-1,50,0
564,-1,60,0
564,-1,70,0
565,-1,50,0
565,-1,60,0
565,-1,70,0
566,-1,50,0
566,-1,60,0
566,-1,70,0
567,-1,50,0
567,-1,60,0
567,-1,70,0
568,-1,50,0
568,-1,60,0
568,-1,70,0
569,-1,50,0
569,-1,60,0
569,-1,70,0
570,-1,50,0
570,-1,60,0
570,-1,70,0
571,74.67119327,50,2
571,74.67119327,60,2
571,74.67119327,70,3
572,-1,50,0
572,-1,60,0
572,-1,70,0
573,-1,50,0
573,-1,60,2
573,-1,70,2
574,-1,50,0
574,-1,60,0
574,-1,70,0
575,-1,50,0
575,-1,60,0
575,-1,70,0
576,-1,50,0
576,-1,60,0
576,-1,70,0
577,-1,50,1
577,-1,60,1
577,-1,70,1
578,-1,50,0
578,-1,60,0
578,-1,70,1
579,-1,50,0
579,-1,60,1
579,-1,70,1
580,-1,50,0
580,-1,60,0
580,-1,70,2
581,-1,50,0
581,-1,60,0
581,-1,70,1
582,-1,50,0
582,-1,60,0
582,-1,70,0
583,-1,50,0
583,-1,60,0
583,-1,70,0
584,-1,50,0
584,-1,60,0
584,-1,70,0
585,-1,50,0
585,-1,60,1
585,-1,70,1
586,76.09680558,50,0
586,76.09680558,60,1
586,76.09680558,70,4
587,-1,50,0
587,-1,60,0
587,-1,70,0
588,-1,50,0
588,-1,60,0
588,-1,70,1
589,-1,50,0
589,-1,60,0
589,-1,70,0
590,-1,50,0
590,-1,60,0
590,-1,70,0
591,-1,50,0
591,-1,60,0
591,-1,70,0
592,-1,50,0
592,-1,60,0
592,-1,70,0
593,71.14266997,50,1
593,71.14266997,60,1
593,71.14266997,70,2
594,-1,50,0
594,-1,60,0
594,-1,70,1
595,-1,50,0
595,-1,60,0
595,-1,70,0
596,-1,50,0
596,-1,60,0
596,-1,70,0
597,-1,50,0
597,-1,60,0
597,-1,70,0
598,-1,50,0
598,-1,60,0
598,-1,70,0
599,-1,50,0
599,-1,60,0
599,-1,70,0
600,-1,50,0
600,-1,60,0
600,-1,70,0
601,-1,50,0
601,-1,60,0
601,-1,70,0
602,-1,50,0
602,-1,60,1
602,-1,70,1
603,-1,50,0
603,-1,60,0
603,-1,70,0
604,-1,50,0
604,-1,60,1
604,-1,70,1
605,-1,50,0
605,-1,60,0
605,-1,70,0
606,-1,50,0
606,-1,60,0
606,-1,70,0
607,-1,50,0
607,-1,60,0
607,-1,70,0
608,-1,50,0
608,-1,60,0
608,-1,70,0
609,-1,50,0
609,-1,60,0
609,-1,70,0
610,-1,50,0
610,-1,60,0
610,-1,70,1
611,77.02508278,50,0
611,77.02508278,60,0
611,77.02508278,70,2
612,-1,50,0
612,-1,60,2
612,-1,70,2
613,-1,50,0
613,-1,60,0
613,-1,70,0
614,-1,50,0
614,-1,60,0
614,-1,70,1
615,-1,50,0
615,-1,60,0
615,-1,70,1
616,-1,50,0
616,-1,60,0
616,-1,70,1
617,75.44408944,50,1
617,75.44408944,60,1
617,75.44408944,70,1
618,-1,50,0
618,-1,60,0
618,-1,70,0
619,65.27219353,50,0
619,65.27219353,60,1
619,65.27219353,70,3
620,-1,50,0
620,-1,60,0
620,-1,70,0
621,-1,50,0
621,-1,60,1
621,-1,70,3
622,-1,50,0
622,-1,60,0
622,-1,70,0
623,-1,50,1
623,-1,60,1
623,-1,70,1
624,-1,50,0
624,-1,60,1
624,-1,70,1
625,-1,50,0
625,-1,60,0
625,-1,70,0
626,-1,50,0
626,-1,60,0
626,-1,70,0
627,-1,50,0
627,-1,60,0
627,-1,70,0
628,-1,50,0
628,-1,60,0
628,-1,70,0
629,78.07247268,50,0
629,78.07247268,60,2
629,78.07247268,70,2
630,-1,50,2
630,-1,60,2
630,-1,70,3
631,-1,50,0
631,-1,60,0
631,-1,70,0
632,-1,50,0
632,-1,60,0
632,-1,70,1
633,-1,50,0
633,-1,60,0
633,-1,70,0
634,78.96230217,50,1
634,78.96230217,60,1
634,78.96230217,70,1
635,-1,50,0
635,-1,60,0
635,-1,70,0
636,-1,50,0
636,-1,60,0
636,-1,70,1
637,-1,50,0
637,-1,60,0
637,-1,70,0
638,-1,50,1
638,-1,60,1
638,-1,70,1
639,65.36298968,50,1
639,65.36298968,60,1
639,65.36298968,70,1
640,-1,50,0
640,-1,60,0
640,-1,70,0
641,-1,50,0
641,-1,60,0
641,-1,70,0
642,-1,50,0
642,-1,60,0
642,-1,70,0
643,-1,50,0
643,-1,60,0
643,-1,70,0
644,-1,50,0
644,-1,60,0
644,-1,70,0
645,52.86269757,50,0
645,52.86269757,60,2
645,52.86269757,70,0
646,-1,50,0
646,-1,60,0
646,-1,70,0
647,-1,50,0
647,-1,60,0
647,-1,70,0
648,-1,50,0
648,-1,60,0
648,-1,70,2
649,-1,50,0
649,-1,60,0
649,-1,70,2
650,-1,50,0
650,-1,60,0
650,-1,70,0
651,-1,50,0
651,-1,60,0
651,-1,70,0
652,-1,50,0
652,-1,60,0
652,-1,70,0
653,-1,50,0
653,-1,60,0
653,-1,70,0
654,-1,50,0
654,-1,60,0
654,-1,70,0
655,-1,50,0
655,-1,60,0
655,-1,70,0
656,-1,50,0
656,-1,60,0
656,-1,70,0
657,-1,50,0
657,-1,60,1
657,-1,70,1
658,-1,50,0
658,-1,60,0
658,-1,70,0
659,-1,50,0
659,-1,60,0
659,-1,70,0
660,79.07004196,50,0
660,79.07004196,60,1
660,79.07004196,70,1
661,-1,50,0
661,-1,60,0
661,-1,70,1
662,-1,50,0
662,-1,60,0
662,-1,70,0
663,-1,50,0
663,-1,60,1
663,-1,70,1
664,-1,50,0
664,-1,60,0
664,-1,70,0
665,-1,50,0
665,-1,60,0
665,-1,70,0
666,-1,50,0
666,-1,60,0
666,-1,70,0
667,-1,50,0
667,-1,60,0
667,-1,70,0
668,-1,50,0
668,-1,60,0
668,-1,70,0
669,69.84889861,50,0
669,69.84889861,60,2
669,69.84889861,70,2
670,-1,50,0
670,-1,60,0
670,-1,70,2
671,-1,50,0
671,-1,60,0
671,-1,70,0
672,-1,50,0
672,-1,60,0
672,-1,70,0
673,67.82932677,50,1
673,67.82932677,60,1
673,67.82932677,70,1
674,-1,50,0
674,-1,60,0
674,-1,70,0
675,78.58499046,50,1
675,78.58499046,60,2
675,78.58499046,70,2
676,-1,50,0
676,-1,60,0
676,-1,70,0
677,61.32488601,50,0
677,61.32488601,60,1
677,61.32488601,70,3
678,-1,50,0
678,-1,60,1
678,-1,70,2
679,-1,50,1
679,-1,60,1
679,-1,70,1
680,-1,50,0
680,-1,60,0
680,-1,70,0
681,-1,50,0
681,-1,60,1
681,-1,70,1
682,-1,50,0
682,-1,60,0
682,-1,70,0
683,-1,50,0
683,-1,60,0
683,-1,70,0
684,-1,50,0
684,-1,60,0
684,-1,70,1
685,-1,50,0
685,-1,60,1
685,-1,70,1
686,-1,50,0
686,-1,60,0
686,-1,70,1
687,-1,50,0
687,-1,60,0
687,-1,70,0
688,-1,50,0
688,-1,60,1
688,-1,70,1
689,-1,50,0
689,-1,60,0
689,-1,70,0
690,73.89782621,50,0
690,73.89782621,60,1
690,73.89782621,70,1
691,-1,50,0
691,-1,60,0
691,-1,70,0
692,-1,50,0
692,-1,60,0
692,-1,70,0
693,-1,50,0
693,-1,60,0
693,-1,70,0
694,-1,50,1
694,-1,60,1
694,-1,70,1
695,-1,50,0
695,-1,60,0
695,-1,70,0
696,77.98094187,50,1
696,77.98094187,60,1
696,77.98094187,70,2
697,72.20237782,50,1
697,72.20237782,60,2
697,72.20237782,70,2
698,-1,50,0
698,-1,60,0
698,-1,70,0
699,73.78074391,50,1
699,73.78074391,60,1
699,73.78074391,70,1
700,-1,50,0
700,-1,60,0
700,-1,70,1
701,-1,50,0
701,-1,60,1
701,-1,70,1
702,-1,50,0
702,-1,60,0
702,-1,70,0
703,-1,50,0
703,-1,60,0
703,-1,70,0
704,79.68779305,50,0
704,79.68779305,60,1
704,79.68779305,70,2
705,-1,50,0
705,-1,60,1
705,-1,70,1
706,-1,50,0
706,-1,60,0
706,-1,70,0
707,-1,50,0
707,-1,60,1
707,-1,70,1
708,-1,50,0
708,-1,60,0
708,-1,70,0
709,-1,50,0
709,-1,60,0
709,-1,70,0
710,-1,50,0
710,-1,60,1
710,-1,70,1
711,-1,50,0
711,-1,60,1
711,-1,70,2
712,-1,50,0
712,-1,60,0
712,-1,70,0
713,-1,50,0
713,-1,60,0
713,-1,70,0
714,65.48160995,50,1
714,65.48160995,60,1
714,65.48160995,70,2
715,-1,50,1
715,-1,60,2
715,-1,70,3
716,-1,50,0
716,-1,60,0
716,-1,70,2
717,49.22092922,50,0
717,49.22092922,60,0
717,49.22092922,70,0
718,62.74093691,50,0
718,62.74093691,60,1
718,62.74093691,70,1
719,-1,50,0
719,-1,60,0
719,-1,70,1
720,-1,50,0
720,-1,60,1
720,-1,70,1
721,-1,50,0
721,-1,60,0
721,-1,70,1
722,-1,50,0
722,-1,60,0
722,-1,70,0
723,-1,50,1
723,-1,60,1
723,-1,70,2
724,-1,50,0
724,-1,60,0
724,-1,70,0
725,-1,50,0
725,-1,60,0
725,-1,70,0
726,-1,50,0
726,-1,60,0
726,-1,70,0
727,-1,50,0
727,-1,60,0
727,-1,70,0
728,-1,50,0
728,-1,60,0
728,-1,70,0
729,-1,50,0
729,-1,60,0
729,-1,70,0
730,-1,50,0
730,-1,60,0
730,-1,70,0
731,-1,50,0
731,-1,60,1
731,-1,70,1
732,-1,50,0
732,-1,60,0
732,-1,70,1
733,79.42877468,50,2
733,79.42877468,60,3
733,79.42877468,70,4
734,-1,50,0
734,-1,60,1
734,-1,70,1
735,70.91450175,50,0
735,70.91450175,60,0
735,70.91450175,70,3
736,-1,50,0
736,-1,60,2
736,-1,70,2
737,-1,50,0
737,-1,60,0
737,-1,70,0
738,-1,50,0
738,-1,60,0
738,-1,70,0
739,-1,50,0
739,-1,60,2
739,-1,70,3
740,-1,50,0
740,-1,60,0
740,-1,70,0
741,-1,50,0
741,-1,60,0
741,-1,70,0
742,-1,50,0
742,-1,60,0
742,-1,70,0
743,-1,50,0
743,-1,60,0
743,-1,70,0
744,-1,50,0
744,-1,60,0
744,-1,70,0
745,-1,50,0
745,-1,60,0
745,-1,70,1
746,-1,50,0
746,-1,60,0
746,-1,70,0
747,-1,50,0
747,-1,60,0
747,-1,70,0
748,-1,50,0
748,-1,60,0
748,-1,70,0
749,-1,50,0
749,-1,60,0
749,-1,70,0
750,-1,50,0
750,-1,60,0
750,-1,70,0
751,-1,50,0
751,-1,60,1
751,-1,70,2
752,-1,50,0
752,-1,60,0
752,-1,70,1
753,-1,50,0
753,-1,60,0
753,-1,70,1
754,-1,50,0
754,-1,60,0
754,-1,70,0
755,-1,50,0
755,-1,60,0
755,-1,70,0
756,-1,50,0
756,-1,60,0
756,-1,70,0
757,-1,50,0
757,-1,60,1
757,-1,70,1
758,-1,50,0
758,-1,60,0
758,-1,70,0
759,-1,50,0
759,-1,60,1
759,-1,70,1
760,-1,50,0
760,-1,60,0
760,-1,70,0
761,-1,50,0
761,-1,60,0
761,-1,70,0
762,-1,50,0
762,-1,60,0
762,-1,70,1
763,-1,50,0
763,-1,60,0
763,-1,70,1
764,-1,50,0
764,-1,60,0
764,-1,70,1
765,52.24207552,50,0
765,52.24207552,60,0
765,52.24207552,70,0
766,-1,50,0
766,-1,60,0
766,-1,70,0
767,-1,50,0
767,-1,60,0
767,-1,70,0
768,-1,50,0
768,-1,60,0
768,-1,70,1
769,-1,50,0
769,-1,60,0
769,-1,70,0
770,-1,50,1
770,-1,60,1
770,-1,70,1
771,-1,50,0
771,-1,60,0
771,-1,70,1
772,-1,50,0
772,-1,60,0
772,-1,70,0
773,-1,50,0
773,-1,60,1
773,-1,70,1
774,-1,50,0
774,-1,60,1
774,-1,70,1
775,70.08900682,50,0
775,70.08900682,60,1
775,70.08900682,70,2
776,-1,50,0
776,-1,60,0
776,-1,70,1
777,-1,50,0
777,-1,60,0
777,-1,70,0
778,79.73946929,50,1
778,79.73946929,60,2
778,79.73946929,70,2
779,-1,50,0
779,-1,60,0
779,-1,70,0
780,-1,50,0
780,-1,60,2
780,-1,70,2
781,-1,50,0
781,-1,60,0
781,-1,70,1
782,-1,50,0
782,-1,60,0
782,-1,70,0
783,-1,50,0
783,-1,60,0
783,-1,70,0
784,-1,50,0
784,-1,60,0
784,-1,70,0
785,76.71094955,50,1
785,76.71094955,60,1
785,76.71094955,70,2
786,62.01991591,50,1
786,62.01991591,60,1
786,62.01991591,70,1
787,-1,50,0
787,-1,60,0
787,-1,70,1
788,-1,50,0
788,-1,60,0
788,-1,70,0
789,-1,50,0
789,-1,60,0
789,-1,70,0
790,-1,50,0
790,-1,60,1
790,-1,70,1
791,78.59768029,50,0
791,78.59768029,60,0
791,78.59768029,70,2
792,-1,50,0
792,-1,60,0
792,-1,70,0
793,-1,50,0
793,-1,60,0
793,-1,70,1
794,-1,50,0
794,-1,60,0
794,-1,70,0
795,-1,50,0
795,-1,60,0
795,-1,70,0
796,-1,50,0
796,-1,60,0
796,-1,70,0
797,-1,50,0
797,-1,60,0
797,-1,70,0
798,-1,50,0
798,-1,60,0
798,-1,70,1
799,-1,50,0
799,-1,60,0
799,-1,70,1
800,-1,50,0
800,-1,60,0
800,-1,70,0
801,-1,50,0
801,-1,60,0
801,-1,70,0
802,-1,50,0
802,-1,60,0
802,-1,70,0
803,-1,50,0
803,-1,60,0
803,-1,70,0
804,-1,50,0
804,-1,60,0
804,-1,70,1
805,68.17570352,50,0
805,68.17570352,60,0
805,68.17570352,70,0
806,-1,50,0
806,-1,60,1
806,-1,70,1
807,-1,50,0
807,-1,60,0
807,-1,70,1
808,-1,50,0
808,-1,60,0
808,-1,70,1
809,-1,50,1
809,-1,60,1
809,-1,70,1
810,-1,50,1
810,-1,60,2
810,-1,70,2
811,-1,50,0
811,-1,60,0
811,-1,70,0
812,-1,50,0
812,-1,60,0
812,-1,70,0
813,-1,50,0
813,-1,60,1
813,-1,70,1
814,-1,50,0
814,-1,60,0
814,-1,70,0
815,-1,50,0
815,-1,60,0
815,-1,70,2
816,-1,50,0
816,-1,60,0
816,-1,70,1
817,-1,50,0
817,-1,60,0
817,-1,70,0
818,-1,50,0
818,-1,60,0
818,-1,70,1
819,-1,50,0
819,-1,60,0
819,-1,70,0
820,-1,50,0
820,-1,60,0
820,-1,70,0
821,-1,50,1
821,-1,60,1
821,-1,70,2
822,-1,50,0
822,-1,60,0
822,-1,70,0
823,-1,50,0
823,-1,60,0
823,-1,70,0
824,-1,50,0
824,-1,60,0
824,-1,70,0
825,-1,50,0
825,-1,60,0
825,-1,70,1
826,-1,50,0
826,-1,60,0
826,-1,70,0
827,73.44358629,50,1
827,73.44358629,60,2
827,73.44358629,70,2
828,-1,50,0
828,-1,60,0
828,-1,70,0
829,-1,50,0
829,-1,60,0
829,-1,70,1
830,-1,50,0
830,-1,60,0
830,-1,70,0
831,-1,50,0
831,-1,60,0
831,-1,70,0
832,-1,50,0
832,-1,60,0
832,-1,70,0
833,-1,50,0
833,-1,60,0
833,-1,70,0
834,-1,50,0
834,-1,60,1
834,-1,70,1
835,64.61731107,50,0
835,64.61731107,60,0
835,64.61731107,70,0
836,-1,50,0
836,-1,60,0
836,-1,70,0
837,-1,50,0
837,-1,60,0
837,-1,70,1
838,-1,50,0
838,-1,60,0
838,-1,70,0
839,-1,50,0
839,-1,60,0
839,-1,70,0
840,-1,50,0
840,-1,60,0
840,-1,70,0
841,-1,50,0
841,-1,60,1
841,-1,70,1
842,-1,50,0
842,-1,60,0
842,-1,70,0
843,-1,50,0
843,-1,60,0
843,-1,70,0
844,-1,50,0
844,-1,60,0
844,-1,70,0
845,-1,50,0
845,-1,60,0
845,-1,70,0
846,-1,50,0
846,-1,60,2
846,-1,70,2
847,-1,50,0
847,-1,60,0
847,-1,70,0
848,-1,50,0
848,-1,60,0
848,-1,70,0
849,-1,50,0
849,-1,60,1
849,-1,70,2
850,-1,50,0
850,-1,60,1
850,-1,70,1
851,-1,50,0
851,-1,60,0
851,-1,70,0
852,-1,50,0
852,-1,60,0
852,-1,70,0
853,-1,50,0
853,-1,60,0
853,-1,70,1
854,-1,50,0
854,-1,60,0
854,-1,70,0
855,-1,50,0
855,-1,60,0
855,-1,70,0
856,-1,50,0
856,-1,60,0
856,-1,70,1
857,-1,50,0
857,-1,60,0
857,-1,70,0
858,-1,50,0
858,-1,60,0
858,-1,70,0
859,-1,50,0
859,-1,60,0
859,-1,70,0
860,-1,50,1
860,-1,60,1
860,-1,70,1
861,-1,50,0
861,-1,60,0
861,-1,70,1
862,-1,50,0
862,-1,60,0
862,-1,70,0
863,-1,50,1
863,-1,60,1
863,-1,70,2
864,-1,50,0
864,-1,60,0
864,-1,70,1
865,-1,50,0
865,-1,60,1
865,-1,70,1
866,-1,50,0
866,-1,60,0
866,-1,70,1
867,65.332928,50,0
867,65.332928,60,1
867,65.332928,70,1
868,-1,50,0
868,-1,60,0
868,-1,70,0
869,-1,50,0
869,-1,60,0
869,-1,70,0
870,-1,50,0
870,-1,60,0
870,-1,70,0
871,67.57967838,50,0
871,67.57967838,60,1
871,67.57967838,70,2
872,-1,50,0
872,-1,60,0
872,-1,70,0
873,-1,50,0
873,-1,60,1
873,-1,70,2
874,-1,50,0
874,-1,60,0
874,-1,70,0
875,-1,50,0
875,-1,60,1
875,-1,70,2
876,-1,50,0
876,-1,60,0
876,-1,70,0
877,-1,50,0
877,-1,60,0
877,-1,70,0
878,-1,50,0
878,-1,60,1
878,-1,70,1
879,-1,50,0
879,-1,60,0
879,-1,70,0
880,59.44758725,50,1
880,59.44758725,60,1
880,59.44758725,70,0
881,-1,50,0
881,-1,60,0
881,-1,70,0
882,-1,50,0
882,-1,60,0
882,-1,70,0
883,-1,50,0
883,-1,60,0
883,-1,70,0
884,-1,50,0
884,-1,60,0
884,-1,70,0
885,-1,50,0
885,-1,60,0
885,-1,70,0
886,-1,50,0
886,-1,60,0
886,-1,70,0
887,-1,50,0
887,-1,60,1
887,-1,70,1
888,72.84700112,50,0
888,72.84700112,60,0
888,72.84700112,70,1
889,-1,50,1
889,-1,60,1
889,-1,70,1
890,-1,50,0
890,-1,60,1
890,-1,70,1
891,-1,50,0
891,-1,60,0
891,-1,70,0
892,63.535817,50,1
892,63.535817,60,1
892,63.535817,70,1
893,51.88980107,50,0
893,51.88980107,60,1
893,51.88980107,70,0
894,-1,50,0
894,-1,60,0
894,-1,70,1
895,-1,50,0
895,-1,60,0
895,-1,70,0
896,-1,50,0
896,-1,60,0
896,-1,70,0
897,-1,50,0
897,-1,60,1
897,-1,70,1
898,-1,50,0
898,-1,60,0
898,-1,70,1
899,-1,50,0
899,-1,60,0
899,-1,70,0
900,64.54053359,50,1
900,64.54053359,60,2
900,64.54053359,70,2
901,-1,50,0
901,-1,60,0
901,-1,70,0
902,-1,50,0
902,-1,60,0
902,-1,70,0
903,-1,50,0
903,-1,60,1
903,-1,70,1
904,-1,50,0
904,-1,60,0
904,-1,70,0
905,-1,50,0
905,-1,60,1
905,-1,70,1
906,69.65458884,50,0
906,69.65458884,60,1
906,69.65458884,70,1
907,-1,50,0
907,-1,60,0
907,-1,70,1
908,-1,50,1
908,-1,60,1
908,-1,70,1
909,-1,50,0
909,-1,60,0
909,-1,70,0
910,-1,50,0
910,-1,60,0
910,-1,70,0
911,-1,50,0
911,-1,60,1
911,-1,70,1
912,-1,50,0
912,-1,60,1
912,-1,70,1
913,-1,50,0
913,-1,60,0
913,-1,70,1
914,-1,50,0
914,-1,60,0
914,-1,70,0
915,-1,50,0
915,-1,60,0
915,-1,70,0
916,-1,50,0
916,-1,60,0
916,-1,70,0
917,-1,50,0
917,-1,60,0
917,-1,70,0
918,-1,50,0
918,-1,60,0
918,-1,70,0
919,79.87674685,50,1
919,79.87674685,60,1
919,79.87674685,70,1
920,-1,50,0
920,-1,60,0
920,-1,70,0
921,69.36831092,50,0
921,69.36831092,60,0
921,69.36831092,70,0
922,-1,50,1
922,-1,60,1
922,-1,70,1
923,-1,50,0
923,-1,60,0
923,-1,70,1
924,56.86427035,50,0
924,56.86427035,60,2
924,56.86427035,70,0
925,51.6181213,50,0
925,51.6181213,60,1
925,51.6181213,70,0
926,56.34037311,50,1
926,56.34037311,60,1
926,56.34037311,70,0
927,60.81548873,50,1
927,60.81548873,60,1
927,60.81548873,70,1
928,-1,50,0
928,-1,60,0
928,-1,70,1
929,-1,50,0
929,-1,60,0
929,-1,70,1
930,-1,50,0
930,-1,60,0
930,-1,70,0
931,-1,50,0
931,-1,60,0
931,-1,70,0
932,-1,50,0
932,-1,60,0
932,-1,70,1
933,65.05250765,50,0
933,65.05250765,60,1
933,65.05250765,70,1
934,-1,50,1
934,-1,60,1
934,-1,70,2
935,-1,50,1
935,-1,60,1
935,-1,70,1
936,-1,50,0
936,-1,60,0
936,-1,70,0
937,-1,50,0
937,-1,60,0
937,-1,70,0
938,-1,50,0
938,-1,60,0
938,-1,70,3
939,-1,50,0
939,-1,60,0
939,-1,70,0
940,-1,50,0
940,-1,60,0
940,-1,70,1
941,-1,50,0
941,-1,60,2
941,-1,70,3
942,-1,50,0
942,-1,60,0
942,-1,70,0
943,-1,50,0
943,-1,60,0
943,-1,70,0
944,-1,50,0
944,-1,60,0
944,-1,70,0
945,-1,50,0
945,-1,60,0
945,-1,70,0
946,-1,50,0
946,-1,60,0
946,-1,70,3
947,62.74685402,50,2
947,62.74685402,60,3
947,62.74685402,70,3
948,-1,50,0
948,-1,60,0
948,-1,70,0
949,-1,50,0
949,-1,60,0
949,-1,70,1
950,-1,50,1
950,-1,60,2
950,-1,70,2
951,46.13730725,50,1
951,46.13730725,60,0
951,46.13730725,70,0
952,-1,50,0
952,-1,60,0
952,-1,70,0
953,-1,50,0
953,-1,60,0
953,-1,70,0
954,-1,50,0
954,-1,60,1
954,-1,70,1
955,-1,50,0
955,-1,60,0
955,-1,70,0
956,-1,50,0
956,-1,60,0
956,-1,70,0
957,-1,50,0
957,-1,60,0
957,-1,70,0
958,-1,50,0
958,-1,60,0
958,-1,70,0
959,-1,50,0
959,-1,60,0
959,-1,70,1
960,-1,50,0
960,-1,60,0
960,-1,70,0
961,-1,50,0
961,-1,60,1
961,-1,70,2
962,-1,50,0
962,-1,60,0
962,-1,70,0
963,-1,50,0
963,-1,60,0
963,-1,70,0
964,-1,50,0
964,-1,60,0
964,-1,70,0
965,-1,50,0
965,-1,60,0
965,-1,70,0
966,47.83099988,50,1
966,47.83099988,60,0
966,47.83099988,70,0
967,-1,50,0
967,-1,60,0
967,-1,70,1
968,71.46489956,50,0
968,71.46489956,60,1
968,71.46489956,70,1
969,-1,50,0
969,-1,60,0
969,-1,70,0
970,76.52680968,50,0
970,76.52680968,60,1
970,76.52680968,70,1
971,-1,50,0
971,-1,60,0
971,-1,70,0
972,-1,50,0
972,-1,60,0
972,-1,70,1
973,-1,50,0
973,-1,60,0
973,-1,70,0
974,-1,50,0
974,-1,60,0
974,-1,70,0
975,-1,50,0
975,-1,60,1
975,-1,70,1
976,72.66760353,50,1
976,72.66760353,60,2
976,72.66760353,70,2
977,-1,50,0
977,-1,60,0
977,-1,70,0
978,-1,50,0
978,-1,60,0
978,-1,70,0
979,-1,50,0
979,-1,60,0
979,-1,70,0
980,-1,50,0
980,-1,60,0
980,-1,70,0
981,-1,50,0
981,-1,60,0
981,-1,70,0
982,-1,50,1
982,-1,60,1
982,-1,70,3
983,-1,50,0
983,-1,60,0
983,-1,70,0
984,-1,50,0
984,-1,60,1
984,-1,70,1
985,-1,50,0
985,-1,60,0
985,-1,70,0
986,-1,50,0
986,-1,60,1
986,-1,70,1
987,-1,50,0
987,-1,60,0
987,-1,70,0
988,73.86222556,50,1
988,73.86222556,60,2
988,73.86222556,70,2
989,-1,50,0
989,-1,60,0
989,-1,70,0
990,-1,50,0
990,-1,60,0
990,-1,70,0
991,-1,50,0
991,-1,60,0
991,-1,70,0
992,74.23303828,50,2
992,74.23303828,60,3
992,74.23303828,70,3
993,-1,50,0
993,-1,60,1
993,-1,70,2
994,-1,50,0
994,-1,60,0
994,-1,70,0
995,-1,50,0
995,-1,60,0
995,-1,70,0
996,-1,50,0
996,-1,60,0
996,-1,70,0
997,-1,50,0
997,-1,60,0
997,-1,70,0
998,-1,50,1
998,-1,60,1
998,-1,70,2
999,-1,50,0
999,-1,60,0
999,-1,70,0
1000,-1,50,0
1000,-1,60,0
1000,-1,70,0
1001,-1,50,1
1001,-1,60,1
1001,-1,70,1
1002,-1,50,0
1002,-1,60,0
1002,-1,70,0
1003,-1,50,0
1003,-1,60,1
1003,-1,70,1
1004,-1,50,0
1004,-1,60,0
1004,-1,70,0
1005,75.97634455,50,0
1005,75.97634455,60,0
1005,75.97634455,70,1
1006,-1,50,0
1006,-1,60,1
1006,-1,70,1
1007,-1,50,0
1007,-1,60,1
1007,-1,70,1
1008,-1,50,0
1008,-1,60,0
1008,-1,70,0
1009,-1,50,0
1009,-1,60,0
1009,-1,70,1
1010,-1,50,0
1010,-1,60,0
1010,-1,70,1
1011,-1,50,0
1011,-1,60,0
1011,-1,70,0
1012,-1,50,0
1012,-1,60,0
1012,-1,70,0
1013,-1,50,0
1013,-1,60,0
1013,-1,70,0
1014,-1,50,0
1014,-1,60,0
1014,-1,70,0
1015,-1,50,0
1015,-1,60,2
1015,-1,70,2
1016,-1,50,0
1016,-1,60,1
1016,-1,70,1
1017,-1,50,0
1017,-1,60,0
1017,-1,70,0
1018,-1,50,0
1018,-1,60,0
1018,-1,70,1
1019,-1,50,0
1019,-1,60,0
1019,-1,70,1
1020,-1,50,0
1020,-1,60,1
1020,-1,70,2
1021,-1,50,0
1021,-1,60,0
1021,-1,70,0
1022,-1,50,0
1022,-1,60,0
1022,-1,70,1
1023,-1,50,0
1023,-1,60,0
1023,-1,70,0
1024,-1,50,0
1024,-1,60,1
1024,-1,70,1
1025,-1,50,0
1025,-1,60,0
1025,-1,70,0
1026,-1,50,0
1026,-1,60,0
1026,-1,70,1
1027,-1,50,0
1027,-1,60,0
1027,-1,70,0
1028,-1,50,1
1028,-1,60,1
1028,-1,70,1
1029,-1,50,0
1029,-1,60,0
1029,-1,70,2
1030,-1,50,0
1030,-1,60,0
1030,-1,70,1
1031,76.58932066,50,1
1031,76.58932066,60,1
1031,76.58932066,70,2
1032,-1,50,0
1032,-1,60,0
1032,-1,70,2
1033,-1,50,0
1033,-1,60,0
1033,-1,70,1
1034,46.5396652,50,1
1034,46.5396652,60,0
1034,46.5396652,70,0
1035,72.31113932,50,1
1035,72.31113932,60,1
1035,72.31113932,70,2
1036,-1,50,0
1036,-1,60,0
1036,-1,70,0
1037,-1,50,0
1037,-1,60,0
1037,-1,70,0
1038,-1,50,1
1038,-1,60,1
1038,-1,70,1
1039,39.02945259,50,1
1039,39.02945259,60,0
1039,39.02945259,70,0
1040,-1,50,0
1040,-1,60,0
1040,-1,70,0
1041,-1,50,0
1041,-1,60,0
1041,-1,70,0
1042,-1,50,0
1042,-1,60,0
1042,-1,70,0
1043,-1,50,0
1043,-1,60,1
1043,-1,70,1
1044,-1,50,0
1044,-1,60,1
1044,-1,70,1
1045,-1,50,0
1045,-1,60,0
1045,-1,70,1
1046,-1,50,0
1046,-1,60,0
1046,-1,70,0
1047,-1,50,0
1047,-1,60,0
1047,-1,70,0
1048,-1,50,2
1048,-1,60,3
1048,-1,70,3
1049,-1,50,0
1049,-1,60,0
1049,-1,70,0
1050,-1,50,0
1050,-1,60,0
1050,-1,70,1
1051,-1,50,0
1051,-1,60,1
1051,-1,70,1
1052,42.11393506,50,1
1052,42.11393506,60,0
1052,42.11393506,70,0
1053,-1,50,0
1053,-1,60,1
1053,-1,70,2
1054,-1,50,0
1054,-1,60,0
1054,-1,70,0
1055,78.83640037,50,0
1055,78.83640037,60,1
1055,78.83640037,70,2
1056,-1,50,0
1056,-1,60,0
1056,-1,70,0
1057,-1,50,0
1057,-1,60,0
1057,-1,70,0
1058,-1,50,0
1058,-1,60,0
1058,-1,70,1
1059,-1,50,0
1059,-1,60,0
1059,-1,70,0
1060,57.66737126,50,0
1060,57.66737126,60,0
1060,57.66737126,70,0
1061,-1,50,0
1061,-1,60,0
1061,-1,70,0
1062,-1,50,0
1062,-1,60,0
1062,-1,70,0
1063,-1,50,0
1063,-1,60,0
1063,-1,70,0
1064,73.20640106,50,0
1064,73.20640106,60,1
1064,73.20640106,70,1
1065,-1,50,0
1065,-1,60,0
1065,-1,70,0
1066,-1,50,0
1066,-1,60,0
1066,-1,70,1
1067,-1,50,0
1067,-1,60,0
1067,-1,70,1
1068,-1,50,0
1068,-1,60,0
1068,-1,70,0
1069,-1,50,0
1069,-1,60,1
1069,-1,70,1
1070,-1,50,0
1070,-1,60,0
1070,-1,70,1
1071,-1,50,0
1071,-1,60,0
1071,-1,70,1
1072,-1,50,0
1072,-1,60,0
1072,-1,70,1
1073,-1,50,0
1073,-1,60,0
1073,-1,70,0
1074,-1,50,0
1074,-1,60,0
1074,-1,70,0
1075,-1,50,0
1075,-1,60,0
1075,-1,70,0
1076,-1,50,0
1076,-1,60,0
1076,-1,70,0
1077,-1,50,0
1077,-1,60,0
1077,-1,70,0
1078,-1,50,0
1078,-1,60,0
1078,-1,70,1
1079,-1,50,0
1079,-1,60,0
1079,-1,70,0
1080,-1,50,1
1080,-1,60,1
1080,-1,70,1
1081,-1,50,0
1081,-1,60,0
1081,-1,70,1
1082,-1,50,0
1082,-1,60,0
1082,-1,70,0
1083,-1,50,0
1083,-1,60,1
1083,-1,70,1
1084,-1,50,0
1084,-1,60,0
1084,-1,70,0
1085,-1,50,0
1085,-1,60,0
1085,-1,70,0
1086,-1,50,0
1086,-1,60,0
1086,-1,70,2
1087,-1,50,0
1087,-1,60,0
1087,-1,70,1
1088,-1,50,0
1088,-1,60,0
1088,-1,70,1
1089,-1,50,0
1089,-1,60,0
1089,-1,70,1
1090,33.08818234,50,0
1090,33.08818234,60,0
1090,33.08818234,70,0
1091,67.58946748,50,0
1091,67.58946748,60,2
1091,67.58946748,70,2
1092,-1,50,0
1092,-1,60,1
1092,-1,70,1
1093,67.64001449,50,0
1093,67.64001449,60,2
1093,67.64001449,70,2
1094,-1,50,0
1094,-1,60,0
1094,-1,70,0
1095,-1,50,0
1095,-1,60,0
1095,-1,70,0
1096,-1,50,0
1096,-1,60,0
1096,-1,70,1
1097,-1,50,0
1097,-1,60,0
1097,-1,70,0
1098,78.85932781,50,0
1098,78.85932781,60,1
1098,78.85932781,70,2
1099,-1,50,0
1099,-1,60,0
1099,-1,70,0
1100,-1,50,0
1100,-1,60,0
1100,-1,70,0
1101,-1,50,0
1101,-1,60,0
1101,-1,70,0
1102,-1,50,0
1102,-1,60,0
1102,-1,70,0
1103,-1,50,0
1103,-1,60,0
1103,-1,70,0
1104,69.66677377,50,0
1104,69.66677377,60,1
1104,69.66677377,70,1
1105,-1,50,0
1105,-1,60,1
1105,-1,70,1
1106,-1,50,0
1106,-1,60,0
1106,-1,70,0
1107,-1,50,0
1107,-1,60,0
1107,-1,70,0
1108,-1,50,0
1108,-1,60,0
1108,-1,70,0
1109,75.39461981,50,0
1109,75.39461981,60,1
1109,75.39461981,70,1
1110,-1,50,0
1110,-1,60,0
1110,-1,70,1
1111,-1,50,0
1111,-1,60,0
1111,-1,70,0
1112,-1,50,0
1112,-1,60,0
1112,-1,70,0
1113,-1,50,0
1113,-1,60,1
1113,-1,70,1
1114,-1,50,0
1114,-1,60,0
1114,-1,70,0
1115,-1,50,0
1115,-1,60,1
1115,-1,70,2
1116,-1,50,0
1116,-1,60,0
1116,-1,70,1
1117,-1,50,0
1117,-1,60,0
1117,-1,70,1
1118,-1,50,0
1118,-1,60,0
1118,-1,70,0
1119,-1,50,0
1119,-1,60,0
1119,-1,70,0
1120,-1,50,0
1120,-1,60,0
1120,-1,70,1
1121,-1,50,0
1121,-1,60,0
1121,-1,70,0
1122,-1,50,0
1122,-1,60,0
1122,-1,70,0
1123,76.71440674,50,1
1123,76.71440674,60,1
1123,76.71440674,70,2
1124,-1,50,0
1124,-1,60,0
1124,-1,70,1
1125,-1,50,1
1125,-1,60,1
1125,-1,70,1
1126,77.97921825,50,0
1126,77.97921825,60,0
1126,77.97921825,70,1
1127,-1,50,0
1127,-1,60,0
1127,-1,70,0
1128,74.92778904,50,1
1128,74.92778904,60,1
1128,74.92778904,70,1
1129,-1,50,0
1129,-1,60,0
1129,-1,70,0
1130,-1,50,0
1130,-1,60,2
1130,-1,70,4
1131,63.6359642,50,0
1131,63.6359642,60,1
1131,63.6359642,70,1
1132,-1,50,0
1132,-1,60,0
1132,-1,70,0
1133,61.31889082,50,0
1133,61.31889082,60,0
1133,61.31889082,70,0
1134,-1,50,0
1134,-1,60,0
1134,-1,70,0
1135,-1,50,0
1135,-1,60,0
1135,-1,70,0
1136,-1,50,0
1136,-1,60,0
1136,-1,70,0
1137,64.02257838,50,1
1137,64.02257838,60,1
1137,64.02257838,70,1
1138,67.41284723,50,0
1138,67.41284723,60,1
1138,67.41284723,70,2
1139,-1,50,0
1139,-1,60,1
1139,-1,70,1
1140,-1,50,0
1140,-1,60,0
1140,-1,70,1
1141,-1,50,0
1141,-1,60,0
1141,-1,70,0
1142,-1,50,0
1142,-1,60,0
1142,-1,70,0
1143,-1,50,0
1143,-1,60,0
1143,-1,70,0
1144,-1,50,0
1144,-1,60,0
1144,-1,70,1
1145,-1,50,0
1145,-1,60,1
1145,-1,70,1
1146,-1,50,0
1146,-1,60,0
1146,-1,70,0
1147,63.62829756,50,1
1147,63.62829756,60,1
1147,63.62829756,70,2
1148,-1,50,0
1148,-1,60,1
1148,-1,70,2
1149,-1,50,0
1149,-1,60,0
1149,-1,70,0
1150,-1,50,0
1150,-1,60,0
1150,-1,70,0
1151,-1,50,1
1151,-1,60,1
1151,-1,70,1
1152,52.60534079,50,1
1152,52.60534079,60,2
1152,52.60534079,70,0
1153,-1,50,0
1153,-1,60,0
1153,-1,70,1
1154,79.29245578,50,0
1154,79.29245578,60,0
1154,79.29245578,70,0
1155,-1,50,1
1155,-1,60,2
1155,-1,70,2
1156,-1,50,0
1156,-1,60,0
1156,-1,70,0
1157,73.25170179,50,1
1157,73.25170179,60,1
1157,73.25170179,70,1
1158,-1,50,0
1158,-1,60,1
1158,-1,70,1
1159,-1,50,0
1159,-1,60,0
1159,-1,70,0
1160,-1,50,1
1160,-1,60,1
1160,-1,70,1
1161,-1,50,0
1161,-1,60,1
1161,-1,70,1
1162,59.68151101,50,4
1162,59.68151101,60,4
1162,59.68151101,70,0
1163,-1,50,0
1163,-1,60,0
1163,-1,70,0
1164,-1,50,0
1164,-1,60,0
1164,-1,70,0
1165,-1,50,2
1165,-1,60,2
1165,-1,70,2
1166,-1,50,0
1166,-1,60,0
1166,-1,70,0
1167,62.32217391,50,2
1167,62.32217391,60,2
1167,62.32217391,70,3
1168,-1,50,0
1168,-1,60,0
1168,-1,70,1
1169,-1,50,0
1169,-1,60,0
1169,-1,70,0
1170,66.61230385,50,2
1170,66.61230385,60,3
1170,66.61230385,70,3
1171,-1,50,0
1171,-1,60,0
1171,-1,70,0
1172,-1,50,0
1172,-1,60,0
1172,-1,70,0
1173,-1,50,0
1173,-1,60,0
1173,-1,70,0
1174,-1,50,0
1174,-1,60,0
1174,-1,70,0
1175,-1,50,0
1175,-1,60,0
1175,-1,70,0
1176,-1,50,0
1176,-1,60,0
1176,-1,70,0
1177,-1,50,0
1177,-1,60,0
1177,-1,70,0
1178,74.79555214,50,0
1178,74.79555214,60,2
1178,74.79555214,70,3
1179,-1,50,0
1179,-1,60,0
1179,-1,70,2
1180,-1,50,1
1180,-1,60,1
1180,-1,70,1
1181,-1,50,0
1181,-1,60,0
1181,-1,70,0
1182,67.65581207,50,1
1182,67.65581207,60,1
1182,67.65581207,70,1
1183,-1,50,0
1183,-1,60,0
1183,-1,70,0
1184,-1,50,0
1184,-1,60,0
1184,-1,70,0
1185,-1,50,0
1185,-1,60,0
1185,-1,70,0
1186,-1,50,0
1186,-1,60,0
1186,-1,70,1
1187,-1,50,0
1187,-1,60,0
1187,-1,70,0
1188,-1,50,0
1188,-1,60,0
1188,-1,70,0
1189,-1,50,0
1189,-1,60,1
1189,-1,70,1
1190,-1,50,1
1190,-1,60,1
1190,-1,70,2
1191,76.87568301,50,0
1191,76.87568301,60,1
1191,76.87568301,70,1
1192,-1,50,0
1192,-1,60,1
1192,-1,70,1
1193,-1,50,0
1193,-1,60,0
1193,-1,70,0
1194,-1,50,0
1194,-1,60,0
1194,-1,70,1
1195,-1,50,0
1195,-1,60,0
1195,-1,70,0
1196,-1,50,0
1196,-1,60,0
1196,-1,70,0
1197,-1,50,0
1197,-1,60,0
1197,-1,70,0
1198,-1,50,1
1198,-1,60,1
1198,-1,70,1
1199,-1,50,0
1199,-1,60,0
1199,-1,70,0
1200,-1,50,0
1200,-1,60,0
1200,-1,70,0
1201,-1,50,0
1201,-1,60,0
1201,-1,70,0
1202,-1,50,0
1202,-1,60,0
1202,-1,70,0
1203,-1,50,0
1203,-1,60,0
1203,-1,70,0
1204,-1,50,0
1204,-1,60,0
1204,-1,70,0
1205,63.55143011,50,1
1205,63.55143011,60,1
1205,63.55143011,70,1
1206,-1,50,0
1206,-1,60,0
1206,-1,70,0
1207,48.84703464,50,1
1207,48.84703464,60,0
1207,48.84703464,70,0
1208,-1,50,0
1208,-1,60,0
1208,-1,70,0
1209,-1,50,0
1209,-1,60,0
1209,-1,70,0
1210,-1,50,0
1210,-1,60,0
1210,-1,70,0
1211,-1,50,0
1211,-1,60,0
1211,-1,70,0
1212,-1,50,0
1212,-1,60,0
1212,-1,70,1
1213,75.25992906,50,0
1213,75.25992906,60,0
1213,75.25992906,70,0
1214,-1,50,0
1214,-1,60,0
1214,-1,70,1
1215,-1,50,0
1215,-1,60,1
1215,-1,70,1
1216,-1,50,0
1216,-1,60,0
1216,-1,70,1
1217,-1,50,0
1217,-1,60,0
1217,-1,70,0
1218,-1,50,0
1218,-1,60,0
1218,-1,70,0
1219,-1,50,0
1219,-1,60,0
1219,-1,70,0
1220,-1,50,0
1220,-1,60,0
1220,-1,70,0
1221,78.24491231,50,1
1221,78.24491231,60,1
1221,78.24491231,70,1
1222,-1,50,0
1222,-1,60,1
1222,-1,70,1
1223,-1,50,0
1223,-1,60,1
1223,-1,70,1
1224,-1,50,0
1224,-1,60,0
1224,-1,70,0
1225,-1,50,0
1225,-1,60,0
1225,-1,70,0
1226,-1,50,0
1226,-1,60,0
1226,-1,70,0
1227,-1,50,0
1227,-1,60,0
1227,-1,70,0
1228,-1,50,0
1228,-1,60,0
1228,-1,70,0
1229,-1,50,0
1229,-1,60,0
1229,-1,70,1
1230,76.74652711,50,1
1230,76.74652711,60,1
1230,76.74652711,70,2
1231,-1,50,0
1231,-1,60,0
1231,-1,70,1
1232,-1,50,0
1232,-1,60,1
1232,-1,70,1
1233,-1,50,0
1233,-1,60,0
1233,-1,70,0
1234,48.04911837,50,1
1234,48.04911837,60,0
1234,48.04911837,70,0
1235,-1,50,0
1235,-1,60,0
1235,-1,70,2
1236,-1,50,0
1236,-1,60,0
1236,-1,70,0
1237,-1,50,1
1237,-1,60,1
1237,-1,70,1
1238,74.4543069,50,0
1238,74.4543069,60,1
1238,74.4543069,70,1
1239,-1,50,0
1239,-1,60,0
1239,-1,70,0
1240,-1,50,0
1240,-1,60,0
1240,-1,70,0
1241,62.03242432,50,1
1241,62.03242432,60,1
1241,62.03242432,70,2
1242,-1,50,0
1242,-1,60,1
1242,-1,70,1
1243,-1,50,0
1243,-1,60,0
1243,-1,70,0
1244,-1,50,0
1244,-1,60,0
1244,-1,70,0
1245,-1,50,0
1245,-1,60,0
1245,-1,70,0
1246,-1,50,0
1246,-1,60,1
1246,-1,70,1
1247,-1,50,0
1247,-1,60,0
1247,-1,70,0
1248,-1,50,0
1248,-1,60,0
1248,-1,70,0
1249,-1,50,0
1249,-1,60,0
1249,-1,70,0
1250,-1,50,0
1250,-1,60,1
1250,-1,70,1
1251,71.98449369,50,1
1251,71.98449369,60,1
1251,71.98449369,70,1
1252,77.31263552,50,1
1252,77.31263552,60,2
1252,77.31263552,70,2
1253,-1,50,0
1253,-1,60,0
1253,-1,70,0
1254,-1,50,1
1254,-1,60,1
1254,-1,70,1
1255,-1,50,0
1255,-1,60,0
1255,-1,70,0
1256,-1,50,0
1256,-1,60,0
1256,-1,70,0
1257,78.86893047,50,1
1257,78.86893047,60,1
1257,78.86893047,70,1
1258,-1,50,0
1258,-1,60,0
1258,-1,70,0
1259,-1,50,0
1259,-1,60,0
1259,-1,70,0
1260,-1,50,0
1260,-1,60,0
1260,-1,70,0
1261,-1,50,0
1261,-1,60,0
1261,-1,70,0
1262,-1,50,0
1262,-1,60,0
1262,-1,70,0
1263,-1,50,0
1263,-1,60,0
1263,-1,70,1
1264,-1,50,0
1264,-1,60,1
1264,-1,70,2
1265,-1,50,0
1265,-1,60,0
1265,-1,70,0
1266,60.5107111,50,1
1266,60.5107111,60,1
1266,60.5107111,70,1
1267,-1,50,0
1267,-1,60,0
1267,-1,70,0
1268,65.20085197,50,1
1268,65.20085197,60,2
1268,65.20085197,70,2
1269,-1,50,0
1269,-1,60,0
1269,-1,70,0
1270,-1,50,0
1270,-1,60,0
1270,-1,70,0
1271,-1,50,0
1271,-1,60,0
1271,-1,70,1
1272,-1,50,0
1272,-1,60,0
1272,-1,70,1
1273,-1,50,0
1273,-1,60,1
1273,-1,70,1
1274,-1,50,1
1274,-1,60,1
1274,-1,70,1
1275,-1,50,0
1275,-1,60,0
1275,-1,70,0
1276,69.93536663,50,0
1276,69.93536663,60,1
1276,69.93536663,70,1
1277,-1,50,0
1277,-1,60,0
1277,-1,70,0
1278,-1,50,0
1278,-1,60,0
1278,-1,70,1
1279,-1,50,1
1279,-1,60,1
1279,-1,70,2
1280,-1,50,0
1280,-1,60,0
1280,-1,70,0
1281,-1,50,0
1281,-1,60,0
1281,-1,70,0
1282,76.64431286,50,0
1282,76.64431286,60,0
1282,76.64431286,70,1
1283,-1,50,0
1283,-1,60,1
1283,-1,70,2
1284,-1,50,0
1284,-1,60,0
1284,-1,70,0
1285,-1,50,0
1285,-1,60,0
1285,-1,70,1
1286,-1,50,0
1286,-1,60,0
1286,-1,70,0
1287,-1,50,0
1287,-1,60,0
1287,-1,70,0
1288,-1,50,0
1288,-1,60,0
1288,-1,70,0
1289,-1,50,0
1289,-1,60,0
1289,-1,70,0
1290,-1,50,0
1290,-1,60,0
1290,-1,70,2
1291,66.3186262,50,1
1291,66.3186262,60,1
1291,66.3186262,70,3
1292,-1,50,1
1292,-1,60,1
1292,-1,70,2
1293,-1,50,1
1293,-1,60,1
1293,-1,70,1
1294,-1,50,0
1294,-1,60,0
1294,-1,70,1
1295,-1,50,0
1295,-1,60,0
1295,-1,70,0
1296,-1,50,0
1296,-1,60,0
1296,-1,70,0
1297,-1,50,0
1297,-1,60,0
1297,-1,70,0
1298,-1,50,1
1298,-1,60,1
1298,-1,70,2
1299,-1,50,0
1299,-1,60,1
1299,-1,70,1
1300,-1,50,0
1300,-1,60,0
1300,-1,70,0
1301,-1,50,0
1301,-1,60,0
1301,-1,70,1
1302,-1,50,0
1302,-1,60,1
1302,-1,70,1
1303,-1,50,0
1303,-1,60,1
1303,-1,70,1
1304,-1,50,0
1304,-1,60,0
1304,-1,70,0
1305,-1,50,0
1305,-1,60,0
1305,-1,70,0
1306,-1,50,0
1306,-1,60,0
1306,-1,70,1
1307,-1,50,0
1307,-1,60,0
1307,-1,70,2
1308,-1,50,1
1308,-1,60,1
1308,-1,70,1
1309,-1,50,1
1309,-1,60,1
1309,-1,70,1
1310,-1,50,0
1310,-1,60,1
1310,-1,70,2
1311,-1,50,0
1311,-1,60,0
1311,-1,70,0
1312,-1,50,1
1312,-1,60,1
1312,-1,70,1
1313,-1,50,0
1313,-1,60,0
1313,-1,70,0
1314,-1,50,0
1314,-1,60,0
1314,-1,70,0
1315,-1,50,0
1315,-1,60,0
1315,-1,70,0
1316,-1,50,0
1316,-1,60,1
1316,-1,70,1
1317,-1,50,0
1317,-1,60,0
1317,-1,70,1
1318,-1,50,0
1318,-1,60,0
1318,-1,70,0
1319,71.44822233,50,0
1319,71.44822233,60,0
1319,71.44822233,70,1
1320,71.57006073,50,0
1320,71.57006073,60,1
1320,71.57006073,70,1
1321,-1,50,0
1321,-1,60,2
1321,-1,70,3
1322,-1,50,0
1322,-1,60,0
1322,-1,70,0
1323,-1,50,1
1323,-1,60,1
1323,-1,70,1
1324,-1,50,0
1324,-1,60,0
1324,-1,70,0
1325,-1,50,0
1325,-1,60,0
1325,-1,70,1
1326,-1,50,0
1326,-1,60,0
1326,-1,70,0
1327,-1,50,0
1327,-1,60,0
1327,-1,70,0
1328,-1,50,0
1328,-1,60,0
1328,-1,70,0
1329,-1,50,0
1329,-1,60,0
1329,-1,70,0
1330,-1,50,0
1330,-1,60,0
1330,-1,70,0
1331,-1,50,0
1331,-1,60,0
1331,-1,70,0
1332,-1,50,0
1332,-1,60,1
1332,-1,70,1
1333,64.5302606,50,0
1333,64.5302606,60,1
1333,64.5302606,70,1
1334,-1,50,0
1334,-1,60,0
1334,-1,70,0
1335,-1,50,0
1335,-1,60,0
1335,-1,70,0
1336,-1,50,0
1336,-1,60,0
1336,-1,70,0
1337,-1,50,0
1337,-1,60,0
1337,-1,70,0
1338,-1,50,2
1338,-1,60,2
1338,-1,70,3
1339,-1,50,0
1339,-1,60,0
1339,-1,70,1
1340,-1,50,0
1340,-1,60,0
1340,-1,70,0
1341,-1,50,0
1341,-1,60,0
1341,-1,70,0
1342,-1,50,0
1342,-1,60,0
1342,-1,70,0
1343,-1,50,0
1343,-1,60,0
1343,-1,70,0
1344,-1,50,0
1344,-1,60,0
1344,-1,70,0
1345,-1,50,0
1345,-1,60,0
1345,-1,70,0
1346,57.82293382,50,1
1346,57.82293382,60,1
1346,57.82293382,70,0
1347,-1,50,0
1347,-1,60,0
1347,-1,70,1
1348,-1,50,0
1348,-1,60,1
1348,-1,70,2
1349,-1,50,0
1349,-1,60,0
1349,-1,70,0
1350,-1,50,0
1350,-1,60,0
1350,-1,70,0
1351,-1,50,0
1351,-1,60,0
1351,-1,70,0
1352,72.73764009,50,0
1352,72.73764009,60,1
1352,72.73764009,70,1
1353,-1,50,0
1353,-1,60,1
1353,-1,70,1
1354,-1,50,0
1354,-1,60,0
1354,-1,70,0
1355,-1,50,0
1355,-1,60,0
1355,-1,70,1
1356,-1,50,0
1356,-1,60,0
1356,-1,70,0
1357,-1,50,0
1357,-1,60,0
1357,-1,70,0
1358,-1,50,0
1358,-1,60,0
1358,-1,70,0
1359,61.69936895,50,1
1359,61.69936895,60,1
1359,61.69936895,70,2
1360,77.97163524,50,2
1360,77.97163524,60,2
1360,77.97163524,70,2
1361,-1,50,0
1361,-1,60,0
1361,-1,70,2
1362,72.41155575,50,0
1362,72.41155575,60,1
1362,72.41155575,70,3
1363,-1,50,0
1363,-1,60,0
1363,-1,70,0
1364,-1,50,0
1364,-1,60,0
1364,-1,70,0
1365,-1,50,0
1365,-1,60,0
1365,-1,70,0
1366,-1,50,0
1366,-1,60,0
1366,-1,70,0
1367,-1,50,0
1367,-1,60,0
1367,-1,70,0
1368,-1,50,0
1368,-1,60,1
1368,-1,70,1
1369,-1,50,0
1369,-1,60,0
1369,-1,70,0
1370,-1,50,0
1370,-1,60,0
1370,-1,70,0
1371,-1,50,0
1371,-1,60,1
1371,-1,70,1
1372,-1,50,0
1372,-1,60,0
1372,-1,70,1
1373,-1,50,0
1373,-1,60,0
1373,-1,70,1
1374,-1,50,0
1374,-1,60,0
1374,-1,70,0
1375,-1,50,0
1375,-1,60,0
1375,-1,70,0
1376,70.78779686,50,0
1376,70.78779686,60,0
1376,70.78779686,70,1
1377,74.58717392,50,1
1377,74.58717392,60,2
1377,74.58717392,70,2
1378,-1,50,0
1378,-1,60,0
1378,-1,70,0
1379,-1,50,0
1379,-1,60,0
1379,-1,70,1
1380,-1,50,0
1380,-1,60,0
1380,-1,70,0
1381,-1,50,0
1381,-1,60,1
1381,-1,70,1
1382,-1,50,0
1382,-1,60,0
1382,-1,70,1
1383,-1,50,0
1383,-1,60,1
1383,-1,70,1
1384,-1,50,0
1384,-1,60,1
1384,-1,70,1
1385,-1,50,0
1385,-1,60,0
1385,-1,70,0
1386,-1,50,0
1386,-1,60,0
1386,-1,70,0
1387,-1,50,0
1387,-1,60,0
1387,-1,70,0
1388,79.73845282,50,0
1388,79.73845282,60,0
1388,79.73845282,70,1
1389,-1,50,0
1389,-1,60,0
1389,-1,70,1
1390,-1,50,0
1390,-1,60,1
1390,-1,70,1
1391,-1,50,0
1391,-1,60,0
1391,-1,70,0
1392,-1,50,0
1392,-1,60,1
1392,-1,70,1
1393,-1,50,0
1393,-1,60,0
1393,-1,70,0
1394,-1,50,0
1394,-1,60,1
1394,-1,70,1
1395,-1,50,0
1395,-1,60,0
1395,-1,70,0
1396,-1,50,0
1396,-1,60,0
1396,-1,70,0
1397,-1,50,1
1397,-1,60,1
1397,-1,70,1
1398,62.71810147,50,1
1398,62.71810147,60,1
1398,62.71810147,70,2
1399,-1,50,0
1399,-1,60,0
1399,-1,70,0
1400,-1,50,0
1400,-1,60,1
1400,-1,70,3
1401,-1,50,0
1401,-1,60,1
1401,-1,70,1
1402,-1,50,0
1402,-1,60,0
1402,-1,70,0
1403,-1,50,1
1403,-1,60,1
1403,-1,70,1
1404,-1,50,0
1404,-1,60,0
1404,-1,70,0
1405,-1,50,0
1405,-1,60,0
1405,-1,70,1
1406,-1,50,0
1406,-1,60,0
1406,-1,70,0
1407,-1,50,0
1407,-1,60,0
1407,-1,70,0
1408,-1,50,0
1408,-1,60,0
1408,-1,70,0
1409,-1,50,0
1409,-1,60,0
1409,-1,70,0
1410,77.88981164,50,1
1410,77.88981164,60,2
1410,77.88981164,70,2
1411,-1,50,0
1411,-1,60,0
1411,-1,70,0
1412,62.45569495,50,1
1412,62.45569495,60,1
1412,62.45569495,70,1
1413,69.90199248,50,1
1413,69.90199248,60,1
1413,69.90199248,70,1
1414,-1,50,0
1414,-1,60,0
1414,-1,70,0
1415,-1,50,0
1415,-1,60,0
1415,-1,70,0
1416,-1,50,0
1416,-1,60,0
1416,-1,70,0
1417,-1,50,0
1417,-1,60,0
1417,-1,70,0
1418,-1,50,0
1418,-1,60,0
1418,-1,70,0
1419,-1,50,0
1419,-1,60,0
1419,-1,70,0
1420,-1,50,0
1420,-1,60,0
1420,-1,70,1
1421,-1,50,0
1421,-1,60,0
1421,-1,70,0
1422,61.56146609,50,0
1422,61.56146609,60,1
1422,61.56146609,70,1
1423,-1,50,0
1423,-1,60,0
1423,-1,70,0
1424,-1,50,0
1424,-1,60,0
1424,-1,70,0
1425,48.7614296,50,1
1425,48.7614296,60,0
1425,48.7614296,70,0
1426,-1,50,0
1426,-1,60,0
1426,-1,70,0
1427,75.93459947,50,0
1427,75.93459947,60,2
1427,75.93459947,70,2
1428,-1,50,0
1428,-1,60,0
1428,-1,70,2
1429,-1,50,0
1429,-1,60,1
1429,-1,70,1
1430,-1,50,0
1430,-1,60,0
1430,-1,70,0
1431,-1,50,1
1431,-1,60,1
1431,-1,70,2
1432,-1,50,0
1432,-1,60,1
1432,-1,70,2
1433,-1,50,0
1433,-1,60,0
1433,-1,70,0
1434,79.85886053,50,1
1434,79.85886053,60,2
1434,79.85886053,70,2
1435,-1,50,0
1435,-1,60,0
1435,-1,70,1
1436,-1,50,0
1436,-1,60,1
1436,-1,70,2
1437,62.91135105,50,1
1437,62.91135105,60,1
1437,62.91135105,70,1
1438,-1,50,0
1438,-1,60,0
1438,-1,70,0
1439,-1,50,0
1439,-1,60,0
1439,-1,70,0
1440,-1,50,0
1440,-1,60,0
1440,-1,70,0
1441,-1,50,0
1441,-1,60,0
1441,-1,70,0
1442,-1,50,0
1442,-1,60,0
1442,-1,70,0
1443,-1,50,0
1443,-1,60,0
1443,-1,70,0
1444,73.33453877,50,0
1444,73.33453877,60,0
1444,73.33453877,70,1
1445,-1,50,0
1445,-1,60,0
1445,-1,70,0
1446,-1,50,0
1446,-1,60,1
1446,-1,70,1
1447,-1,50,0
1447,-1,60,1
1447,-1,70,1
1448,-1,50,0
1448,-1,60,0
1448,-1,70,0
1449,-1,50,0
1449,-1,60,0
1449,-1,70,0
1450,-1,50,0
1450,-1,60,0
1450,-1,70,0
1451,-1,50,0
1451,-1,60,2
1451,-1,70,2
1452,-1,50,0
1452,-1,60,1
1452,-1,70,1
1453,-1,50,0
1453,-1,60,0
1453,-1,70,0
1454,76.8620128,50,0
1454,76.8620128,60,1
1454,76.8620128,70,3
1455,-1,50,0
1455,-1,60,0
1455,-1,70,0
1456,-1,50,1
1456,-1,60,1
1456,-1,70,1
1457,-1,50,0
1457,-1,60,0
1457,-1,70,1
1458,-1,50,0
1458,-1,60,1
1458,-1,70,1
1459,-1,50,0
1459,-1,60,0
1459,-1,70,0
1460,-1,50,0
1460,-1,60,0
1460,-1,70,1
1461,-1,50,0
1461,-1,60,0
1461,-1,70,0
1462,-1,50,0
1462,-1,60,0
1462,-1,70,1
1463,-1,50,0
1463,-1,60,0
1463,-1,70,0
1464,53.05638171,50,1
1464,53.05638171,60,1
1464,53.05638171,70,0
1465,-1,50,0
1465,-1,60,0
1465,-1,70,0
1466,-1,50,0
1466,-1,60,0
1466,-1,70,0
1467,-1,50,0
1467,-1,60,0
1467,-1,70,0
1468,-1,50,0
1468,-1,60,0
1468,-1,70,0
1469,74.96743561,50,1
1469,74.96743561,60,1
1469,74.96743561,70,1
1470,-1,50,0
1470,-1,60,1
1470,-1,70,1
1471,67.05762779,50,0
1471,67.05762779,60,0
1471,67.05762779,70,0
1472,-1,50,0
1472,-1,60,0
1472,-1,70,1
1473,-1,50,0
1473,-1,60,0
1473,-1,70,0
1474,-1,50,0
1474,-1,60,0
1474,-1,70,1
1475,-1,50,0
1475,-1,60,1
1475,-1,70,2
1476,-1,50,0
1476,-1,60,0
1476,-1,70,1
1477,-1,50,0
1477,-1,60,0
1477,-1,70,0
1478,-1,50,0
1478,-1,60,0
1478,-1,70,0
1479,-1,50,0
1479,-1,60,0
1479,-1,70,0
1480,-1,50,0
1480,-1,60,0
1480,-1,70,1
1481,71.47235137,50,1
1481,71.47235137,60,1
1481,71.47235137,70,1
1482,-1,50,0
1482,-1,60,0
1482,-1,70,0
1483,-1,50,0
1483,-1,60,0
1483,-1,70,0
1484,75.44796163,50,1
1484,75.44796163,60,1
1484,75.44796163,70,2
1485,-1,50,0
1485,-1,60,0
1485,-1,70,0
1486,72.65054053,50,1
1486,72.65054053,60,1
1486,72.65054053,70,1
1487,-1,50,0
1487,-1,60,0
1487,-1,70,0
1488,-1,50,0
1488,-1,60,1
1488,-1,70,1
1489,-1,50,0
1489,-1,60,0
1489,-1,70,0
1490,-1,50,0
1490,-1,60,0
1490,-1,70,0
1491,69.21330522,50,1
1491,69.21330522,60,1
1491,69.21330522,70,1
1492,-1,50,0
1492,-1,60,0
1492,-1,70,0
1493,72.71349517,50,0
1493,72.71349517,60,0
1493,72.71349517,70,0
1494,-1,50,0
1494,-1,60,0
1494,-1,70,1
1495,-1,50,0
1495,-1,60,0
1495,-1,70,0
1496,-1,50,0
1496,-1,60,0
1496,-1,70,0
1497,-1,50,0
1497,-1,60,0
1497,-1,70,1
1498,73.0560677,50,0
1498,73.0560677,60,1
1498,73.0560677,70,2
1499,-1,50,0
1499,-1,60,0
1499,-1,70,0
1500,-1,50,0
1500,-1,60,0
1500,-1,70,0
1501,-1,50,0
1501,-1,60,0
1501,-1,70,0
1502,-1,50,0
1502,-1,60,0
1502,-1,70,0
1503,-1,50,0
1503,-1,60,0
1503,-1,70,1
1504,-1,50,0
1504,-1,60,0
1504,-1,70,2
1505,71.91407257,50,2
1505,71.91407257,60,3
1505,71.91407257,70,3
1506,-1,50,0
1506,-1,60,0
1506,-1,70,0
1507,-1,50,0
1507,-1,60,0
1507,-1,70,1
1508,-1,50,0
1508,-1,60,2
1508,-1,70,3
1509,-1,50,0
1509,-1,60,0
1509,-1,70,0
1510,-1,50,0
1510,-1,60,0
1510,-1,70,1
1511,70.4740349,50,0
1511,70.4740349,60,1
1511,70.4740349,70,2
1512,-1,50,1
1512,-1,60,1
1512,-1,70,1
1513,-1,50,0
1513,-1,60,0
1513,-1,70,0
1514,-1,50,0
1514,-1,60,0
1514,-1,70,0
1515,-1,50,0
1515,-1,60,0
1515,-1,70,0
1516,-1,50,1
1516,-1,60,1
1516,-1,70,2
1517,-1,50,0
1517,-1,60,1
1517,-1,70,1
1518,-1,50,0
1518,-1,60,0
1518,-1,70,0
1519,-1,50,0
1519,-1,60,0
1519,-1,70,2
1520,46.76193786,50,2
1520,46.76193786,60,0
1520,46.76193786,70,0
1521,61.88635892,50,1
1521,61.88635892,60,1
1521,61.88635892,70,1
1522,76.8554284,50,0
1522,76.8554284,60,0
1522,76.8554284,70,3
1523,-1,50,0
1523,-1,60,0
1523,-1,70,0
1524,70.31275399,50,1
1524,70.31275399,60,1
1524,70.31275399,70,1
1525,67.76504051,50,1
1525,67.76504051,60,1
1525,67.76504051,70,1
1526,-1,50,0
1526,-1,60,0
1526,-1,70,1
1527,-1,50,1
1527,-1,60,1
1527,-1,70,2
1528,-1,50,0
1528,-1,60,0
1528,-1,70,1
1529,-1,50,0
1529,-1,60,0
1529,-1,70,0
1530,-1,50,1
1530,-1,60,3
1530,-1,70,3
1531,-1,50,0
1531,-1,60,0
1531,-1,70,0
1532,-1,50,0
1532,-1,60,0
1532,-1,70,2
1533,-1,50,0
1533,-1,60,0
1533,-1,70,0
1534,-1,50,1
1534,-1,60,1
1534,-1,70,1
1535,-1,50,0
1535,-1,60,0
1535,-1,70,0
1536,-1,50,0
1536,-1,60,0
1536,-1,70,0
1537,-1,50,0
1537,-1,60,0
1537,-1,70,0
1538,69.85634995,50,1
1538,69.85634995,60,1
1538,69.85634995,70,1
1539,-1,50,0
1539,-1,60,0
1539,-1,70,0
1540,78.52843507,50,0
1540,78.52843507,60,0
1540,78.52843507,70,1
1541,-1,50,0
1541,-1,60,0
1541,-1,70,2
1542,79.10188335,50,2
1542,79.10188335,60,2
1542,79.10188335,70,2
1543,-1,50,0
1543,-1,60,0
1543,-1,70,0
1544,71.76250391,50,1
1544,71.76250391,60,1
1544,71.76250391,70,1
1545,-1,50,0
1545,-1,60,0
1545,-1,70,1
1546,-1,50,0
1546,-1,60,0
1546,-1,70,0
1547,-1,50,0
1547,-1,60,0
1547,-1,70,0
1548,-1,50,0
1548,-1,60,1
1548,-1,70,1
1549,79.06227958,50,1
1549,79.06227958,60,1
1549,79.06227958,70,2
1550,-1,50,0
1550,-1,60,0
1550,-1,70,1
1551,-1,50,0
1551,-1,60,0
1551,-1,70,0
1552,-1,50,0
1552,-1,60,0
1552,-1,70,1
1553,-1,50,0
1553,-1,60,0
1553,-1,70,0
1554,-1,50,0
1554,-1,60,0
1554,-1,70,0
1555,66.99449068,50,2
1555,66.99449068,60,2
1555,66.99449068,70,2
1556,-1,50,0
1556,-1,60,0
1556,-1,70,1
1557,-1,50,0
1557,-1,60,1
1557,-1,70,1
1558,-1,50,0
1558,-1,60,0
1558,-1,70,1
1559,-1,50,0
1559,-1,60,0
1559,-1,70,0
1560,-1,50,0
1560,-1,60,0
1560,-1,70,0
1561,-1,50,0
1561,-1,60,0
1561,-1,70,1
1562,-1,50,1
1562,-1,60,1
1562,-1,70,1
1563,-1,50,0
1563,-1,60,0
1563,-1,70,0
1564,-1,50,0
1564,-1,60,0
1564,-1,70,0
1565,-1,50,0
1565,-1,60,0
1565,-1,70,0
1566,-1,50,0
1566,-1,60,1
1566,-1,70,1
1567,-1,50,0
1567,-1,60,1
1567,-1,70,1
1568,-1,50,0
1568,-1,60,0
1568,-1,70,0
1569,-1,50,0
1569,-1,60,0
1569,-1,70,0
1570,-1,50,0
1570,-1,60,0
1570,-1,70,0
1571,-1,50,0
1571,-1,60,0
1571,-1,70,0
1572,-1,50,0
1572,-1,60,0
1572,-1,70,1
1573,74.90864332,50,1
1573,74.90864332,60,1
1573,74.90864332,70,3
1574,-1,50,0
1574,-1,60,0
1574,-1,70,0
1575,-1,50,0
1575,-1,60,0
1575,-1,70,0
1576,-1,50,0
1576,-1,60,0
1576,-1,70,0
1577,57.94765559,50,0
1577,57.94765559,60,2
1577,57.94765559,70,0
1578,-1,50,0
1578,-1,60,0
1578,-1,70,0
1579,-1,50,0
1579,-1,60,0
1579,-1,70,0
1580,-1,50,0
1580,-1,60,0
1580,-1,70,0
1581,-1,50,1
1581,-1,60,1
1581,-1,70,2
1582,-1,50,0
1582,-1,60,0
1582,-1,70,0
1583,-1,50,0
1583,-1,60,0
1583,-1,70,0
1584,-1,50,0
1584,-1,60,0
1584,-1,70,0
1585,-1,50,0
1585,-1,60,0
1585,-1,70,1
1586,-1,50,0
1586,-1,60,0
1586,-1,70,1
1587,-1,50,0
1587,-1,60,0
1587,-1,70,0
1588,-1,50,0
1588,-1,60,0
1588,-1,70,0
1589,-1,50,0
1589,-1,60,0
1589,-1,70,1
1590,63.52817966,50,0
1590,63.52817966,60,1
1590,63.52817966,70,1
1591,-1,50,0
1591,-1,60,0
1591,-1,70,1
1592,-1,50,0
1592,-1,60,0
1592,-1,70,0
1593,-1,50,0
1593,-1,60,0
1593,-1,70,0
1594,-1,50,0
1594,-1,60,1
1594,-1,70,1
1595,-1,50,0
1595,-1,60,0
1595,-1,70,0
1596,-1,50,0
1596,-1,60,0
1596,-1,70,1
1597,-1,50,0
1597,-1,60,0
1597,-1,70,1
1598,-1,50,1
1598,-1,60,3
1598,-1,70,4
1599,-1,50,0
1599,-1,60,1
1599,-1,70,1
1600,-1,50,0
1600,-1,60,0
1600,-1,70,1
1601,-1,50,0
1601,-1,60,0
1601,-1,70,0
1602,-1,50,0
1602,-1,60,1
1602,-1,70,1
1603,-1,50,0
1603,-1,60,0
1603,-1,70,1
1604,-1,50,0
1604,-1,60,0
1604,-1,70,0
1605,-1,50,0
1605,-1,60,0
1605,-1,70,0
1606,-1,50,0
1606,-1,60,0
1606,-1,70,0
1607,-1,50,0
1607,-1,60,0
1607,-1,70,1
1608,-1,50,0
1608,-1,60,1
1608,-1,70,1
1609,79.10294406,50,1
1609,79.10294406,60,1
1609,79.10294406,70,1
1610,-1,50,0
1610,-1,60,0
1610,-1,70,0
1611,73.06438307,50,2
1611,73.06438307,60,2
1611,73.06438307,70,3
1612,-1,50,1
1612,-1,60,1
1612,-1,70,1
1613,-1,50,0
1613,-1,60,0
1613,-1,70,1
1614,64.93882705,50,0
1614,64.93882705,60,1
1614,64.93882705,70,2
1615,-1,50,0
1615,-1,60,0
1615,-1,70,0
1616,-1,50,0
1616,-1,60,0
1616,-1,70,0
1617,-1,50,0
1617,-1,60,0
1617,-1,70,2
1618,-1,50,0
1618,-1,60,0
1618,-1,70,0
1619,-1,50,0
1619,-1,60,0
1619,-1,70,1
1620,60.92432199,50,1
1620,60.92432199,60,1
1620,60.92432199,70,3
1621,-1,50,0
1621,-1,60,0
1621,-1,70,0
1622,-1,50,0
1622,-1,60,0
1622,-1,70,0
1623,-1,50,0
1623,-1,60,2
1623,-1,70,2
1624,-1,50,0
1624,-1,60,1
1624,-1,70,1
1625,-1,50,0
1625,-1,60,0
1625,-1,70,0
1626,-1,50,0
1626,-1,60,0
1626,-1,70,0
1627,-1,50,0
1627,-1,60,0
1627,-1,70,0
1628,-1,50,0
1628,-1,60,0
1628,-1,70,1
1629,-1,50,0
1629,-1,60,0
1629,-1,70,0
1630,-1,50,0
1630,-1,60,0
1630,-1,70,0
1631,-1,50,0
1631,-1,60,1
1631,-1,70,1
1632,-1,50,0
1632,-1,60,0
1632,-1,70,0
1633,-1,50,0
1633,-1,60,0
1633,-1,70,0
1634,-1,50,0
1634,-1,60,0
1634,-1,70,0
1635,-1,50,0
1635,-1,60,0
1635,-1,70,0
1636,-1,50,0
1636,-1,60,0
1636,-1,70,1
1637,-1,50,0
1637,-1,60,0
1637,-1,70,1
1638,-1,50,1
1638,-1,60,1
1638,-1,70,1
1639,-1,50,1
1639,-1,60,1
1639,-1,70,1
1640,-1,50,0
1640,-1,60,1
1640,-1,70,1
1641,68.23626277,50,0
1641,68.23626277,60,0
1641,68.23626277,70,2
1642,-1,50,0
1642,-1,60,0
1642,-1,70,1
1643,-1,50,0
1643,-1,60,0
1643,-1,70,1
1644,-1,50,0
1644,-1,60,0
1644,-1,70,0
1645,-1,50,0
1645,-1,60,0
1645,-1,70,0
1646,75.0686257,50,0
1646,75.0686257,60,0
1646,75.0686257,70,1
1647,-1,50,0
1647,-1,60,0
1647,-1,70,1
1648,-1,50,2
1648,-1,60,2
1648,-1,70,2
1649,-1,50,0
1649,-1,60,1
1649,-1,70,2
1650,-1,50,1
1650,-1,60,1
1650,-1,70,1
1651,-1,50,0
1651,-1,60,0
1651,-1,70,0
1652,-1,50,0
1652,-1,60,0
1652,-1,70,2
1653,78.40210776,50,1
1653,78.40210776,60,1
1653,78.40210776,70,1
1654,-1,50,0
1654,-1,60,1
1654,-1,70,2
1655,51.26576019,50,0
1655,51.26576019,60,1
1655,51.26576019,70,0
1656,65.23365277,50,1
1656,65.23365277,60,1
1656,65.23365277,70,1
1657,-1,50,0
1657,-1,60,0
1657,-1,70,1
1658,-1,50,0
1658,-1,60,0
1658,-1,70,0
1659,-1,50,1
1659,-1,60,2
1659,-1,70,2
1660,-1,50,0
1660,-1,60,0
1660,-1,70,1
1661,-1,50,0
1661,-1,60,1
1661,-1,70,1
1662,-1,50,0
1662,-1,60,0
1662,-1,70,2
1663,-1,50,0
1663,-1,60,0
1663,-1,70,0
1664,-1,50,0
1664,-1,60,1
1664,-1,70,1
1665,-1,50,1
1665,-1,60,1
1665,-1,70,1
1666,-1,50,0
1666,-1,60,0
1666,-1,70,0
1667,-1,50,0
1667,-1,60,0
1667,-1,70,0
1668,-1,50,0
1668,-1,60,0
1668,-1,70,0
1669,-1,50,0
1669,-1,60,0
1669,-1,70,0
1670,-1,50,0
1670,-1,60,0
1670,-1,70,1
1671,-1,50,0
1671,-1,60,0
1671,-1,70,0
1672,-1,50,0
1672,-1,60,0
1672,-1,70,0
1673,-1,50,0
1673,-1,60,0
1673,-1,70,0
1674,-1,50,0
1674,-1,60,1
1674,-1,70,1
1675,68.3986078,50,1
1675,68.3986078,60,1
1675,68.3986078,70,1
1676,76.66325765,50,0
1676,76.66325765,60,1
1676,76.66325765,70,1
1677,-1,50,0
1677,-1,60,0
1677,-1,70,0
1678,-1,50,0
1678,-1,60,1
1678,-1,70,1
1679,-1,50,0
1679,-1,60,1
1679,-1,70,1
1680,-1,50,0
1680,-1,60,0
1680,-1,70,0
1681,-1,50,0
1681,-1,60,0
1681,-1,70,0
1682,-1,50,0
1682,-1,60,1
1682,-1,70,1
1683,-1,50,0
1683,-1,60,0
1683,-1,70,0
1684,-1,50,0
1684,-1,60,0
1684,-1,70,0
1685,-1,50,0
1685,-1,60,0
1685,-1,70,2
1686,-1,50,0
1686,-1,60,0
1686,-1,70,0
1687,-1,50,0
1687,-1,60,0
1687,-1,70,0
1688,-1,50,1
1688,-1,60,1
1688,-1,70,1
1689,-1,50,0
1689,-1,60,0
1689,-1,70,0
1690,-1,50,0
1690,-1,60,0
1690,-1,70,1
1691,-1,50,0
1691,-1,60,0
1691,-1,70,0
1692,66.47958124,50,1
1692,66.47958124,60,1
1692,66.47958124,70,3
1693,-1,50,0
1693,-1,60,0
1693,-1,70,0
1694,-1,50,0
1694,-1,60,1
1694,-1,70,1
1695,-1,50,0
1695,-1,60,0
1695,-1,70,2
1696,78.90310984,50,1
1696,78.90310984,60,1
1696,78.90310984,70,1
1697,-1,50,0
1697,-1,60,0
1697,-1,70,1
1698,-1,50,0
1698,-1,60,0
1698,-1,70,1
1699,-1,50,0
1699,-1,60,0
1699,-1,70,0
1700,65.00471086,50,1
1700,65.00471086,60,1
1700,65.00471086,70,1
1701,-1,50,1
1701,-1,60,1
1701,-1,70,1
1702,-1,50,0
1702,-1,60,1
1702,-1,70,1
1703,58.09310201,50,0
1703,58.09310201,60,0
1703,58.09310201,70,0
1704,-1,50,0
1704,-1,60,1
1704,-1,70,1
1705,-1,50,0
1705,-1,60,0
1705,-1,70,1
1706,-1,50,1
1706,-1,60,1
1706,-1,70,2
1707,-1,50,0
1707,-1,60,0
1707,-1,70,0
1708,-1,50,0
1708,-1,60,1
1708,-1,70,1
1709,79.23411751,50,0
1709,79.23411751,60,0
1709,79.23411751,70,0
1710,-1,50,0
1710,-1,60,0
1710,-1,70,0
1711,62.68451002,50,0
1711,62.68451002,60,1
1711,62.68451002,70,1
1712,-1,50,0
1712,-1,60,1
1712,-1,70,1
1713,73.93298897,50,2
1713,73.93298897,60,2
1713,73.93298897,70,2
1714,-1,50,0
1714,-1,60,0
1714,-1,70,0
1715,-1,50,0
1715,-1,60,0
1715,-1,70,1
1716,-1,50,0
1716,-1,60,0
1716,-1,70,0
1717,-1,50,0
1717,-1,60,0
1717,-1,70,0
1718,52.77353376,50,0
1718,52.77353376,60,0
1718,52.77353376,70,0
1719,-1,50,0
1719,-1,60,0
1719,-1,70,1
1720,-1,50,0
1720,-1,60,0
1720,-1,70,3
1721,76.56463516,50,0
1721,76.56463516,60,0
1721,76.56463516,70,0
1722,-1,50,0
1722,-1,60,0
1722,-1,70,1
1723,-1,50,0
1723,-1,60,0
1723,-1,70,1
1724,-1,50,0
1724,-1,60,0
1724,-1,70,1
1725,-1,50,0
1725,-1,60,0
1725,-1,70,0
1726,-1,50,0
1726,-1,60,0
1726,-1,70,1
1727,-1,50,0
1727,-1,60,0
1727,-1,70,0
1728,-1,50,1
1728,-1,60,1
1728,-1,70,1
1729,-1,50,0
1729,-1,60,1
1729,-1,70,1
1730,-1,50,1
1730,-1,60,1
1730,-1,70,1
1731,-1,50,1
1731,-1,60,1
1731,-1,70,2
1732,-1,50,0
1732,-1,60,0
1732,-1,70,1
1733,-1,50,0
1733,-1,60,0
1733,-1,70,1
1734,-1,50,0
1734,-1,60,0
1734,-1,70,0
1735,-1,50,0
1735,-1,60,0
1735,-1,70,0
1736,78.95923313,50,1
1736,78.95923313,60,1
1736,78.95923313,70,1
1737,-1,50,0
1737,-1,60,1
1737,-1,70,1
1738,-1,50,0
1738,-1,60,0
1738,-1,70,0
1739,75.75843183,50,1
1739,75.75843183,60,1
1739,75.75843183,70,1
1740,-1,50,0
1740,-1,60,0
1740,-1,70,1
1741,-1,50,0
1741,-1,60,0
1741,-1,70,0
1742,-1,50,0
1742,-1,60,0
1742,-1,70,0
1743,-1,50,0
1743,-1,60,0
1743,-1,70,0
1744,-1,50,0
1744,-1,60,0
1744,-1,70,0
1745,74.18258827,50,1
1745,74.18258827,60,1
1745,74.18258827,70,1
1746,-1,50,0
1746,-1,60,0
1746,-1,70,0
1747,-1,50,0
1747,-1,60,0
1747,-1,70,0
1748,-1,50,0
1748,-1,60,0
1748,-1,70,0
1749,-1,50,0
1749,-1,60,0
1749,-1,70,1
1750,-1,50,1
1750,-1,60,1
1750,-1,70,2
1751,-1,50,0
1751,-1,60,0
1751,-1,70,0
1752,64.06893022,50,1
1752,64.06893022,60,2
1752,64.06893022,70,2
1753,-1,50,0
1753,-1,60,1
1753,-1,70,2
1754,-1,50,0
1754,-1,60,0
1754,-1,70,0
1755,-1,50,0
1755,-1,60,0
1755,-1,70,1
1756,-1,50,0
1756,-1,60,1
1756,-1,70,2
1757,-1,50,0
1757,-1,60,1
1757,-1,70,2
1758,-1,50,0
1758,-1,60,0
1758,-1,70,0
1759,-1,50,0
1759,-1,60,0
1759,-1,70,1
1760,27.83105538,50,1
1760,27.83105538,60,0
1760,27.83105538,70,0
1761,-1,50,0
1761,-1,60,0
1761,-1,70,0
1762,-1,50,0
1762,-1,60,0
1762,-1,70,1
1763,-1,50,0
1763,-1,60,0
1763,-1,70,0
1764,72.38166984,50,0
1764,72.38166984,60,1
1764,72.38166984,70,2
1765,-1,50,0
1765,-1,60,0
1765,-1,70,1
1766,-1,50,0
1766,-1,60,0
1766,-1,70,0
1767,-1,50,0
1767,-1,60,0
1767,-1,70,0
1768,-1,50,0
1768,-1,60,0
1768,-1,70,1
1769,-1,50,0
1769,-1,60,0
1769,-1,70,1
1770,-1,50,0
1770,-1,60,0
1770,-1,70,0
1771,-1,50,0
1771,-1,60,0
1771,-1,70,0
1772,71.3225341,50,0
1772,71.3225341,60,1
1772,71.3225341,70,1
1773,-1,50,0
1773,-1,60,1
1773,-1,70,2
1774,-1,50,0
1774,-1,60,0
1774,-1,70,1
1775,-1,50,0
1775,-1,60,0
1775,-1,70,0
1776,60.36328791,50,0
1776,60.36328791,60,1
1776,60.36328791,70,1
1777,59.50633513,50,0
1777,59.50633513,60,1
1777,59.50633513,70,0
1778,-1,50,0
1778,-1,60,0
1778,-1,70,0
1779,-1,50,0
1779,-1,60,1
1779,-1,70,1
1780,72.07138078,50,0
1780,72.07138078,60,0
1780,72.07138078,70,1
1781,-1,50,0
1781,-1,60,0
1781,-1,70,0
1782,65.67887031,50,0
1782,65.67887031,60,2
1782,65.67887031,70,2
1783,-1,50,0
1783,-1,60,0
1783,-1,70,1
1784,-1,50,1
1784,-1,60,1
1784,-1,70,2
1785,-1,50,0
1785,-1,60,1
1785,-1,70,1
1786,-1,50,0
1786,-1,60,0
1786,-1,70,1
1787,-1,50,0
1787,-1,60,0
1787,-1,70,0
1788,-1,50,0
1788,-1,60,0
1788,-1,70,0
1789,-1,50,0
1789,-1,60,0
1789,-1,70,0
1790,-1,50,0
1790,-1,60,0
1790,-1,70,0
1791,-1,50,0
1791,-1,60,0
1791,-1,70,0
1792,-1,50,0
1792,-1,60,0
1792,-1,70,0
1793,-1,50,0
1793,-1,60,0
1793,-1,70,0
1794,60.13003024,50,1
1794,60.13003024,60,1
1794,60.13003024,70,1
1795,-1,50,0
1795,-1,60,0
1795,-1,70,0
1796,-1,50,0
1796,-1,60,0
1796,-1,70,0
1797,-1,50,0
1797,-1,60,1
1797,-1,70,1
1798,-1,50,0
1798,-1,60,0
1798,-1,70,0
1799,-1,50,0
1799,-1,60,0
1799,-1,70,0
1800,-1,50,0
1800,-1,60,1
1800,-1,70,1
1801,-1,50,0
1801,-1,60,0
1801,-1,70,1
1802,-1,50,0
1802,-1,60,0
1802,-1,70,0
1803,57.06722686,50,1
1803,57.06722686,60,1
1803,57.06722686,70,0
1804,79.99863592,50,0
1804,79.99863592,60,1
1804,79.99863592,70,1
1805,-1,50,0
1805,-1,60,0
1805,-1,70,2
1806,-1,50,0
1806,-1,60,0
1806,-1,70,0
1807,-1,50,0
1807,-1,60,1
1807,-1,70,1
1808,-1,50,0
1808,-1,60,0
1808,-1,70,1
1809,-1,50,0
1809,-1,60,0
1809,-1,70,0
1810,-1,50,0
1810,-1,60,0
1810,-1,70,1
1811,-1,50,0
1811,-1,60,2
1811,-1,70,2
1812,-1,50,0
1812,-1,60,0
1812,-1,70,0
1813,-1,50,0
1813,-1,60,0
1813,-1,70,1
1814,-1,50,0
1814,-1,60,1
1814,-1,70,1
1815,-1,50,0
1815,-1,60,0
1815,-1,70,0
1816,-1,50,0
1816,-1,60,0
1816,-1,70,0
1817,73.66204547,50,0
1817,73.66204547,60,1
1817,73.66204547,70,2
1818,-1,50,0
1818,-1,60,0
1818,-1,70,0
1819,-1,50,0
1819,-1,60,0
1819,-1,70,0
1820,-1,50,0
1820,-1,60,0
1820,-1,70,0
1821,-1,50,0
1821,-1,60,1
1821,-1,70,2
1822,-1,50,0
1822,-1,60,0
1822,-1,70,1
1823,-1,50,0
1823,-1,60,0
1823,-1,70,0
1824,-1,50,0
1824,-1,60,2
1824,-1,70,2
1825,-1,50,0
1825,-1,60,0
1825,-1,70,0
1826,-1,50,0
1826,-1,60,0
1826,-1,70,0
1827,-1,50,0
1827,-1,60,1
1827,-1,70,1
1828,-1,50,0
1828,-1,60,0
1828,-1,70,0
1829,-1,50,0
1829,-1,60,0
1829,-1,70,0
1830,41.4203811,50,1
1830,41.4203811,60,0
1830,41.4203811,70,0
1831,-1,50,0
1831,-1,60,0
1831,-1,70,0
1832,-1,50,0
1832,-1,60,1
1832,-1,70,1
1833,-1,50,0
1833,-1,60,0
1833,-1,70,0
1834,-1,50,0
1834,-1,60,0
1834,-1,70,0
1835,-1,50,0
1835,-1,60,0
1835,-1,70,1
1836,-1,50,0
1836,-1,60,0
1836,-1,70,0
1837,-1,50,0
1837,-1,60,0
1837,-1,70,0
1838,-1,50,0
1838,-1,60,0
1838,-1,70,0
1839,-1,50,0
1839,-1,60,0
1839,-1,70,0
1840,-1,50,0
1840,-1,60,0
1840,-1,70,0
1841,-1,50,0
1841,-1,60,0
1841,-1,70,0
1842,-1,50,0
1842,-1,60,0
1842,-1,70,1
1843,68.84440491,50,0
1843,68.84440491,60,0
1843,68.84440491,70,0
1844,-1,50,0
1844,-1,60,0
1844,-1,70,0
1845,-1,50,0
1845,-1,60,0
1845,-1,70,0
1846,-1,50,0
1846,-1,60,0
1846,-1,70,0
1847,-1,50,0
1847,-1,60,0
1847,-1,70,0
1848,-1,50,0
1848,-1,60,0
1848,-1,70,1
1849,-1,50,0
1849,-1,60,0
1849,-1,70,0
1850,-1,50,0
1850,-1,60,0
1850,-1,70,1
1851,-1,50,0
1851,-1,60,0
1851,-1,70,0
1852,71.65131022,50,1
1852,71.65131022,60,1
1852,71.65131022,70,1
1853,56.55806415,50,1
1853,56.55806415,60,3
1853,56.55806415,70,0
1854,-1,50,0
1854,-1,60,0
1854,-1,70,1
1855,-1,50,0
1855,-1,60,0
1855,-1,70,1
1856,-1,50,0
1856,-1,60,0
1856,-1,70,0
1857,-1,50,0
1857,-1,60,0
1857,-1,70,2
1858,-1,50,0
1858,-1,60,0
1858,-1,70,1
1859,-1,50,0
1859,-1,60,0
1859,-1,70,1
1860,-1,50,0
1860,-1,60,0
1860,-1,70,1
1861,-1,50,0
1861,-1,60,0
1861,-1,70,0
1862,-1,50,0
1862,-1,60,0
1862,-1,70,0
1863,-1,50,0
1863,-1,60,0
1863,-1,70,0
1864,-1,50,0
1864,-1,60,0
1864,-1,70,0
1865,-1,50,0
1865,-1,60,0
1865,-1,70,0
1866,-1,50,0
1866,-1,60,1
1866,-1,70,1
1867,-1,50,0
1867,-1,60,0
1867,-1,70,0
1868,-1,50,0
1868,-1,60,0
1868,-1,70,1
1869,64.50957499,50,0
1869,64.50957499,60,1
1869,64.50957499,70,2
1870,72.62387577,50,0
1870,72.62387577,60,0
1870,72.62387577,70,1
1871,-1,50,0
1871,-1,60,1
1871,-1,70,1
1872,-1,50,0
1872,-1,60,0
1872,-1,70,0
1873,-1,50,0
1873,-1,60,0
1873,-1,70,0
1874,-1,50,0
1874,-1,60,2
1874,-1,70,2
1875,-1,50,0
1875,-1,60,0
1875,-1,70,0
1876,78.04435555,50,2
1876,78.04435555,60,2
1876,78.04435555,70,3
1877,-1,50,0
1877,-1,60,0
1877,-1,70,0
1878,66.16954706,50,1
1878,66.16954706,60,1
1878,66.16954706,70,2
1879,-1,50,0
1879,-1,60,0
1879,-1,70,0
1880,-1,50,0
1880,-1,60,0
1880,-1,70,1
1881,-1,50,0
1881,-1,60,0
1881,-1,70,1
1882,-1,50,0
1882,-1,60,1
1882,-1,70,1
1883,-1,50,0
1883,-1,60,0
1883,-1,70,0
1884,-1,50,0
1884,-1,60,0
1884,-1,70,2
1885,-1,50,0
1885,-1,60,0
1885,-1,70,0
1886,-1,50,0
1886,-1,60,0
1886,-1,70,0
1887,-1,50,0
1887,-1,60,1
1887,-1,70,2
1888,-1,50,0
1888,-1,60,0
1888,-1,70,0
1889,-1,50,0
1889,-1,60,0
1889,-1,70,0
1890,-1,50,0
1890,-1,60,1
1890,-1,70,2
1891,-1,50,0
1891,-1,60,0
1891,-1,70,1
1892,-1,50,0
1892,-1,60,0
1892,-1,70,0
1893,-1,50,0
1893,-1,60,0
1893,-1,70,0
1894,78.84070282,50,1
1894,78.84070282,60,1
1894,78.84070282,70,1
1895,-1,50,0
1895,-1,60,0
1895,-1,70,0
1896,-1,50,0
1896,-1,60,0
1896,-1,70,0
1897,-1,50,2
1897,-1,60,2
1897,-1,70,2
1898,-1,50,0
1898,-1,60,1
1898,-1,70,2
1899,-1,50,0
1899,-1,60,0
1899,-1,70,0
1900,55.00119689,50,0
1900,55.00119689,60,1
1900,55.00119689,70,0
1901,-1,50,0
1901,-1,60,0
1901,-1,70,0
1902,-1,50,0
1902,-1,60,0
1902,-1,70,0
1903,-1,50,0
1903,-1,60,0
1903,-1,70,0
1904,-1,50,0
1904,-1,60,0
1904,-1,70,0
1905,-1,50,0
1905,-1,60,0
1905,-1,70,0
1906,-1,50,0
1906,-1,60,1
1906,-1,70,1
1907,-1,50,0
1907,-1,60,1
1907,-1,70,1
1908,-1,50,0
1908,-1,60,0
1908,-1,70,0
1909,-1,50,0
1909,-1,60,0
1909,-1,70,0
1910,-1,50,0
1910,-1,60,0
1910,-1,70,0
1911,-1,50,0
1911,-1,60,0
1911,-1,70,0
1912,-1,50,0
1912,-1,60,0
1912,-1,70,0
1913,-1,50,0
1913,-1,60,0
1913,-1,70,0
1914,-1,50,0
1914,-1,60,0
1914,-1,70,0
1915,-1,50,0
1915,-1,60,0
1915,-1,70,0
1916,67.13848763,50,0
1916,67.13848763,60,1
1916,67.13848763,70,1
1917,79.24849761,50,0
1917,79.24849761,60,1
1917,79.24849761,70,1
1918,-1,50,0
1918,-1,60,0
1918,-1,70,0
1919,58.09961487,50,0
1919,58.09961487,60,0
1919,58.09961487,70,0
1920,-1,50,0
1920,-1,60,0
1920,-1,70,0
1921,-1,50,0
1921,-1,60,0
1921,-1,70,0
1922,-1,50,0
1922,-1,60,0
1922,-1,70,0
1923,-1,50,0
1923,-1,60,0
1923,-1,70,0
1924,-1,50,0
1924,-1,60,0
1924,-1,70,0
1925,-1,50,0
1925,-1,60,0
1925,-1,70,0
1926,-1,50,0
1926,-1,60,0
1926,-1,70,0
1927,64.89178003,50,1
1927,64.89178003,60,1
1927,64.89178003,70,1
1928,-1,50,0
1928,-1,60,0
1928,-1,70,1
1929,-1,50,0
1929,-1,60,0
1929,-1,70,0
1930,76.84275731,50,0
1930,76.84275731,60,0
1930,76.84275731,70,1
1931,-1,50,0
1931,-1,60,0
1931,-1,70,0
1932,-1,50,0
1932,-1,60,0
1932,-1,70,0
1933,76.44089783,50,1
1933,76.44089783,60,1
1933,76.44089783,70,1
1934,-1,50,0
1934,-1,60,0
1934,-1,70,0
1935,-1,50,0
1935,-1,60,0
1935,-1,70,0
1936,-1,50,0
1936,-1,60,0
1936,-1,70,0
1937,-1,50,0
1937,-1,60,0
1937,-1,70,1
1938,-1,50,0
1938,-1,60,0
1938,-1,70,0
1939,-1,50,0
1939,-1,60,0
1939,-1,70,1
1940,-1,50,0
1940,-1,60,1
1940,-1,70,2
1941,59.82292212,50,1
1941,59.82292212,60,2
1941,59.82292212,70,0
1942,-1,50,0
1942,-1,60,0
1942,-1,70,0
1943,35.45151531,50,1
1943,35.45151531,60,0
1943,35.45151531,70,0
1944,-1,50,0
1944,-1,60,0
1944,-1,70,0
1945,-1,50,0
1945,-1,60,0
1945,-1,70,0
1946,-1,50,0
1946,-1,60,0
1946,-1,70,1
1947,-1,50,0
1947,-1,60,1
1947,-1,70,1
1948,65.58130328,50,1
1948,65.58130328,60,2
1948,65.58130328,70,3
1949,-1,50,0
1949,-1,60,1
1949,-1,70,2
1950,-1,50,0
1950,-1,60,0
1950,-1,70,0
1951,-1,50,0
1951,-1,60,0
1951,-1,70,0
1952,-1,50,0
1952,-1,60,0
1952,-1,70,0
1953,-1,50,0
1953,-1,60,0
1953,-1,70,0
1954,-1,50,0
1954,-1,60,0
1954,-1,70,0
1955,-1,50,0
1955,-1,60,0
1955,-1,70,0
1956,-1,50,0
1956,-1,60,0
1956,-1,70,0
1957,-1,50,0
1957,-1,60,0
1957,-1,70,0
1958,-1,50,0
1958,-1,60,0
1958,-1,70,0
1959,-1,50,1
1959,-1,60,2
1959,-1,70,2
1960,-1,50,0
1960,-1,60,0
1960,-1,70,1
1961,-1,50,0
1961,-1,60,0
1961,-1,70,1
1962,-1,50,0
1962,-1,60,0
1962,-1,70,0
1963,-1,50,1
1963,-1,60,1
1963,-1,70,1
1964,-1,50,1
1964,-1,60,1
1964,-1,70,1
1965,-1,50,0
1965,-1,60,0
1965,-1,70,0
1966,-1,50,1
1966,-1,60,1
1966,-1,70,2
1967,-1,50,0
1967,-1,60,1
1967,-1,70,2
1968,-1,50,0
1968,-1,60,0
1968,-1,70,0
1969,-1,50,0
1969,-1,60,0
1969,-1,70,0
1970,-1,50,0
1970,-1,60,0
1970,-1,70,1
1971,-1,50,0
1971,-1,60,0
1971,-1,70,0
1972,-1,50,0
1972,-1,60,0
1972,-1,70,0
1973,76.70217228,50,0
1973,76.70217228,60,0
1973,76.70217228,70,1
1974,-1,50,0
1974,-1,60,0
1974,-1,70,2
1975,-1,50,0
1975,-1,60,0
1975,-1,70,0
1976,-1,50,1
1976,-1,60,1
1976,-1,70,2
1977,-1,50,0
1977,-1,60,0
1977,-1,70,0
1978,-1,50,0
1978,-1,60,0
1978,-1,70,0
1979,-1,50,0
1979,-1,60,0
1979,-1,70,0
1980,-1,50,0
1980,-1,60,0
1980,-1,70,0
1981,-1,50,0
1981,-1,60,1
1981,-1,70,1
1982,-1,50,0
1982,-1,60,0
1982,-1,70,0
1983,-1,50,0
1983,-1,60,1
1983,-1,70,2
1984,-1,50,1
1984,-1,60,1
1984,-1,70,1
1985,-1,50,0
1985,-1,60,0
1985,-1,70,1
1986,-1,50,0
1986,-1,60,1
1986,-1,70,1
1987,-1,50,0
1987,-1,60,0
1987,-1,70,1
1988,-1,50,1
1988,-1,60,1
1988,-1,70,2
1989,-1,50,0
1989,-1,60,0
1989,-1,70,0
1990,-1,50,0
1990,-1,60,0
1990,-1,70,0
1991,-1,50,0
1991,-1,60,1
1991,-1,70,1
1992,-1,50,0
1992,-1,60,1
1992,-1,70,1
1993,-1,50,0
1993,-1,60,0
1993,-1,70,1
1994,-1,50,0
1994,-1,60,0
1994,-1,70,0
1995,-1,50,0
1995,-1,60,0
1995,-1,70,0
1996,-1,50,0
1996,-1,60,0
1996,-1,70,0
1997,74.88832522,50,0
1997,74.88832522,60,0
1997,74.88832522,70,1
1998,-1,50,0
1998,-1,60,0
1998,-1,70,0
1999,-1,50,0
1999,-1,60,1
1999,-1,70,1
2000,-1,50,0
2000,-1,60,0
2000,-1,70,0
2001,-1,50,0
2001,-1,60,0
2001,-1,70,0
2002,-1,50,0
2002,-1,60,0
2002,-1,70,0
2003,-1,50,0
2003,-1,60,0
2003,-1,70,0
2004,78.67090112,50,2
2004,78.67090112,60,2
2004,78.67090112,70,2
2005,-1,50,0
2005,-1,60,0
2005,-1,70,0
2006,-1,50,0
2006,-1,60,0
2006,-1,70,0
2007,-1,50,0
2007,-1,60,0
2007,-1,70,1
2008,-1,50,0
2008,-1,60,0
2008,-1,70,0
2009,-1,50,0
2009,-1,60,1
2009,-1,70,2
2010,-1,50,0
2010,-1,60,0
2010,-1,70,0
2011,-1,50,0
2011,-1,60,0
2011,-1,70,1
2012,-1,50,0
2012,-1,60,0
2012,-1,70,0
2013,-1,50,0
2013,-1,60,0
2013,-1,70,1
2014,-1,50,0
2014,-1,60,0
2014,-1,70,1
2015,-1,50,0
2015,-1,60,0
2015,-1,70,2
2016,36.24393986,50,2
2016,36.24393986,60,0
2016,36.24393986,70,0
2017,-1,50,0
2017,-1,60,0
2017,-1,70,0
2018,-1,50,0
2018,-1,60,0
2018,-1,70,0
2019,-1,50,0
2019,-1,60,0
2019,-1,70,0
2020,-1,50,0
2020,-1,60,0
2020,-1,70,0
2021,-1,50,0
2021,-1,60,0
2021,-1,70,0
2022,-1,50,0
2022,-1,60,0
2022,-1,70,0
2023,-1,50,0
2023,-1,60,0
2023,-1,70,0
2024,74.45204475,50,1
2024,74.45204475,60,1
2024,74.45204475,70,1
2025,75.80457088,50,0
2025,75.80457088,60,1
2025,75.80457088,70,2
2026,-1,50,0
2026,-1,60,1
2026,-1,70,1
2027,-1,50,0
2027,-1,60,0
2027,-1,70,0
2028,-1,50,0
2028,-1,60,0
2028,-1,70,0
2029,-1,50,0
2029,-1,60,0
2029,-1,70,0
2030,-1,50,0
2030,-1,60,0
2030,-1,70,0
2031,-1,50,0
2031,-1,60,0
2031,-1,70,0
2032,-1,50,0
2032,-1,60,0
2032,-1,70,0
2033,-1,50,0
2033,-1,60,0
2033,-1,70,0
2034,74.84443687,50,1
2034,74.84443687,60,1
2034,74.84443687,70,1
2035,73.56910373,50,1
2035,73.56910373,60,2
2035,73.56910373,70,4
2036,-1,50,1
2036,-1,60,1
2036,-1,70,1
2037,75.26766332,50,1
2037,75.26766332,60,1
2037,75.26766332,70,1
2038,-1,50,0
2038,-1,60,0
2038,-1,70,0
2039,-1,50,0
2039,-1,60,0
2039,-1,70,0
2040,-1,50,0
2040,-1,60,0
2040,-1,70,1
2041,-1,50,0
2041,-1,60,0
2041,-1,70,0
2042,64.40976087,50,1
2042,64.40976087,60,2
2042,64.40976087,70,2
2043,-1,50,0
2043,-1,60,0
2043,-1,70,0
2044,-1,50,0
2044,-1,60,0
2044,-1,70,0
2045,-1,50,0
2045,-1,60,0
2045,-1,70,0
2046,-1,50,0
2046,-1,60,0
2046,-1,70,0
2047,-1,50,0
2047,-1,60,0
2047,-1,70,0
2048,79.48665316,50,1
2048,79.48665316,60,1
2048,79.48665316,70,2
2049,-1,50,0
2049,-1,60,0
2049,-1,70,1
2050,-1,50,0
2050,-1,60,0
2050,-1,70,0
2051,-1,50,0
2051,-1,60,0
2051,-1,70,0
2052,-1,50,0
2052,-1,60,0
2052,-1,70,0
2053,-1,50,0
2053,-1,60,0
2053,-1,70,1
2054,-1,50,0
2054,-1,60,0
2054,-1,70,0
2055,-1,50,0
2055,-1,60,0
2055,-1,70,0
2056,-1,50,0
2056,-1,60,0
2056,-1,70,0
2057,-1,50,0
2057,-1,60,0
2057,-1,70,0
2058,-1,50,1
2058,-1,60,2
2058,-1,70,2
2059,-1,50,0
2059,-1,60,1
2059,-1,70,1
2060,-1,50,0
2060,-1,60,0
2060,-1,70,1
2061,-1,50,0
2061,-1,60,0
2061,-1,70,0
2062,-1,50,0
2062,-1,60,0
2062,-1,70,0
2063,58.9348807,50,2
2063,58.9348807,60,2
2063,58.9348807,70,0
2064,-1,50,0
2064,-1,60,0
2064,-1,70,0
2065,-1,50,0
2065,-1,60,0
2065,-1,70,0
2066,-1,50,1
2066,-1,60,2
2066,-1,70,2
2067,-1,50,0
2067,-1,60,1
2067,-1,70,1
2068,72.88115004,50,1
2068,72.88115004,60,1
2068,72.88115004,70,2
2069,-1,50,0
2069,-1,60,0
2069,-1,70,1
2070,-1,50,0
2070,-1,60,1
2070,-1,70,1
2071,-1,50,0
2071,-1,60,0
2071,-1,70,1
2072,-1,50,0
2072,-1,60,1
2072,-1,70,1
2073,-1,50,0
2073,-1,60,0
2073,-1,70,0
2074,-1,50,0
2074,-1,60,0
2074,-1,70,0
2075,-1,50,0
2075,-1,60,0
2075,-1,70,0
2076,-1,50,1
2076,-1,60,1
2076,-1,70,1
2077,-1,50,0
2077,-1,60,1
2077,-1,70,1
2078,78.64147682,50,0
2078,78.64147682,60,0
2078,78.64147682,70,1
2079,-1,50,0
2079,-1,60,0
2079,-1,70,0
2080,-1,50,0
2080,-1,60,0
2080,-1,70,0
2081,-1,50,0
2081,-1,60,0
2081,-1,70,0
2082,-1,50,0
2082,-1,60,0
2082,-1,70,1
2083,-1,50,0
2083,-1,60,1
2083,-1,70,1
2084,69.34051081,50,0
2084,69.34051081,60,0
2084,69.34051081,70,1
2085,-1,50,0
2085,-1,60,0
2085,-1,70,0
2086,78.39173865,50,0
2086,78.39173865,60,1
2086,78.39173865,70,2
2087,-1,50,0
2087,-1,60,0
2087,-1,70,1
2088,-1,50,0
2088,-1,60,0
2088,-1,70,0
2089,-1,50,0
2089,-1,60,0
2089,-1,70,0
2090,-1,50,0
2090,-1,60,0
2090,-1,70,1
2091,-1,50,0
2091,-1,60,0
2091,-1,70,0
2092,65.36973474,50,1
2092,65.36973474,60,1
2092,65.36973474,70,1
2093,-1,50,0
2093,-1,60,0
2093,-1,70,0
2094,76.47897782,50,0
2094,76.47897782,60,0
2094,76.47897782,70,1
2095,-1,50,0
2095,-1,60,0
2095,-1,70,0
2096,-1,50,0
2096,-1,60,0
2096,-1,70,1
2097,-1,50,0
2097,-1,60,0
2097,-1,70,0
2098,-1,50,0
2098,-1,60,0
2098,-1,70,0
2099,-1,50,0
2099,-1,60,0
2099,-1,70,1
2100,-1,50,0
2100,-1,60,0
2100,-1,70,1
2101,-1,50,0
2101,-1,60,0
2101,-1,70,1
2102,-1,50,0
2102,-1,60,0
2102,-1,70,0
2103,74.596982,50,0
2103,74.596982,60,0
2103,74.596982,70,1
2104,62.8513899,50,1
2104,62.8513899,60,1
2104,62.8513899,70,1
2105,-1,50,0
2105,-1,60,0
2105,-1,70,1
2106,73.34700035,50,1
2106,73.34700035,60,2
2106,73.34700035,70,2
2107,-1,50,0
2107,-1,60,1
2107,-1,70,1
2108,-1,50,0
2108,-1,60,0
2108,-1,70,0
2109,-1,50,1
2109,-1,60,2
2109,-1,70,2
2110,78.43122574,50,1
2110,78.43122574,60,1
2110,78.43122574,70,1
2111,-1,50,0
2111,-1,60,0
2111,-1,70,0
2112,-1,50,0
2112,-1,60,1
2112,-1,70,2
2113,-1,50,0
2113,-1,60,2
2113,-1,70,3
2114,-1,50,0
2114,-1,60,0
2114,-1,70,0
2115,61.19807532,50,1
2115,61.19807532,60,2
2115,61.19807532,70,2
2116,-1,50,0
2116,-1,60,0
2116,-1,70,1
2117,-1,50,0
2117,-1,60,0
2117,-1,70,0
2118,-1,50,0
2118,-1,60,0
2118,-1,70,0
2119,-1,50,0
2119,-1,60,0
2119,-1,70,0
2120,-1,50,1
2120,-1,60,2
2120,-1,70,2
2121,-1,50,0
2121,-1,60,0
2121,-1,70,0
2122,63.81420748,50,1
2122,63.81420748,60,1
2122,63.81420748,70,1
2123,-1,50,1
2123,-1,60,1
2123,-1,70,1
2124,60.33090991,50,1
2124,60.33090991,60,1
2124,60.33090991,70,2
2125,-1,50,0
2125,-1,60,0
2125,-1,70,0
2126,-1,50,0
2126,-1,60,0
2126,-1,70,0
2127,-1,50,0
2127,-1,60,0
2127,-1,70,0
2128,-1,50,0
2128,-1,60,0
2128,-1,70,0
2129,-1,50,0
2129,-1,60,0
2129,-1,70,0
2130,-1,50,0
2130,-1,60,0
2130,-1,70,0
2131,-1,50,0
2131,-1,60,0
2131,-1,70,0
2132,-1,50,0
2132,-1,60,0
2132,-1,70,1
2133,-1,50,0
2133,-1,60,0
2133,-1,70,0
2134,-1,50,0
2134,-1,60,0
2134,-1,70,0
2135,67.17538224,50,1
2135,67.17538224,60,1
2135,67.17538224,70,2
2136,-1,50,1
2136,-1,60,1
2136,-1,70,2
2137,-1,50,0
2137,-1,60,0
2137,-1,70,0
2138,-1,50,0
2138,-1,60,0
2138,-1,70,0
2139,-1,50,0
2139,-1,60,0
2139,-1,70,0
2140,-1,50,0
2140,-1,60,0
2140,-1,70,0
2141,-1,50,0
2141,-1,60,0
2141,-1,70,0
2142,-1,50,0
2142,-1,60,0
2142,-1,70,2
2143,-1,50,0
2143,-1,60,0
2143,-1,70,1
2144,-1,50,0
2144,-1,60,0
2144,-1,70,1
2145,-1,50,0
2145,-1,60,0
2145,-1,70,0
2146,-1,50,0
2146,-1,60,1
2146,-1,70,1
2147,-1,50,0
2147,-1,60,0
2147,-1,70,0
2148,-1,50,0
2148,-1,60,0
2148,-1,70,0
2149,-1,50,0
2149,-1,60,0
2149,-1,70,0
2150,47.9006602,50,1
2150,47.9006602,60,0
2150,47.9006602,70,0
2151,-1,50,0
2151,-1,60,1
2151,-1,70,1
2152,-1,50,0
2152,-1,60,0
2152,-1,70,1
2153,-1,50,1
2153,-1,60,2
2153,-1,70,2
2154,-1,50,0
2154,-1,60,0
2154,-1,70,0
2155,-1,50,0
2155,-1,60,0
2155,-1,70,0
2156,-1,50,1
2156,-1,60,1
2156,-1,70,1
2157,54.14415537,50,0
2157,54.14415537,60,0
2157,54.14415537,70,0
2158,-1,50,0
2158,-1,60,0
2158,-1,70,0
2159,-1,50,0
2159,-1,60,0
2159,-1,70,0
2160,-1,50,0
2160,-1,60,0
2160,-1,70,1
2161,-1,50,0
2161,-1,60,0
2161,-1,70,0
2162,-1,50,0
2162,-1,60,0
2162,-1,70,0
2163,-1,50,0
2163,-1,60,0
2163,-1,70,0
2164,-1,50,0
2164,-1,60,0
2164,-1,70,0
2165,-1,50,0
2165,-1,60,0
2165,-1,70,0
2166,-1,50,0
2166,-1,60,0
2166,-1,70,0
2167,-1,50,0
2167,-1,60,0
2167,-1,70,2
2168,-1,50,0
2168,-1,60,0
2168,-1,70,0
2169,-1,50,0
2169,-1,60,0
2169,-1,70,0
2170,-1,50,0
2170,-1,60,0
2170,-1,70,0
2171,-1,50,0
2171,-1,60,0
2171,-1,70,0
2172,-1,50,1
2172,-1,60,2
2172,-1,70,2
2173,-1,50,0
2173,-1,60,0
2173,-1,70,0
2174,-1,50,0
2174,-1,60,0
2174,-1,70,0
2175,-1,50,0
2175,-1,60,0
2175,-1,70,0
2176,-1,50,0
2176,-1,60,0
2176,-1,70,0
2177,-1,50,0
2177,-1,60,0
2177,-1,70,0
2178,-1,50,0
2178,-1,60,0
2178,-1,70,0
2179,-1,50,0
2179,-1,60,0
2179,-1,70,0
2180,-1,50,0
2180,-1,60,0
2180,-1,70,0
2181,-1,50,0
2181,-1,60,0
2181,-1,70,1
2182,-1,50,0
2182,-1,60,0
2182,-1,70,0
2183,-1,50,0
2183,-1,60,0
2183,-1,70,0
2184,-1,50,0
2184,-1,60,0
2184,-1,70,0
2185,-1,50,0
2185,-1,60,0
2185,-1,70,0
2186,-1,50,0
2186,-1,60,0
2186,-1,70,0
2187,-1,50,1
2187,-1,60,1
2187,-1,70,1
2188,-1,50,1
2188,-1,60,2
2188,-1,70,2
2189,-1,50,0
2189,-1,60,0
2189,-1,70,0
2190,-1,50,0
2190,-1,60,1
2190,-1,70,1
2191,-1,50,0
2191,-1,60,0
2191,-1,70,0
2192,-1,50,0
2192,-1,60,0
2192,-1,70,0
2193,-1,50,0
2193,-1,60,0
2193,-1,70,0
2194,79.64787515,50,1
2194,79.64787515,60,1
2194,79.64787515,70,3
2195,-1,50,0
2195,-1,60,0
2195,-1,70,0
2196,-1,50,0
2196,-1,60,1
2196,-1,70,1
2197,-1,50,0
2197,-1,60,0
2197,-1,70,0
2198,-1,50,0
2198,-1,60,2
2198,-1,70,2
2199,-1,50,0
2199,-1,60,0
2199,-1,70,0
2200,58.9432333,50,0
2200,58.9432333,60,2
2200,58.9432333,70,0
2201,-1,50,0
2201,-1,60,0
2201,-1,70,0
2202,-1,50,0
2202,-1,60,1
2202,-1,70,1
2203,56.90434916,50,2
2203,56.90434916,60,2
2203,56.90434916,70,0
2204,-1,50,0
2204,-1,60,0
2204,-1,70,0
2205,-1,50,0
2205,-1,60,1
2205,-1,70,1
2206,-1,50,0
2206,-1,60,0
2206,-1,70,0
2207,-1,50,0
2207,-1,60,0
2207,-1,70,3
2208,-1,50,0
2208,-1,60,0
2208,-1,70,0
2209,-1,50,0
2209,-1,60,0
2209,-1,70,0
2210,-1,50,0
2210,-1,60,0
2210,-1,70,0
2211,-1,50,0
2211,-1,60,0
2211,-1,70,0
2212,-1,50,1
2212,-1,60,2
2212,-1,70,2
2213,-1,50,0
2213,-1,60,0
2213,-1,70,0
2214,-1,50,0
2214,-1,60,0
2214,-1,70,0
2215,-1,50,0
2215,-1,60,0
2215,-1,70,0
2216,-1,50,0
2216,-1,60,0
2216,-1,70,0
2217,-1,50,0
2217,-1,60,0
2217,-1,70,0
2218,79.47229725,50,0
2218,79.47229725,60,1
2218,79.47229725,70,2
2219,-1,50,0
2219,-1,60,0
2219,-1,70,0
2220,-1,50,0
2220,-1,60,0
2220,-1,70,0
2221,79.0689258,50,0
2221,79.0689258,60,1
2221,79.0689258,70,1
2222,-1,50,0
2222,-1,60,0
2222,-1,70,0
2223,-1,50,0
2223,-1,60,0
2223,-1,70,0
2224,-1,50,0
2224,-1,60,0
2224,-1,70,0
2225,-1,50,0
2225,-1,60,1
2225,-1,70,2
2226,-1,50,0
2226,-1,60,1
2226,-1,70,1
2227,-1,50,0
2227,-1,60,0
2227,-1,70,0
2228,-1,50,0
2228,-1,60,0
2228,-1,70,0
2229,73.8940024,50,0
2229,73.8940024,60,1
2229,73.8940024,70,1
2230,-1,50,0
2230,-1,60,1
2230,-1,70,1
2231,49.19981888,50,1
2231,49.19981888,60,0
2231,49.19981888,70,0
2232,-1,50,0
2232,-1,60,0
2232,-1,70,0
2233,52.14512407,50,1
2233,52.14512407,60,1
2233,52.14512407,70,0
2234,-1,50,1
2234,-1,60,1
2234,-1,70,2
2235,-1,50,0
2235,-1,60,0
2235,-1,70,0
2236,-1,50,0
2236,-1,60,0
2236,-1,70,0
2237,-1,50,0
2237,-1,60,0
2237,-1,70,0
2238,-1,50,1
2238,-1,60,1
2238,-1,70,1
2239,-1,50,0
2239,-1,60,0
2239,-1,70,0
2240,-1,50,0
2240,-1,60,0
2240,-1,70,0
2241,-1,50,0
2241,-1,60,0
2241,-1,70,0
2242,-1,50,0
2242,-1,60,0
2242,-1,70,0
2243,-1,50,0
2243,-1,60,0
2243,-1,70,0
2244,-1,50,0
2244,-1,60,1
2244,-1,70,1
2245,65.97734042,50,0
2245,65.97734042,60,1
2245,65.97734042,70,1
2246,-1,50,0
2246,-1,60,0
2246,-1,70,0
2247,72.07604514,50,1
2247,72.07604514,60,1
2247,72.07604514,70,1
2248,-1,50,0
2248,-1,60,0
2248,-1,70,0
2249,-1,50,0
2249,-1,60,0
2249,-1,70,0
2250,-1,50,0
2250,-1,60,0
2250,-1,70,0
2251,-1,50,0
2251,-1,60,0
2251,-1,70,0
2252,-1,50,0
2252,-1,60,1
2252,-1,70,1
2253,-1,50,0
2253,-1,60,0
2253,-1,70,1
2254,-1,50,0
2254,-1,60,1
2254,-1,70,1
2255,-1,50,0
2255,-1,60,1
2255,-1,70,1
2256,-1,50,0
2256,-1,60,1
2256,-1,70,1
2257,-1,50,0
2257,-1,60,0
2257,-1,70,1
2258,-1,50,0
2258,-1,60,1
2258,-1,70,2
2259,-1,50,0
2259,-1,60,0
2259,-1,70,0
2260,-1,50,0
2260,-1,60,0
2260,-1,70,0
2261,-1,50,0
2261,-1,60,0
2261,-1,70,0
2262,70.89111117,50,1
2262,70.89111117,60,1
2262,70.89111117,70,2
2263,-1,50,0
2263,-1,60,0
2263,-1,70,0
2264,-1,50,0
2264,-1,60,0
2264,-1,70,0
2265,-1,50,0
2265,-1,60,0
2265,-1,70,0
2266,-1,50,0
2266,-1,60,0
2266,-1,70,0
2267,-1,50,0
2267,-1,60,0
2267,-1,70,1
2268,-1,50,0
2268,-1,60,0
2268,-1,70,0
2269,79.6709587,50,1
2269,79.6709587,60,1
2269,79.6709587,70,1
2270,-1,50,0
2270,-1,60,0
2270,-1,70,0
2271,-1,50,0
2271,-1,60,0
2271,-1,70,0
2272,-1,50,1
2272,-1,60,1
2272,-1,70,1
2273,-1,50,0
2273,-1,60,0
2273,-1,70,0
2274,-1,50,0
2274,-1,60,0
2274,-1,70,0
2275,-1,50,0
2275,-1,60,0
2275,-1,70,0
2276,-1,50,0
2276,-1,60,0
2276,-1,70,0
2277,-1,50,0
2277,-1,60,0
2277,-1,70,0
2278,-1,50,0
2278,-1,60,0
2278,-1,70,1
2279,-1,50,1
2279,-1,60,1
2279,-1,70,1
2280,-1,50,0
2280,-1,60,0
2280,-1,70,0
2281,-1,50,0
2281,-1,60,0
2281,-1,70,0
2282,-1,50,0
2282,-1,60,0
2282,-1,70,0
2283,-1,50,0
2283,-1,60,0
2283,-1,70,0
2284,-1,50,0
2284,-1,60,0
2284,-1,70,0
2285,-1,50,0
2285,-1,60,0
2285,-1,70,0
2286,-1,50,0
2286,-1,60,0
2286,-1,70,1
2287,61.22908733,50,1
2287,61.22908733,60,2
2287,61.22908733,70,3
2288,-1,50,0
2288,-1,60,0
2288,-1,70,1
2289,-1,50,1
2289,-1,60,1
2289,-1,70,1
2290,-1,50,0
2290,-1,60,0
2290,-1,70,0
2291,78.09480841,50,0
2291,78.09480841,60,0
2291,78.09480841,70,1
2292,-1,50,0
2292,-1,60,1
2292,-1,70,2
2293,77.43328915,50,1
2293,77.43328915,60,2
2293,77.43328915,70,2
2294,77.05526939,50,0
2294,77.05526939,60,1
2294,77.05526939,70,2
2295,69.69901777,50,0
2295,69.69901777,60,1
2295,69.69901777,70,1
2296,-1,50,0
2296,-1,60,0
2296,-1,70,1
2297,-1,50,0
2297,-1,60,0
2297,-1,70,0
2298,-1,50,0
2298,-1,60,0
2298,-1,70,0
2299,-1,50,0
2299,-1,60,0
2299,-1,70,1
2300,-1,50,0
2300,-1,60,0
2300,-1,70,0
2301,-1,50,1
2301,-1,60,1
2301,-1,70,1
2302,-1,50,0
2302,-1,60,0
2302,-1,70,1
2303,-1,50,0
2303,-1,60,0
2303,-1,70,0
2304,-1,50,0
2304,-1,60,0
2304,-1,70,0
2305,-1,50,0
2305,-1,60,0
2305,-1,70,1
2306,-1,50,0
2306,-1,60,0
2306,-1,70,0
2307,-1,50,0
2307,-1,60,0
2307,-1,70,0
2308,76.2683319,50,1
2308,76.2683319,60,1
2308,76.2683319,70,1
2309,-1,50,0
2309,-1,60,0
2309,-1,70,0
2310,-1,50,0
2310,-1,60,1
2310,-1,70,2
2311,-1,50,0
2311,-1,60,0
2311,-1,70,0
2312,-1,50,0
2312,-1,60,0
2312,-1,70,1
2313,-1,50,0
2313,-1,60,0
2313,-1,70,0
2314,71.47907421,50,0
2314,71.47907421,60,1
2314,71.47907421,70,2
2315,-1,50,0
2315,-1,60,2
2315,-1,70,2
2316,-1,50,0
2316,-1,60,0
2316,-1,70,0
2317,-1,50,0
2317,-1,60,0
2317,-1,70,0
2318,-1,50,0
2318,-1,60,0
2318,-1,70,0
2319,-1,50,2
2319,-1,60,2
2319,-1,70,2
2320,-1,50,0
2320,-1,60,1
2320,-1,70,1
2321,-1,50,0
2321,-1,60,0
2321,-1,70,0
2322,-1,50,0
2322,-1,60,0
2322,-1,70,0
2323,-1,50,0
2323,-1,60,2
2323,-1,70,3
2324,-1,50,0
2324,-1,60,2
2324,-1,70,3
2325,-1,50,0
2325,-1,60,0
2325,-1,70,0
2326,-1,50,0
2326,-1,60,0
2326,-1,70,0
2327,79.44604436,50,0
2327,79.44604436,60,0
2327,79.44604436,70,1
2328,-1,50,0
2328,-1,60,0
2328,-1,70,0
2329,-1,50,0
2329,-1,60,0
2329,-1,70,1
2330,-1,50,0
2330,-1,60,0
2330,-1,70,0
2331,-1,50,2
2331,-1,60,2
2331,-1,70,3
2332,-1,50,0
2332,-1,60,0
2332,-1,70,0
2333,-1,50,0
2333,-1,60,0
2333,-1,70,2
2334,-1,50,0
2334,-1,60,0
2334,-1,70,0
2335,-1,50,0
2335,-1,60,2
2335,-1,70,2
2336,-1,50,0
2336,-1,60,0
2336,-1,70,0
2337,64.16217585,50,0
2337,64.16217585,60,0
2337,64.16217585,70,2
2338,-1,50,1
2338,-1,60,1
2338,-1,70,1
2339,69.83357079,50,0
2339,69.83357079,60,0
2339,69.83357079,70,2
2340,-1,50,0
2340,-1,60,0
2340,-1,70,0
2341,-1,50,0
2341,-1,60,0
2341,-1,70,0
2342,-1,50,0
2342,-1,60,2
2342,-1,70,2
2343,-1,50,0
2343,-1,60,1
2343,-1,70,1
2344,-1,50,0
2344,-1,60,0
2344,-1,70,0
2345,-1,50,0
2345,-1,60,0
2345,-1,70,0
2346,-1,50,0
2346,-1,60,0
2346,-1,70,0
2347,74.60168843,50,2
2347,74.60168843,60,2
2347,74.60168843,70,2
2348,-1,50,1
2348,-1,60,1
2348,-1,70,1
2349,-1,50,0
2349,-1,60,0
2349,-1,70,2
2350,-1,50,0
2350,-1,60,0
2350,-1,70,0
2351,-1,50,0
2351,-1,60,1
2351,-1,70,1
2352,-1,50,1
2352,-1,60,1
2352,-1,70,1
2353,-1,50,1
2353,-1,60,1
2353,-1,70,2
2354,-1,50,0
2354,-1,60,0
2354,-1,70,0
2355,-1,50,0
2355,-1,60,0
2355,-1,70,1
2356,-1,50,0
2356,-1,60,0
2356,-1,70,1
2357,38.57437797,50,0
2357,38.57437797,60,0
2357,38.57437797,70,0
2358,-1,50,0
2358,-1,60,0
2358,-1,70,1
2359,-1,50,0
2359,-1,60,0
2359,-1,70,0
2360,-1,50,0
2360,-1,60,0
2360,-1,70,0
2361,-1,50,0
2361,-1,60,0
2361,-1,70,0
2362,-1,50,0
2362,-1,60,0
2362,-1,70,0
2363,-1,50,0
2363,-1,60,0
2363,-1,70,0
2364,-1,50,0
2364,-1,60,0
2364,-1,70,0
2365,-1,50,0
2365,-1,60,0
2365,-1,70,2
2366,-1,50,0
2366,-1,60,0
2366,-1,70,1
2367,78.00397196,50,0
2367,78.00397196,60,2
2367,78.00397196,70,2
2368,-1,50,0
2368,-1,60,1
2368,-1,70,1
2369,-1,50,0
2369,-1,60,2
2369,-1,70,2
2370,79.29751006,50,0
2370,79.29751006,60,1
2370,79.29751006,70,1
2371,-1,50,0
2371,-1,60,0
2371,-1,70,0
2372,-1,50,0
2372,-1,60,0
2372,-1,70,0
2373,-1,50,0
2373,-1,60,0
2373,-1,70,0
2374,-1,50,1
2374,-1,60,1
2374,-1,70,3
2375,-1,50,0
2375,-1,60,1
2375,-1,70,2
2376,-1,50,0
2376,-1,60,1
2376,-1,70,1
2377,-1,50,0
2377,-1,60,1
2377,-1,70,1
2378,-1,50,0
2378,-1,60,0
2378,-1,70,1
2379,-1,50,0
2379,-1,60,0
2379,-1,70,1
2380,75.96448938,50,0
2380,75.96448938,60,2
2380,75.96448938,70,3
2381,-1,50,0
2381,-1,60,0
2381,-1,70,1
2382,56.71313717,50,1
2382,56.71313717,60,2
2382,56.71313717,70,0
2383,-1,50,0
2383,-1,60,0
2383,-1,70,1
2384,-1,50,0
2384,-1,60,0
2384,-1,70,0
2385,77.99377004,50,1
2385,77.99377004,60,1
2385,77.99377004,70,1
2386,-1,50,0
2386,-1,60,0
2386,-1,70,0
2387,68.71228306,50,0
2387,68.71228306,60,2
2387,68.71228306,70,2
2388,63.32888914,50,0
2388,63.32888914,60,0
2388,63.32888914,70,1
2389,79.54553835,50,1
2389,79.54553835,60,1
2389,79.54553835,70,1
2390,-1,50,0
2390,-1,60,0
2390,-1,70,1
2391,-1,50,0
2391,-1,60,0
2391,-1,70,0
2392,-1,50,0
2392,-1,60,0
2392,-1,70,0
2393,-1,50,0
2393,-1,60,0
2393,-1,70,0
2394,-1,50,0
2394,-1,60,0
2394,-1,70,0
2395,-1,50,0
2395,-1,60,0
2395,-1,70,0
2396,64.24523596,50,0
2396,64.24523596,60,1
2396,64.24523596,70,1
2397,-1,50,0
2397,-1,60,0
2397,-1,70,0
2398,-1,50,0
2398,-1,60,0
2398,-1,70,0
2399,-1,50,0
2399,-1,60,0
2399,-1,70,1
2400,-1,50,0
2400,-1,60,0
2400,-1,70,0
2401,61.80172837,50,1
2401,61.80172837,60,1
2401,61.80172837,70,1
2402,74.84444123,50,1
2402,74.84444123,60,1
2402,74.84444123,70,1
2403,-1,50,0
2403,-1,60,0
2403,-1,70,0
2404,79.84295218,50,0
2404,79.84295218,60,1
2404,79.84295218,70,3
2405,-1,50,0
2405,-1,60,0
2405,-1,70,1
2406,49.57881253,50,1
2406,49.57881253,60,0
2406,49.57881253,70,0
2407,-1,50,0
2407,-1,60,0
2407,-1,70,0
2408,-1,50,0
2408,-1,60,0
2408,-1,70,1
2409,-1,50,0
2409,-1,60,0
2409,-1,70,2
2410,-1,50,0
2410,-1,60,1
2410,-1,70,1
2411,-1,50,0
2411,-1,60,0
2411,-1,70,0
2412,-1,50,0
2412,-1,60,0
2412,-1,70,0
2413,-1,50,0
2413,-1,60,1
2413,-1,70,1
2414,-1,50,0
2414,-1,60,1
2414,-1,70,1
2415,-1,50,1
2415,-1,60,1
2415,-1,70,2
2416,-1,50,0
2416,-1,60,0
2416,-1,70,0
2417,-1,50,0
2417,-1,60,1
2417,-1,70,1
2418,-1,50,0
2418,-1,60,0
2418,-1,70,0
2419,-1,50,0
2419,-1,60,0
2419,-1,70,1
2420,-1,50,0
2420,-1,60,1
2420,-1,70,1
2421,-1,50,0
2421,-1,60,0
2421,-1,70,0
2422,-1,50,0
2422,-1,60,0
2422,-1,70,0
2423,-1,50,0
2423,-1,60,1
2423,-1,70,1
2424,-1,50,0
2424,-1,60,0
2424,-1,70,0
2425,-1,50,0
2425,-1,60,0
2425,-1,70,0
2426,-1,50,0
2426,-1,60,1
2426,-1,70,1
2427,-1,50,0
2427,-1,60,0
2427,-1,70,0
2428,-1,50,0
2428,-1,60,0
2428,-1,70,0
2429,-1,50,0
2429,-1,60,0
2429,-1,70,0
2430,-1,50,0
2430,-1,60,0
2430,-1,70,0
2431,-1,50,0
2431,-1,60,0
2431,-1,70,0
2432,-1,50,0
2432,-1,60,1
2432,-1,70,1
2433,-1,50,0
2433,-1,60,0
2433,-1,70,2
2434,-1,50,0
2434,-1,60,0
2434,-1,70,1
2435,-1,50,0
2435,-1,60,0
2435,-1,70,0
2436,59.52535511,50,0
2436,59.52535511,60,0
2436,59.52535511,70,0
2437,-1,50,0
2437,-1,60,0
2437,-1,70,0
2438,-1,50,0
2438,-1,60,0
2438,-1,70,0
2439,-1,50,0
2439,-1,60,0
2439,-1,70,0
2440,-1,50,0
2440,-1,60,0
2440,-1,70,0
2441,64.40952076,50,0
2441,64.40952076,60,1
2441,64.40952076,70,1
2442,-1,50,0
2442,-1,60,0
2442,-1,70,0
2443,-1,50,0
2443,-1,60,0
2443,-1,70,0
2444,-1,50,0
2444,-1,60,0
2444,-1,70,1
2445,-1,50,0
2445,-1,60,0
2445,-1,70,0
2446,-1,50,0
2446,-1,60,0
2446,-1,70,1
2447,-1,50,0
2447,-1,60,1
2447,-1,70,1
2448,-1,50,0
2448,-1,60,0
2448,-1,70,1
2449,-1,50,0
2449,-1,60,0
2449,-1,70,0
2450,-1,50,0
2450,-1,60,0
2450,-1,70,0
2451,-1,50,0
2451,-1,60,0
2451,-1,70,0
2452,-1,50,0
2452,-1,60,1
2452,-1,70,1
2453,-1,50,0
2453,-1,60,0
2453,-1,70,0
2454,79.29824819,50,1
2454,79.29824819,60,3
2454,79.29824819,70,3
2455,75.03081664,50,1
2455,75.03081664,60,1
2455,75.03081664,70,2
2456,73.57705454,50,0
2456,73.57705454,60,0
2456,73.57705454,70,1
2457,-1,50,0
2457,-1,60,0
2457,-1,70,0
2458,-1,50,0
2458,-1,60,0
2458,-1,70,0
2459,-1,50,0
2459,-1,60,0
2459,-1,70,0
2460,-1,50,0
2460,-1,60,1
2460,-1,70,1
2461,-1,50,0
2461,-1,60,0
2461,-1,70,0
2462,-1,50,0
2462,-1,60,0
2462,-1,70,0
2463,73.89715735,50,0
2463,73.89715735,60,0
2463,73.89715735,70,3
2464,-1,50,0
2464,-1,60,0
2464,-1,70,1
2465,-1,50,0
2465,-1,60,0
2465,-1,70,0
2466,-1,50,0
2466,-1,60,0
2466,-1,70,0
2467,-1,50,0
2467,-1,60,0
2467,-1,70,0
2468,-1,50,1
2468,-1,60,1
2468,-1,70,1
2469,77.00449702,50,1
2469,77.00449702,60,1
2469,77.00449702,70,1
2470,-1,50,0
2470,-1,60,0
2470,-1,70,0
2471,-1,50,0
2471,-1,60,1
2471,-1,70,1
2472,-1,50,0
2472,-1,60,0
2472,-1,70,0
2473,73.79157797,50,1
2473,73.79157797,60,1
2473,73.79157797,70,1
2474,-1,50,0
2474,-1,60,0
2474,-1,70,1
2475,-1,50,0
2475,-1,60,0
2475,-1,70,1
2476,59.06222253,50,0
2476,59.06222253,60,0
2476,59.06222253,70,0
2477,-1,50,0
2477,-1,60,0
2477,-1,70,1
2478,-1,50,1
2478,-1,60,1
2478,-1,70,1
2479,77.9497333,50,1
2479,77.9497333,60,2
2479,77.9497333,70,3
2480,-1,50,0
2480,-1,60,0
2480,-1,70,0
2481,-1,50,0
2481,-1,60,0
2481,-1,70,0
2482,-1,50,0
2482,-1,60,0
2482,-1,70,0
2483,-1,50,0
2483,-1,60,1
2483,-1,70,1
2484,-1,50,0
2484,-1,60,0
2484,-1,70,1
2485,-1,50,0
2485,-1,60,1
2485,-1,70,1
2486,-1,50,0
2486,-1,60,0
2486,-1,70,0
2487,-1,50,0
2487,-1,60,0
2487,-1,70,0
2488,-1,50,0
2488,-1,60,0
2488,-1,70,0
2489,-1,50,0
2489,-1,60,0
2489,-1,70,1
2490,-1,50,0
2490,-1,60,0
2490,-1,70,1
2491,-1,50,0
2491,-1,60,0
2491,-1,70,1
2492,64.31548567,50,1
2492,64.31548567,60,1
2492,64.31548567,70,2
2493,69.18234579,50,1
2493,69.18234579,60,2
2493,69.18234579,70,2
2494,-1,50,0
2494,-1,60,0
2494,-1,70,0
2495,-1,50,0
2495,-1,60,1
2495,-1,70,1
2496,-1,50,0
2496,-1,60,0
2496,-1,70,0
2497,-1,50,0
2497,-1,60,1
2497,-1,70,2
2498,-1,50,0
2498,-1,60,0
2498,-1,70,0
2499,-1,50,0
2499,-1,60,1
2499,-1,70,1
2500,-1,50,0
2500,-1,60,0
2500,-1,70,2
2501,-1,50,0
2501,-1,60,0
2501,-1,70,0
2502,-1,50,0
2502,-1,60,0
2502,-1,70,1
2503,-1,50,0
2503,-1,60,0
2503,-1,70,0
2504,-1,50,0
2504,-1,60,1
2504,-1,70,1
2505,76.76549677,50,0
2505,76.76549677,60,1
2505,76.76549677,70,1
2506,-1,50,0
2506,-1,60,1
2506,-1,70,2
2507,-1,50,0
2507,-1,60,0
2507,-1,70,1
2508,-1,50,0
2508,-1,60,0
2508,-1,70,1
2509,-1,50,0
2509,-1,60,1
2509,-1,70,1
2510,-1,50,0
2510,-1,60,0
2510,-1,70,0
2511,70.71901101,50,0
2511,70.71901101,60,0
2511,70.71901101,70,0
2512,-1,50,0
2512,-1,60,0
2512,-1,70,1
2513,-1,50,0
2513,-1,60,1
2513,-1,70,1
2514,38.26971442,50,0
2514,38.26971442,60,0
2514,38.26971442,70,0
2515,-1,50,0
2515,-1,60,0
2515,-1,70,0
2516,-1,50,0
2516,-1,60,1
2516,-1,70,1
2517,-1,50,0
2517,-1,60,0
2517,-1,70,0
2518,-1,50,0
2518,-1,60,0
2518,-1,70,1
2519,-1,50,0
2519,-1,60,0
2519,-1,70,0
2520,-1,50,0
2520,-1,60,0
2520,-1,70,0
2521,-1,50,0
2521,-1,60,1
2521,-1,70,1
2522,-1,50,0
2522,-1,60,0
2522,-1,70,0
2523,-1,50,0
2523,-1,60,0
2523,-1,70,1
2524,-1,50,0
2524,-1,60,1
2524,-1,70,1
2525,-1,50,0
2525,-1,60,1
2525,-1,70,1
2526,-1,50,0
2526,-1,60,1
2526,-1,70,1
2527,-1,50,0
2527,-1,60,0
2527,-1,70,0
2528,-1,50,0
2528,-1,60,0
2528,-1,70,1
2529,-1,50,0
2529,-1,60,0
2529,-1,70,0
2530,-1,50,0
2530,-1,60,0
2530,-1,70,0
2531,-1,50,0
2531,-1,60,0
2531,-1,70,0
2532,-1,50,0
2532,-1,60,1
2532,-1,70,1
2533,-1,50,0
2533,-1,60,0
2533,-1,70,1
2534,-1,50,0
2534,-1,60,0
2534,-1,70,1
2535,-1,50,0
2535,-1,60,1
2535,-1,70,1
2536,-1,50,0
2536,-1,60,0
2536,-1,70,0
2537,-1,50,0
2537,-1,60,0
2537,-1,70,1
2538,73.58355778,50,0
2538,73.58355778,60,0
2538,73.58355778,70,2
2539,-1,50,0
2539,-1,60,0
2539,-1,70,0
2540,-1,50,0
2540,-1,60,0
2540,-1,70,0
2541,-1,50,0
2541,-1,60,0
2541,-1,70,0
2542,-1,50,0
2542,-1,60,0
2542,-1,70,0
2543,-1,50,0
2543,-1,60,0
2543,-1,70,0
2544,41.47076321,50,1
2544,41.47076321,60,0
2544,41.47076321,70,0
2545,-1,50,0
2545,-1,60,0
2545,-1,70,0
2546,67.33187777,50,0
2546,67.33187777,60,1
2546,67.33187777,70,1
2547,-1,50,0
2547,-1,60,1
2547,-1,70,1
2548,-1,50,0
2548,-1,60,0
2548,-1,70,0
2549,-1,50,0
2549,-1,60,0
2549,-1,70,0
2550,-1,50,0
2550,-1,60,0
2550,-1,70,0
2551,-1,50,0
2551,-1,60,1
2551,-1,70,1
2552,-1,50,0
2552,-1,60,0
2552,-1,70,0
2553,-1,50,0
2553,-1,60,1
2553,-1,70,1
2554,-1,50,0
2554,-1,60,1
2554,-1,70,1
2555,-1,50,0
2555,-1,60,0
2555,-1,70,1
2556,-1,50,0
2556,-1,60,1
2556,-1,70,1
2557,-1,50,0
2557,-1,60,0
2557,-1,70,0
2558,55.22331191,50,2
2558,55.22331191,60,2
2558,55.22331191,70,0
2559,-1,50,0
2559,-1,60,0
2559,-1,70,0
2560,75.30886111,50,1
2560,75.30886111,60,1
2560,75.30886111,70,1
2561,66.91666909,50,1
2561,66.91666909,60,2
2561,66.91666909,70,2
2562,48.32473542,50,1
2562,48.32473542,60,0
2562,48.32473542,70,0
2563,-1,50,0
2563,-1,60,0
2563,-1,70,0
2564,-1,50,0
2564,-1,60,0
2564,-1,70,0
2565,79.75239513,50,1
2565,79.75239513,60,1
2565,79.75239513,70,1
2566,-1,50,0
2566,-1,60,0
2566,-1,70,0
2567,-1,50,0
2567,-1,60,0
2567,-1,70,1
2568,-1,50,0
2568,-1,60,0
2568,-1,70,0
2569,-1,50,1
2569,-1,60,2
2569,-1,70,4
2570,-1,50,0
2570,-1,60,1
2570,-1,70,2
2571,-1,50,0
2571,-1,60,0
2571,-1,70,0
2572,-1,50,0
2572,-1,60,1
2572,-1,70,1
2573,-1,50,0
2573,-1,60,1
2573,-1,70,1
2574,-1,50,0
2574,-1,60,0
2574,-1,70,0
2575,71.54530284,50,0
2575,71.54530284,60,1
2575,71.54530284,70,1
2576,-1,50,0
2576,-1,60,0
2576,-1,70,0
2577,52.75151864,50,1
2577,52.75151864,60,1
2577,52.75151864,70,0
2578,-1,50,0
2578,-1,60,0
2578,-1,70,0
2579,-1,50,0
2579,-1,60,1
2579,-1,70,1
2580,72.68430655,50,0
2580,72.68430655,60,0
2580,72.68430655,70,3
2581,-1,50,0
2581,-1,60,0
2581,-1,70,1
2582,-1,50,0
2582,-1,60,1
2582,-1,70,1
2583,-1,50,0
2583,-1,60,0
2583,-1,70,1
2584,-1,50,0
2584,-1,60,0
2584,-1,70,0
2585,-1,50,0
2585,-1,60,0
2585,-1,70,0
2586,-1,50,0
2586,-1,60,0
2586,-1,70,0
2587,-1,50,0
2587,-1,60,1
2587,-1,70,1
2588,-1,50,0
2588,-1,60,1
2588,-1,70,1
2589,-1,50,0
2589,-1,60,0
2589,-1,70,0
2590,-1,50,0
2590,-1,60,0
2590,-1,70,0
2591,-1,50,0
2591,-1,60,0
2591,-1,70,0
2592,-1,50,0
2592,-1,60,0
2592,-1,70,0
2593,-1,50,1
2593,-1,60,1
2593,-1,70,1
2594,62.07089153,50,0
2594,62.07089153,60,0
2594,62.07089153,70,1
2595,-1,50,0
2595,-1,60,0
2595,-1,70,0
2596,-1,50,0
2596,-1,60,0
2596,-1,70,0
2597,-1,50,0
2597,-1,60,0
2597,-1,70,0
2598,-1,50,0
2598,-1,60,0
2598,-1,70,0
2599,77.91715507,50,1
2599,77.91715507,60,3
2599,77.91715507,70,4
2600,-1,50,0
2600,-1,60,0
2600,-1,70,0
2601,-1,50,0
2601,-1,60,0
2601,-1,70,0
2602,-1,50,0
2602,-1,60,0
2602,-1,70,1
2603,63.04518229,50,1
2603,63.04518229,60,1
2603,63.04518229,70,1
2604,-1,50,0
2604,-1,60,0
2604,-1,70,0
2605,-1,50,0
2605,-1,60,0
2605,-1,70,0
2606,76.87610732,50,0
2606,76.87610732,60,2
2606,76.87610732,70,2
2607,79.85951981,50,0
2607,79.85951981,60,0
2607,79.85951981,70,1
2608,-1,50,0
2608,-1,60,0
2608,-1,70,0
2609,-1,50,0
2609,-1,60,0
2609,-1,70,0
2610,79.65058656,50,1
2610,79.65058656,60,2
2610,79.65058656,70,2
2611,-1,50,0
2611,-1,60,0
2611,-1,70,0
2612,-1,50,0
2612,-1,60,0
2612,-1,70,0
2613,-1,50,0
2613,-1,60,0
2613,-1,70,0
2614,-1,50,0
2614,-1,60,0
2614,-1,70,0
2615,-1,50,0
2615,-1,60,0
2615,-1,70,0
2616,-1,50,0
2616,-1,60,0
2616,-1,70,1
2617,-1,50,0
2617,-1,60,1
2617,-1,70,1
2618,-1,50,0
2618,-1,60,0
2618,-1,70,0
2619,-1,50,0
2619,-1,60,0
2619,-1,70,0
2620,-1,50,0
2620,-1,60,1
2620,-1,70,1
2621,-1,50,0
2621,-1,60,0
2621,-1,70,0
2622,-1,50,0
2622,-1,60,0
2622,-1,70,0
2623,-1,50,0
2623,-1,60,0
2623,-1,70,0
2624,-1,50,0
2624,-1,60,0
2624,-1,70,0
2625,-1,50,0
2625,-1,60,0
2625,-1,70,0
2626,-1,50,0
2626,-1,60,0
2626,-1,70,0
2627,-1,50,0
2627,-1,60,0
2627,-1,70,0
2628,-1,50,0
2628,-1,60,0
2628,-1,70,0
2629,-1,50,0
2629,-1,60,1
2629,-1,70,1
2630,-1,50,0
2630,-1,60,0
2630,-1,70,0
2631,-1,50,1
2631,-1,60,1
2631,-1,70,1
2632,-1,50,1
2632,-1,60,1
2632,-1,70,1
2633,-1,50,0
2633,-1,60,0
2633,-1,70,0
2634,76.88327743,50,1
2634,76.88327743,60,1
2634,76.88327743,70,1
2635,73.2571561,50,1
2635,73.2571561,60,1
2635,73.2571561,70,1
2636,-1,50,0
2636,-1,60,0
2636,-1,70,0
2637,-1,50,0
2637,-1,60,0
2637,-1,70,0
2638,-1,50,0
2638,-1,60,0
2638,-1,70,0
2639,-1,50,0
2639,-1,60,0
2639,-1,70,0
2640,-1,50,0
2640,-1,60,0
2640,-1,70,0
2641,-1,50,0
2641,-1,60,0
2641,-1,70,1
2642,-1,50,0
2642,-1,60,0
2642,-1,70,0
2643,-1,50,0
2643,-1,60,0
2643,-1,70,0
2644,-1,50,0
2644,-1,60,0
2644,-1,70,0
2645,-1,50,0
2645,-1,60,0
2645,-1,70,0
2646,-1,50,0
2646,-1,60,0
2646,-1,70,1
2647,79.88366492,50,1
2647,79.88366492,60,2
2647,79.88366492,70,2
2648,-1,50,0
2648,-1,60,0
2648,-1,70,1
2649,-1,50,0
2649,-1,60,0
2649,-1,70,0
2650,-1,50,0
2650,-1,60,0
2650,-1,70,0
2651,-1,50,0
2651,-1,60,0
2651,-1,70,0
2652,-1,50,0
2652,-1,60,0
2652,-1,70,0
2653,-1,50,0
2653,-1,60,0
2653,-1,70,1
2654,-1,50,0
2654,-1,60,0
2654,-1,70,0
2655,-1,50,0
2655,-1,60,0
2655,-1,70,0
2656,56.95421952,50,0
2656,56.95421952,60,0
2656,56.95421952,70,0
2657,-1,50,0
2657,-1,60,1
2657,-1,70,1
2658,-1,50,0
2658,-1,60,1
2658,-1,70,1
2659,-1,50,0
2659,-1,60,0
2659,-1,70,1
2660,-1,50,0
2660,-1,60,1
2660,-1,70,1
2661,-1,50,1
2661,-1,60,1
2661,-1,70,1
2662,-1,50,0
2662,-1,60,0
2662,-1,70,0
2663,-1,50,0
2663,-1,60,0
2663,-1,70,1
2664,-1,50,0
2664,-1,60,0
2664,-1,70,0
2665,-1,50,0
2665,-1,60,0
2665,-1,70,0
2666,-1,50,0
2666,-1,60,0
2666,-1,70,0
2667,-1,50,0
2667,-1,60,0
2667,-1,70,0
2668,-1,50,0
2668,-1,60,0
2668,-1,70,0
2669,-1,50,0
2669,-1,60,0
2669,-1,70,1
2670,-1,50,0
2670,-1,60,0
2670,-1,70,2
2671,-1,50,1
2671,-1,60,1
2671,-1,70,1
2672,-1,50,0
2672,-1,60,0
2672,-1,70,0
2673,-1,50,0
2673,-1,60,0
2673,-1,70,0
2674,35.89735613,50,1
2674,35.89735613,60,0
2674,35.89735613,70,0
2675,-1,50,0
2675,-1,60,0
2675,-1,70,0
2676,-1,50,0
2676,-1,60,0
2676,-1,70,1
2677,-1,50,0
2677,-1,60,1
2677,-1,70,1
2678,-1,50,0
2678,-1,60,0
2678,-1,70,0
2679,-1,50,0
2679,-1,60,0
2679,-1,70,0
2680,-1,50,0
2680,-1,60,1
2680,-1,70,1
2681,-1,50,0
2681,-1,60,0
2681,-1,70,0
2682,-1,50,0
2682,-1,60,0
2682,-1,70,0
2683,-1,50,0
2683,-1,60,0
2683,-1,70,1
2684,-1,50,0
2684,-1,60,0
2684,-1,70,0
2685,75.51597948,50,1
2685,75.51597948,60,1
2685,75.51597948,70,1
2686,-1,50,0
2686,-1,60,0
2686,-1,70,0
2687,-1,50,0
2687,-1,60,1
2687,-1,70,1
2688,-1,50,0
2688,-1,60,0
2688,-1,70,0
2689,-1,50,1
2689,-1,60,1
2689,-1,70,1
2690,75.45965581,50,0
2690,75.45965581,60,1
2690,75.45965581,70,1
2691,-1,50,0
2691,-1,60,0
2691,-1,70,1
2692,-1,50,0
2692,-1,60,0
2692,-1,70,0
2693,-1,50,0
2693,-1,60,2
2693,-1,70,2
2694,-1,50,0
2694,-1,60,0
2694,-1,70,0
2695,75.54278872,50,2
2695,75.54278872,60,2
2695,75.54278872,70,3
2696,68.89805593,50,1
2696,68.89805593,60,1
2696,68.89805593,70,2
2697,-1,50,1
2697,-1,60,1
2697,-1,70,2
2698,-1,50,0
2698,-1,60,0
2698,-1,70,0
2699,-1,50,0
2699,-1,60,0
2699,-1,70,1
2700,-1,50,0
2700,-1,60,0
2700,-1,70,0
2701,-1,50,1
2701,-1,60,1
2701,-1,70,2
2702,54.70641032,50,1
2702,54.70641032,60,1
2702,54.70641032,70,0
2703,-1,50,0
2703,-1,60,1
2703,-1,70,2
2704,-1,50,0
2704,-1,60,0
2704,-1,70,0
2705,-1,50,0
2705,-1,60,0
2705,-1,70,0
2706,-1,50,0
2706,-1,60,1
2706,-1,70,1
2707,-1,50,0
2707,-1,60,0
2707,-1,70,0
2708,-1,50,0
2708,-1,60,0
2708,-1,70,0
2709,-1,50,0
2709,-1,60,0
2709,-1,70,0
2710,63.77759151,50,0
2710,63.77759151,60,1
2710,63.77759151,70,2
2711,-1,50,1
2711,-1,60,2
2711,-1,70,2
2712,-1,50,0
2712,-1,60,0
2712,-1,70,0
2713,-1,50,0
2713,-1,60,0
2713,-1,70,0
2714,-1,50,0
2714,-1,60,0
2714,-1,70,0
2715,-1,50,0
2715,-1,60,0
2715,-1,70,0
2716,-1,50,0
2716,-1,60,0
2716,-1,70,1
2717,-1,50,0
2717,-1,60,0
2717,-1,70,0
2718,-1,50,0
2718,-1,60,0
2718,-1,70,1
2719,78.93490537,50,0
2719,78.93490537,60,0
2719,78.93490537,70,1
2720,-1,50,0
2720,-1,60,0
2720,-1,70,0
2721,-1,50,0
2721,-1,60,0
2721,-1,70,0
2722,66.50473708,50,0
2722,66.50473708,60,1
2722,66.50473708,70,1
2723,55.31101229,50,1
2723,55.31101229,60,1
2723,55.31101229,70,0
2724,-1,50,1
2724,-1,60,1
2724,-1,70,1
2725,76.50890988,50,1
2725,76.50890988,60,1
2725,76.50890988,70,1
2726,-1,50,0
2726,-1,60,1
2726,-1,70,1
2727,70.9242733,50,0
2727,70.9242733,60,0
2727,70.9242733,70,1
2728,-1,50,0
2728,-1,60,0
2728,-1,70,1
2729,51.14723412,50,1
2729,51.14723412,60,1
2729,51.14723412,70,0
2730,-1,50,0
2730,-1,60,0
2730,-1,70,0
2731,-1,50,0
2731,-1,60,0
2731,-1,70,0
2732,-1,50,0
2732,-1,60,0
2732,-1,70,1
2733,-1,50,0
2733,-1,60,0
2733,-1,70,0
2734,55.676153,50,1
2734,55.676153,60,1
2734,55.676153,70,0
2735,-1,50,0
2735,-1,60,1
2735,-1,70,4
2736,-1,50,0
2736,-1,60,0
2736,-1,70,1
2737,-1,50,0
2737,-1,60,0
2737,-1,70,0
2738,-1,50,0
2738,-1,60,0
2738,-1,70,0
2739,-1,50,0
2739,-1,60,0
2739,-1,70,0
2740,67.75497289,50,0
2740,67.75497289,60,1
2740,67.75497289,70,1
2741,-1,50,0
2741,-1,60,0
2741,-1,70,0
2742,-1,50,0
2742,-1,60,0
2742,-1,70,0
2743,-1,50,0
2743,-1,60,0
2743,-1,70,2
2744,-1,50,0
2744,-1,60,1
2744,-1,70,2
2745,-1,50,0
2745,-1,60,0
2745,-1,70,0
2746,-1,50,0
2746,-1,60,1
2746,-1,70,1
2747,-1,50,0
2747,-1,60,0
2747,-1,70,0
2748,-1,50,0
2748,-1,60,0
2748,-1,70,0
2749,-1,50,0
2749,-1,60,0
2749,-1,70,0
2750,-1,50,0
2750,-1,60,0
2750,-1,70,0
2751,-1,50,0
2751,-1,60,0
2751,-1,70,1
2752,-1,50,0
2752,-1,60,0
2752,-1,70,1
2753,-1,50,0
2753,-1,60,1
2753,-1,70,2
2754,79.98490401,50,0
2754,79.98490401,60,1
2754,79.98490401,70,1
2755,-1,50,0
2755,-1,60,0
2755,-1,70,0
2756,-1,50,0
2756,-1,60,0
2756,-1,70,0
2757,-1,50,0
2757,-1,60,0
2757,-1,70,0
2758,-1,50,0
2758,-1,60,1
2758,-1,70,1
2759,-1,50,0
2759,-1,60,0
2759,-1,70,0
2760,-1,50,0
2760,-1,60,0
2760,-1,70,0
2761,-1,50,0
2761,-1,60,0
2761,-1,70,0
2762,-1,50,1
2762,-1,60,2
2762,-1,70,3
2763,-1,50,0
2763,-1,60,0
2763,-1,70,0
2764,-1,50,0
2764,-1,60,0
2764,-1,70,2
2765,61.90134852,50,1
2765,61.90134852,60,1
2765,61.90134852,70,2
2766,-1,50,0
2766,-1,60,0
2766,-1,70,0
2767,60.98908985,50,0
2767,60.98908985,60,0
2767,60.98908985,70,1
2768,-1,50,0
2768,-1,60,0
2768,-1,70,0
2769,-1,50,0
2769,-1,60,0
2769,-1,70,0
2770,-1,50,0
2770,-1,60,0
2770,-1,70,2
2771,-1,50,0
2771,-1,60,0
2771,-1,70,0
2772,-1,50,0
2772,-1,60,0
2772,-1,70,1
2773,-1,50,0
2773,-1,60,0
2773,-1,70,0
2774,-1,50,0
2774,-1,60,0
2774,-1,70,0
2775,55.73708193,50,1
2775,55.73708193,60,1
2775,55.73708193,70,0
2776,-1,50,0
2776,-1,60,0
2776,-1,70,2
2777,-1,50,0
2777,-1,60,0
2777,-1,70,0
2778,-1,50,0
2778,-1,60,1
2778,-1,70,1
2779,-1,50,0
2779,-1,60,0
2779,-1,70,0
2780,-1,50,0
2780,-1,60,0
2780,-1,70,1
2781,-1,50,0
2781,-1,60,0
2781,-1,70,0
2782,-1,50,0
2782,-1,60,0
2782,-1,70,0
2783,-1,50,1
2783,-1,60,1
2783,-1,70,1
2784,-1,50,0
2784,-1,60,0
2784,-1,70,0
2785,-1,50,0
2785,-1,60,1
2785,-1,70,1
2786,-1,50,0
2786,-1,60,0
2786,-1,70,1
2787,-1,50,1
2787,-1,60,2
2787,-1,70,2
2788,-1,50,0
2788,-1,60,0
2788,-1,70,0
2789,46.14553811,50,1
2789,46.14553811,60,0
2789,46.14553811,70,0
2790,-1,50,0
2790,-1,60,0
2790,-1,70,0
2791,-1,50,0
2791,-1,60,2
2791,-1,70,2
2792,-1,50,0
2792,-1,60,0
2792,-1,70,0
2793,-1,50,0
2793,-1,60,0
2793,-1,70,0
2794,-1,50,0
2794,-1,60,0
2794,-1,70,0
2795,-1,50,1
2795,-1,60,1
2795,-1,70,1
2796,-1,50,0
2796,-1,60,0
2796,-1,70,0
2797,-1,50,1
2797,-1,60,1
2797,-1,70,2
2798,-1,50,0
2798,-1,60,0
2798,-1,70,1
2799,-1,50,1
2799,-1,60,1
2799,-1,70,1
2800,-1,50,0
2800,-1,60,0
2800,-1,70,0
2801,-1,50,0
2801,-1,60,0
2801,-1,70,0
2802,-1,50,0
2802,-1,60,0
2802,-1,70,0
2803,-1,50,0
2803,-1,60,1
2803,-1,70,2
2804,-1,50,0
2804,-1,60,0
2804,-1,70,0
2805,-1,50,0
2805,-1,60,0
2805,-1,70,0
2806,-1,50,0
2806,-1,60,0
2806,-1,70,0
2807,-1,50,0
2807,-1,60,0
2807,-1,70,1
2808,73.55054727,50,1
2808,73.55054727,60,2
2808,73.55054727,70,2
2809,-1,50,0
2809,-1,60,0
2809,-1,70,0
2810,-1,50,1
2810,-1,60,1
2810,-1,70,2
2811,-1,50,0
2811,-1,60,1
2811,-1,70,1
2812,-1,50,0
2812,-1,60,0
2812,-1,70,1
2813,-1,50,0
2813,-1,60,0
2813,-1,70,0
2814,-1,50,0
2814,-1,60,0
2814,-1,70,1
2815,-1,50,0
2815,-1,60,0
2815,-1,70,1
2816,-1,50,0
2816,-1,60,0
2816,-1,70,0
2817,74.91522632,50,0
2817,74.91522632,60,0
2817,74.91522632,70,0
2818,-1,50,0
2818,-1,60,0
2818,-1,70,0
2819,56.10150083,50,1
2819,56.10150083,60,1
2819,56.10150083,70,0
2820,-1,50,0
2820,-1,60,0
2820,-1,70,0
2821,-1,50,0
2821,-1,60,0
2821,-1,70,0
2822,-1,50,0
2822,-1,60,0
2822,-1,70,0
2823,70.4495881,50,1
2823,70.4495881,60,1
2823,70.4495881,70,1
2824,-1,50,0
2824,-1,60,0
2824,-1,70,0
2825,66.88495914,50,1
2825,66.88495914,60,1
2825,66.88495914,70,1
2826,77.01417722,50,1
2826,77.01417722,60,1
2826,77.01417722,70,1
2827,74.97400015,50,0
2827,74.97400015,60,2
2827,74.97400015,70,4
2828,-1,50,0
2828,-1,60,0
2828,-1,70,0
2829,-1,50,0
2829,-1,60,0
2829,-1,70,2
2830,-1,50,0
2830,-1,60,0
2830,-1,70,0
2831,77.19126271,50,1
2831,77.19126271,60,1
2831,77.19126271,70,1
2832,-1,50,0
2832,-1,60,0
2832,-1,70,0
2833,-1,50,0
2833,-1,60,0
2833,-1,70,0
2834,-1,50,0
2834,-1,60,0
2834,-1,70,0
2835,77.10667729,50,1
2835,77.10667729,60,1
2835,77.10667729,70,1
2836,-1,50,0
2836,-1,60,0
2836,-1,70,0
2837,77.73917276,50,0
2837,77.73917276,60,2
2837,77.73917276,70,3
2838,-1,50,0
2838,-1,60,0
2838,-1,70,0
2839,74.26585715,50,0
2839,74.26585715,60,0
2839,74.26585715,70,1
2840,-1,50,1
2840,-1,60,2
2840,-1,70,2
2841,-1,50,0
2841,-1,60,1
2841,-1,70,2
2842,-1,50,0
2842,-1,60,0
2842,-1,70,0
2843,-1,50,0
2843,-1,60,0
2843,-1,70,0
2844,-1,50,0
2844,-1,60,0
2844,-1,70,0
2845,-1,50,0
2845,-1,60,0
2845,-1,70,0
2846,-1,50,0
2846,-1,60,0
2846,-1,70,2
2847,57.90072666,50,0
2847,57.90072666,60,1
2847,57.90072666,70,0
2848,-1,50,0
2848,-1,60,0
2848,-1,70,0
2849,-1,50,0
2849,-1,60,1
2849,-1,70,1
2850,-1,50,0
2850,-1,60,0
2850,-1,70,0
2851,-1,50,0
2851,-1,60,0
2851,-1,70,1
2852,-1,50,0
2852,-1,60,0
2852,-1,70,0
2853,-1,50,0
2853,-1,60,0
2853,-1,70,0
2854,57.20547719,50,0
2854,57.20547719,60,0
2854,57.20547719,70,0
2855,65.31054034,50,0
2855,65.31054034,60,1
2855,65.31054034,70,4
2856,-1,50,0
2856,-1,60,0
2856,-1,70,0
2857,76.47230947,50,0
2857,76.47230947,60,0
2857,76.47230947,70,0
2858,-1,50,0
2858,-1,60,0
2858,-1,70,1
2859,-1,50,0
2859,-1,60,0
2859,-1,70,0
2860,-1,50,0
2860,-1,60,0
2860,-1,70,1
2861,-1,50,0
2861,-1,60,1
2861,-1,70,1
2862,-1,50,0
2862,-1,60,0
2862,-1,70,0
2863,79.48130505,50,0
2863,79.48130505,60,0
2863,79.48130505,70,2
2864,-1,50,0
2864,-1,60,1
2864,-1,70,1
2865,-1,50,0
2865,-1,60,0
2865,-1,70,0
2866,-1,50,0
2866,-1,60,0
2866,-1,70,1
2867,-1,50,0
2867,-1,60,1
2867,-1,70,1
2868,-1,50,0
2868,-1,60,0
2868,-1,70,0
2869,-1,50,0
2869,-1,60,0
2869,-1,70,1
2870,-1,50,1
2870,-1,60,1
2870,-1,70,1
2871,-1,50,1
2871,-1,60,1
2871,-1,70,1
2872,-1,50,0
2872,-1,60,0
2872,-1,70,0
2873,77.28721186,50,1
2873,77.28721186,60,1
2873,77.28721186,70,1
2874,74.37552804,50,1
2874,74.37552804,60,1
2874,74.37552804,70,1
2875,79.38738713,50,0
2875,79.38738713,60,0
2875,79.38738713,70,1
2876,-1,50,0
2876,-1,60,0
2876,-1,70,0
2877,-1,50,0
2877,-1,60,2
2877,-1,70,3
2878,-1,50,0
2878,-1,60,0
2878,-1,70,0
2879,79.54518357,50,1
2879,79.54518357,60,1
2879,79.54518357,70,3
2880,-1,50,0
2880,-1,60,1
2880,-1,70,1
2881,-1,50,0
2881,-1,60,0
2881,-1,70,0
2882,-1,50,0
2882,-1,60,0
2882,-1,70,0
2883,-1,50,0
2883,-1,60,0
2883,-1,70,1
2884,-1,50,0
2884,-1,60,0
2884,-1,70,1
2885,-1,50,0
2885,-1,60,0
2885,-1,70,0
2886,-1,50,0
2886,-1,60,0
2886,-1,70,0
2887,70.23003518,50,0
2887,70.23003518,60,1
2887,70.23003518,70,1
2888,-1,50,0
2888,-1,60,0
2888,-1,70,0
2889,-1,50,1
2889,-1,60,1
2889,-1,70,1
2890,-1,50,0
2890,-1,60,0
2890,-1,70,0
2891,66.51541565,50,1
2891,66.51541565,60,1
2891,66.51541565,70,1
2892,-1,50,0
2892,-1,60,0
2892,-1,70,0
2893,-1,50,0
2893,-1,60,0
2893,-1,70,0
2894,19.2898305,50,1
2894,19.2898305,60,0
2894,19.2898305,70,0
2895,-1,50,0
2895,-1,60,1
2895,-1,70,1
2896,-1,50,0
2896,-1,60,0
2896,-1,70,1
2897,-1,50,0
2897,-1,60,0
2897,-1,70,0
2898,-1,50,0
2898,-1,60,0
2898,-1,70,0
2899,-1,50,0
2899,-1,60,0
2899,-1,70,0
2900,-1,50,0
2900,-1,60,0
2900,-1,70,0
2901,-1,50,0
2901,-1,60,0
2901,-1,70,0
2902,-1,50,0
2902,-1,60,0
2902,-1,70,1
2903,-1,50,0
2903,-1,60,0
2903,-1,70,0
2904,61.84327028,50,1
2904,61.84327028,60,1
2904,61.84327028,70,3
2905,76.59220752,50,1
2905,76.59220752,60,1
2905,76.59220752,70,1
2906,77.98652545,50,0
2906,77.98652545,60,1
2906,77.98652545,70,2
2907,75.81807901,50,1
2907,75.81807901,60,1
2907,75.81807901,70,1
2908,-1,50,0
2908,-1,60,0
2908,-1,70,0
2909,-1,50,0
2909,-1,60,0
2909,-1,70,0
2910,-1,50,0
2910,-1,60,0
2910,-1,70,1
2911,-1,50,0
2911,-1,60,0
2911,-1,70,1
2912,-1,50,0
2912,-1,60,0
2912,-1,70,1
2913,-1,50,0
2913,-1,60,0
2913,-1,70,1
2914,-1,50,0
2914,-1,60,0
2914,-1,70,0
2915,-1,50,0
2915,-1,60,0
2915,-1,70,0
2916,-1,50,0
2916,-1,60,0
2916,-1,70,1
2917,78.95756293,50,2
2917,78.95756293,60,2
2917,78.95756293,70,2
2918,-1,50,0
2918,-1,60,0
2918,-1,70,1
2919,78.79781495,50,2
2919,78.79781495,60,3
2919,78.79781495,70,3
2920,-1,50,0
2920,-1,60,0
2920,-1,70,0
2921,-1,50,0
2921,-1,60,0
2921,-1,70,0
2922,-1,50,0
2922,-1,60,0
2922,-1,70,0
2923,-1,50,0
2923,-1,60,0
2923,-1,70,0
2924,65.69844498,50,0
2924,65.69844498,60,0
2924,65.69844498,70,1
2925,48.0886701,50,1
2925,48.0886701,60,0
2925,48.0886701,70,0
2926,-1,50,0
2926,-1,60,1
2926,-1,70,1
2927,-1,50,0
2927,-1,60,0
2927,-1,70,0
2928,-1,50,0
2928,-1,60,0
2928,-1,70,2
2929,-1,50,0
2929,-1,60,0
2929,-1,70,0
2930,64.78512085,50,0
2930,64.78512085,60,2
2930,64.78512085,70,2
2931,-1,50,0
2931,-1,60,0
2931,-1,70,0
2932,72.2265402,50,1
2932,72.2265402,60,1
2932,72.2265402,70,2
2933,-1,50,0
2933,-1,60,0
2933,-1,70,2
2934,-1,50,0
2934,-1,60,0
2934,-1,70,0
2935,-1,50,1
2935,-1,60,1
2935,-1,70,2
2936,-1,50,1
2936,-1,60,1
2936,-1,70,2
2937,-1,50,0
2937,-1,60,0
2937,-1,70,1
2938,-1,50,0
2938,-1,60,0
2938,-1,70,0
2939,-1,50,0
2939,-1,60,0
2939,-1,70,0
2940,73.71614506,50,0
2940,73.71614506,60,1
2940,73.71614506,70,1
2941,77.72473049,50,0
2941,77.72473049,60,1
2941,77.72473049,70,1
2942,-1,50,0
2942,-1,60,1
2942,-1,70,1
2943,-1,50,0
2943,-1,60,0
2943,-1,70,0
2944,-1,50,0
2944,-1,60,1
2944,-1,70,1
2945,-1,50,0
2945,-1,60,0
2945,-1,70,0
2946,-1,50,0
2946,-1,60,0
2946,-1,70,0
2947,78.83887262,50,0
2947,78.83887262,60,1
2947,78.83887262,70,1
2948,-1,50,0
2948,-1,60,0
2948,-1,70,1
2949,-1,50,0
2949,-1,60,1
2949,-1,70,1
2950,-1,50,0
2950,-1,60,0
2950,-1,70,0
2951,-1,50,0
2951,-1,60,0
2951,-1,70,0
2952,79.20336416,50,0
2952,79.20336416,60,1
2952,79.20336416,70,1
2953,-1,50,0
2953,-1,60,0
2953,-1,70,1
2954,-1,50,0
2954,-1,60,0
2954,-1,70,0
2955,-1,50,0
2955,-1,60,0
2955,-1,70,0
2956,-1,50,1
2956,-1,60,1
2956,-1,70,1
2957,-1,50,0
2957,-1,60,0
2957,-1,70,0
2958,-1,50,0
2958,-1,60,0
2958,-1,70,1
2959,79.75551662,50,0
2959,79.75551662,60,0
2959,79.75551662,70,1
2960,-1,50,0
2960,-1,60,1
2960,-1,70,2
2961,-1,50,0
2961,-1,60,0
2961,-1,70,0
2962,-1,50,0
2962,-1,60,0
2962,-1,70,0
2963,-1,50,0
2963,-1,60,0
2963,-1,70,0
2964,76.09753116,50,1
2964,76.09753116,60,1
2964,76.09753116,70,1
2965,-1,50,0
2965,-1,60,1
2965,-1,70,1
2966,-1,50,0
2966,-1,60,0
2966,-1,70,0
2967,-1,50,0
2967,-1,60,0
2967,-1,70,0
2968,-1,50,0
2968,-1,60,0
2968,-1,70,0
2969,-1,50,0
2969,-1,60,0
2969,-1,70,0
2970,-1,50,0
2970,-1,60,0
2970,-1,70,0
2971,-1,50,0
2971,-1,60,0
2971,-1,70,0
2972,-1,50,0
2972,-1,60,0
2972,-1,70,0
2973,-1,50,0
2973,-1,60,1
2973,-1,70,1
2974,-1,50,0
2974,-1,60,0
2974,-1,70,1
2975,-1,50,0
2975,-1,60,1
2975,-1,70,1
2976,-1,50,0
2976,-1,60,0
2976,-1,70,0
2977,-1,50,1
2977,-1,60,1
2977,-1,70,1
2978,-1,50,1
2978,-1,60,1
2978,-1,70,1
2979,-1,50,0
2979,-1,60,0
2979,-1,70,1
2980,79.68681598,50,0
2980,79.68681598,60,0
2980,79.68681598,70,1
2981,-1,50,0
2981,-1,60,0
2981,-1,70,1
2982,-1,50,0
2982,-1,60,0
2982,-1,70,0
2983,-1,50,0
2983,-1,60,0
2983,-1,70,0
2984,78.03021508,50,0
2984,78.03021508,60,0
2984,78.03021508,70,1
2985,-1,50,0
2985,-1,60,0
2985,-1,70,0
2986,-1,50,0
2986,-1,60,0
2986,-1,70,2
2987,-1,50,0
2987,-1,60,0
2987,-1,70,1
2988,-1,50,0
2988,-1,60,0
2988,-1,70,0
2989,-1,50,0
2989,-1,60,0
2989,-1,70,1
2990,-1,50,1
2990,-1,60,1
2990,-1,70,1
2991,-1,50,0
2991,-1,60,1
2991,-1,70,1
2992,55.03496046,50,1
2992,55.03496046,60,2
2992,55.03496046,70,0
2993,-1,50,0
2993,-1,60,0
2993,-1,70,0
2994,-1,50,0
2994,-1,60,0
2994,-1,70,0
2995,-1,50,0
2995,-1,60,0
2995,-1,70,0
2996,-1,50,0
2996,-1,60,0
2996,-1,70,0
2997,-1,50,1
2997,-1,60,1
2997,-1,70,1
2998,-1,50,0
2998,-1,60,0
2998,-1,70,1
2999,-1,50,0
2999,-1,60,0
2999,-1,70,0
3000,78.51865757,50,0
3000,78.51865757,60,1
3000,78.51865757,70,1
3001,-1,50,0
3001,-1,60,0
3001,-1,70,1
3002,-1,50,0
3002,-1,60,1
3002,-1,70,1
3003,-1,50,0
3003,-1,60,1
3003,-1,70,2
3004,-1,50,0
3004,-1,60,0
3004,-1,70,0
3005,-1,50,0
3005,-1,60,0
3005,-1,70,1
3006,-1,50,0
3006,-1,60,0
3006,-1,70,0
3007,-1,50,1
3007,-1,60,1
3007,-1,70,1
3008,-1,50,0
3008,-1,60,0
3008,-1,70,0
3009,-1,50,0
3009,-1,60,0
3009,-1,70,1
3010,-1,50,0
3010,-1,60,0
3010,-1,70,0
3011,-1,50,0
3011,-1,60,0
3011,-1,70,0
3012,-1,50,0
3012,-1,60,0
3012,-1,70,0
3013,-1,50,0
3013,-1,60,0
3013,-1,70,0
3014,-1,50,0
3014,-1,60,0
3014,-1,70,0
3015,-1,50,0
3015,-1,60,0
3015,-1,70,0
3016,-1,50,0
3016,-1,60,0
3016,-1,70,1
3017,-1,50,0
3017,-1,60,0
3017,-1,70,0
3018,77.23288052,50,1
3018,77.23288052,60,1
3018,77.23288052,70,2
3019,-1,50,0
3019,-1,60,0
3019,-1,70,1
3020,76.75434509,50,0
3020,76.75434509,60,1
3020,76.75434509,70,1
3021,-1,50,0
3021,-1,60,0
3021,-1,70,0
3022,-1,50,0
3022,-1,60,0
3022,-1,70,0
3023,74.50123749,50,1
3023,74.50123749,60,2
3023,74.50123749,70,3
3024,55.57721216,50,1
3024,55.57721216,60,1
3024,55.57721216,70,0
3025,-1,50,0
3025,-1,60,0
3025,-1,70,0
3026,65.68529067,50,1
3026,65.68529067,60,1
3026,65.68529067,70,1
3027,52.35097333,50,0
3027,52.35097333,60,1
3027,52.35097333,70,0
3028,-1,50,0
3028,-1,60,0
3028,-1,70,0
3029,-1,50,0
3029,-1,60,0
3029,-1,70,0
3030,54.677231,50,1
3030,54.677231,60,1
3030,54.677231,70,0
3031,-1,50,0
3031,-1,60,0
3031,-1,70,0
3032,-1,50,0
3032,-1,60,0
3032,-1,70,1
3033,-1,50,0
3033,-1,60,0
3033,-1,70,1
3034,-1,50,0
3034,-1,60,0
3034,-1,70,0
3035,-1,50,0
3035,-1,60,0
3035,-1,70,0
3036,-1,50,0
3036,-1,60,0
3036,-1,70,1
3037,73.50206537,50,1
3037,73.50206537,60,1
3037,73.50206537,70,2
3038,-1,50,0
3038,-1,60,0
3038,-1,70,0
3039,-1,50,0
3039,-1,60,0
3039,-1,70,0
3040,-1,50,0
3040,-1,60,0
3040,-1,70,0
3041,71.31639164,50,1
3041,71.31639164,60,1
3041,71.31639164,70,2
3042,-1,50,0
3042,-1,60,0
3042,-1,70,2
3043,-1,50,0
3043,-1,60,0
3043,-1,70,0
3044,-1,50,0
3044,-1,60,0
3044,-1,70,0
3045,-1,50,0
3045,-1,60,1
3045,-1,70,1
3046,-1,50,0
3046,-1,60,0
3046,-1,70,0
3047,-1,50,0
3047,-1,60,0
3047,-1,70,0
3048,-1,50,0
3048,-1,60,0
3048,-1,70,0
3049,-1,50,0
3049,-1,60,0
3049,-1,70,0
3050,-1,50,0
3050,-1,60,1
3050,-1,70,1
3051,-1,50,0
3051,-1,60,0
3051,-1,70,1
3052,-1,50,0
3052,-1,60,0
3052,-1,70,0
3053,58.20608389,50,1
3053,58.20608389,60,1
3053,58.20608389,70,0
3054,-1,50,0
3054,-1,60,0
3054,-1,70,0
3055,-1,50,0
3055,-1,60,0
3055,-1,70,1
3056,-1,50,0
3056,-1,60,0
3056,-1,70,0
3057,-1,50,0
3057,-1,60,0
3057,-1,70,0
3058,-1,50,1
3058,-1,60,1
3058,-1,70,2
3059,-1,50,0
3059,-1,60,0
3059,-1,70,0
3060,-1,50,0
3060,-1,60,0
3060,-1,70,1
3061,-1,50,0
3061,-1,60,0
3061,-1,70,0
3062,-1,50,0
3062,-1,60,0
3062,-1,70,0
3063,-1,50,0
3063,-1,60,1
3063,-1,70,2
3064,-1,50,0
3064,-1,60,0
3064,-1,70,0
3065,71.349245,50,0
3065,71.349245,60,0
3065,71.349245,70,2
3066,-1,50,0
3066,-1,60,0
3066,-1,70,0
3067,-1,50,0
3067,-1,60,0
3067,-1,70,0
3068,-1,50,0
3068,-1,60,0
3068,-1,70,1
3069,-1,50,0
3069,-1,60,0
3069,-1,70,0
3070,-1,50,0
3070,-1,60,0
3070,-1,70,1
3071,-1,50,0
3071,-1,60,0
3071,-1,70,1
3072,-1,50,0
3072,-1,60,0
3072,-1,70,0
3073,37.64869127,50,1
3073,37.64869127,60,0
3073,37.64869127,70,0
3074,-1,50,0
3074,-1,60,0
3074,-1,70,0
3075,64.51479218,50,3
3075,64.51479218,60,3
3075,64.51479218,70,3
3076,-1,50,0
3076,-1,60,0
3076,-1,70,1
3077,-1,50,1
3077,-1,60,1
3077,-1,70,1
3078,-1,50,0
3078,-1,60,0
3078,-1,70,1
3079,-1,50,0
3079,-1,60,0
3079,-1,70,0
3080,-1,50,0
3080,-1,60,1
3080,-1,70,2
3081,-1,50,0
3081,-1,60,0
3081,-1,70,0
3082,-1,50,0
3082,-1,60,0
3082,-1,70,0
3083,-1,50,0
3083,-1,60,0
3083,-1,70,0
3084,-1,50,1
3084,-1,60,1
3084,-1,70,1
3085,-1,50,0
3085,-1,60,0
3085,-1,70,0
3086,-1,50,0
3086,-1,60,0
3086,-1,70,0
3087,-1,50,0
3087,-1,60,0
3087,-1,70,0
3088,-1,50,0
3088,-1,60,1
3088,-1,70,1
3089,-1,50,0
3089,-1,60,0
3089,-1,70,2
3090,-1,50,0
3090,-1,60,0
3090,-1,70,0
3091,-1,50,0
3091,-1,60,0
3091,-1,70,0
3092,-1,50,0
3092,-1,60,0
3092,-1,70,1
3093,-1,50,0
3093,-1,60,0
3093,-1,70,0
3094,-1,50,0
3094,-1,60,0
3094,-1,70,1
3095,-1,50,0
3095,-1,60,0
3095,-1,70,0
3096,-1,50,0
3096,-1,60,0
3096,-1,70,0
3097,-1,50,1
3097,-1,60,1
3097,-1,70,1
3098,-1,50,0
3098,-1,60,0
3098,-1,70,0
3099,-1,50,0
3099,-1,60,0
3099,-1,70,0
3100,60.41968125,50,1
3100,60.41968125,60,1
3100,60.41968125,70,1
3101,77.99196908,50,2
3101,77.99196908,60,2
3101,77.99196908,70,3
3102,-1,50,0
3102,-1,60,0
3102,-1,70,0
3103,-1,50,0
3103,-1,60,0
3103,-1,70,0
3104,-1,50,0
3104,-1,60,1
3104,-1,70,1
3105,-1,50,0
3105,-1,60,0
3105,-1,70,1
3106,-1,50,0
3106,-1,60,0
3106,-1,70,0
3107,-1,50,0
3107,-1,60,0
3107,-1,70,0
3108,-1,50,0
3108,-1,60,0
3108,-1,70,0
3109,65.9878879,50,1
3109,65.9878879,60,1
3109,65.9878879,70,2
3110,-1,50,0
3110,-1,60,0
3110,-1,70,0
3111,-1,50,0
3111,-1,60,1
3111,-1,70,2
3112,-1,50,0
3112,-1,60,0
3112,-1,70,0
3113,-1,50,0
3113,-1,60,1
3113,-1,70,1
3114,-1,50,0
3114,-1,60,0
3114,-1,70,0
3115,-1,50,0
3115,-1,60,1
3115,-1,70,1
3116,-1,50,0
3116,-1,60,0
3116,-1,70,1
3117,-1,50,0
3117,-1,60,0
3117,-1,70,0
3118,-1,50,0
3118,-1,60,0
3118,-1,70,1
3119,-1,50,0
3119,-1,60,0
3119,-1,70,0
3120,-1,50,0
3120,-1,60,0
3120,-1,70,0
3121,-1,50,0
3121,-1,60,0
3121,-1,70,0
3122,-1,50,0
3122,-1,60,0
3122,-1,70,1
3123,-1,50,0
3123,-1,60,0
3123,-1,70,1
3124,-1,50,0
3124,-1,60,2
3124,-1,70,2
3125,-1,50,0
3125,-1,60,0
3125,-1,70,0
3126,-1,50,1
3126,-1,60,1
3126,-1,70,2
3127,-1,50,0
3127,-1,60,0
3127,-1,70,0
3128,-1,50,0
3128,-1,60,0
3128,-1,70,0
3129,77.36318388,50,1
3129,77.36318388,60,1
3129,77.36318388,70,1
3130,-1,50,0
3130,-1,60,0
3130,-1,70,0
3131,-1,50,0
3131,-1,60,0
3131,-1,70,0
3132,-1,50,0
3132,-1,60,0
3132,-1,70,1
3133,-1,50,0
3133,-1,60,1
3133,-1,70,1
3134,-1,50,0
3134,-1,60,0
3134,-1,70,0
3135,72.61838055,50,0
3135,72.61838055,60,0
3135,72.61838055,70,1
3136,-1,50,0
3136,-1,60,0
3136,-1,70,0
3137,-1,50,0
3137,-1,60,0
3137,-1,70,0
3138,-1,50,0
3138,-1,60,0
3138,-1,70,0
3139,-1,50,0
3139,-1,60,1
3139,-1,70,2
3140,-1,50,0
3140,-1,60,0
3140,-1,70,0
3141,-1,50,0
3141,-1,60,0
3141,-1,70,0
3142,-1,50,0
3142,-1,60,0
3142,-1,70,1
3143,-1,50,0
3143,-1,60,0
3143,-1,70,0
3144,-1,50,0
3144,-1,60,0
3144,-1,70,0
3145,-1,50,0
3145,-1,60,0
3145,-1,70,0
3146,-1,50,0
3146,-1,60,1
3146,-1,70,1
3147,-1,50,0
3147,-1,60,0
3147,-1,70,1
3148,-1,50,0
3148,-1,60,0
3148,-1,70,1
3149,-1,50,0
3149,-1,60,0
3149,-1,70,0
3150,-1,50,0
3150,-1,60,0
3150,-1,70,0
3151,-1,50,0
3151,-1,60,0
3151,-1,70,2
3152,-1,50,0
3152,-1,60,0
3152,-1,70,0
3153,-1,50,0
3153,-1,60,0
3153,-1,70,0
3154,-1,50,0
3154,-1,60,0
3154,-1,70,0
3155,-1,50,0
3155,-1,60,0
3155,-1,70,0
3156,-1,50,0
3156,-1,60,0
3156,-1,70,0
3157,-1,50,0
3157,-1,60,0
3157,-1,70,0
3158,-1,50,0
3158,-1,60,0
3158,-1,70,0
3159,-1,50,0
3159,-1,60,1
3159,-1,70,1
3160,61.09786464,50,0
3160,61.09786464,60,0
3160,61.09786464,70,1
3161,-1,50,0
3161,-1,60,0
3161,-1,70,0
3162,-1,50,0
3162,-1,60,0
3162,-1,70,0
3163,-1,50,0
3163,-1,60,0
3163,-1,70,0
3164,-1,50,0
3164,-1,60,0
3164,-1,70,0
3165,-1,50,0
3165,-1,60,1
3165,-1,70,3
3166,-1,50,0
3166,-1,60,0
3166,-1,70,0
3167,-1,50,0
3167,-1,60,0
3167,-1,70,0
3168,-1,50,0
3168,-1,60,0
3168,-1,70,0
3169,69.73764618,50,1
3169,69.73764618,60,1
3169,69.73764618,70,1
3170,-1,50,0
3170,-1,60,0
3170,-1,70,1
3171,68.64367975,50,0
3171,68.64367975,60,1
3171,68.64367975,70,1
3172,77.243399,50,1
3172,77.243399,60,1
3172,77.243399,70,1
3173,-1,50,0
3173,-1,60,1
3173,-1,70,2
3174,-1,50,0
3174,-1,60,1
3174,-1,70,1
3175,-1,50,0
3175,-1,60,0
3175,-1,70,0
3176,-1,50,0
3176,-1,60,0
3176,-1,70,0
3177,-1,50,0
3177,-1,60,0
3177,-1,70,0
3178,-1,50,0
3178,-1,60,0
3178,-1,70,0
3179,-1,50,1
3179,-1,60,1
3179,-1,70,1
3180,-1,50,0
3180,-1,60,1
3180,-1,70,1
3181,-1,50,0
3181,-1,60,0
3181,-1,70,0
3182,-1,50,0
3182,-1,60,0
3182,-1,70,1
3183,-1,50,0
3183,-1,60,0
3183,-1,70,0
3184,-1,50,0
3184,-1,60,0
3184,-1,70,1
3185,-1,50,0
3185,-1,60,0
3185,-1,70,0
3186,-1,50,0
3186,-1,60,0
3186,-1,70,0
3187,-1,50,0
3187,-1,60,0
3187,-1,70,1
3188,-1,50,0
3188,-1,60,0
3188,-1,70,1
3189,-1,50,0
3189,-1,60,0
3189,-1,70,0
3190,-1,50,0
3190,-1,60,0
3190,-1,70,0
3191,-1,50,0
3191,-1,60,0
3191,-1,70,0
3192,60.09978358,50,1
3192,60.09978358,60,1
3192,60.09978358,70,2
3193,-1,50,0
3193,-1,60,0
3193,-1,70,0
3194,-1,50,0
3194,-1,60,0
3194,-1,70,0
3195,-1,50,0
3195,-1,60,0
3195,-1,70,1
3196,-1,50,0
3196,-1,60,0
3196,-1,70,0
3197,-1,50,0
3197,-1,60,0
3197,-1,70,1
3198,-1,50,1
3198,-1,60,1
3198,-1,70,2
3199,-1,50,1
3199,-1,60,1
3199,-1,70,1
3200,-1,50,0
3200,-1,60,1
3200,-1,70,1
3201,-1,50,0
3201,-1,60,0
3201,-1,70,0
3202,-1,50,0
3202,-1,60,0
3202,-1,70,0
3203,71.08926316,50,0
3203,71.08926316,60,0
3203,71.08926316,70,0
3204,-1,50,1
3204,-1,60,1
3204,-1,70,1
3205,-1,50,0
3205,-1,60,0
3205,-1,70,0
3206,54.64618556,50,1
3206,54.64618556,60,1
3206,54.64618556,70,0
3207,-1,50,0
3207,-1,60,0
3207,-1,70,2
3208,-1,50,0
3208,-1,60,0
3208,-1,70,0
3209,-1,50,0
3209,-1,60,0
3209,-1,70,1
3210,-1,50,0
3210,-1,60,0
3210,-1,70,1
3211,-1,50,0
3211,-1,60,0
3211,-1,70,0
3212,-1,50,0
3212,-1,60,0
3212,-1,70,0
3213,-1,50,0
3213,-1,60,0
3213,-1,70,1
3214,76.06690172,50,1
3214,76.06690172,60,2
3214,76.06690172,70,2
3215,-1,50,0
3215,-1,60,0
3215,-1,70,0
3216,-1,50,0
3216,-1,60,0
3216,-1,70,1
3217,70.11303117,50,0
3217,70.11303117,60,0
3217,70.11303117,70,1
3218,-1,50,0
3218,-1,60,1
3218,-1,70,2
3219,-1,50,0
3219,-1,60,0
3219,-1,70,0
3220,-1,50,0
3220,-1,60,0
3220,-1,70,1
3221,-1,50,0
3221,-1,60,1
3221,-1,70,1
3222,69.49907441,50,0
3222,69.49907441,60,0
3222,69.49907441,70,1
3223,-1,50,0
3223,-1,60,0
3223,-1,70,0
3224,-1,50,0
3224,-1,60,0
3224,-1,70,0
3225,-1,50,0
3225,-1,60,0
3225,-1,70,0
3226,-1,50,0
3226,-1,60,0
3226,-1,70,1
3227,-1,50,0
3227,-1,60,0
3227,-1,70,1
3228,64.49909202,50,0
3228,64.49909202,60,1
3228,64.49909202,70,1
3229,-1,50,0
3229,-1,60,0
3229,-1,70,0
3230,-1,50,0
3230,-1,60,0
3230,-1,70,0
3231,-1,50,0
3231,-1,60,0
3231,-1,70,0
3232,62.81527447,50,0
3232,62.81527447,60,1
3232,62.81527447,70,1
3233,-1,50,0
3233,-1,60,1
3233,-1,70,1
3234,-1,50,1
3234,-1,60,2
3234,-1,70,2
3235,67.04611893,50,1
3235,67.04611893,60,2
3235,67.04611893,70,2
3236,-1,50,0
3236,-1,60,0
3236,-1,70,0
3237,-1,50,0
3237,-1,60,0
3237,-1,70,0
3238,-1,50,0
3238,-1,60,1
3238,-1,70,2
3239,-1,50,0
3239,-1,60,0
3239,-1,70,1
3240,-1,50,0
3240,-1,60,0
3240,-1,70,0
3241,-1,50,0
3241,-1,60,2
3241,-1,70,2
3242,77.60719504,50,0
3242,77.60719504,60,0
3242,77.60719504,70,0
3243,-1,50,0
3243,-1,60,0
3243,-1,70,0
3244,-1,50,0
3244,-1,60,0
3244,-1,70,0
3245,-1,50,0
3245,-1,60,0
3245,-1,70,0
3246,-1,50,0
3246,-1,60,0
3246,-1,70,0
3247,68.73957196,50,1
3247,68.73957196,60,1
3247,68.73957196,70,1
3248,-1,50,0
3248,-1,60,0
3248,-1,70,0
3249,-1,50,0
3249,-1,60,0
3249,-1,70,0
3250,-1,50,0
3250,-1,60,0
3250,-1,70,1
3251,51.37145455,50,0
3251,51.37145455,60,1
3251,51.37145455,70,0
3252,-1,50,0
3252,-1,60,1
3252,-1,70,1
3253,-1,50,1
3253,-1,60,2
3253,-1,70,2
3254,-1,50,0
3254,-1,60,0
3254,-1,70,0
3255,-1,50,0
3255,-1,60,0
3255,-1,70,0
3256,-1,50,0
3256,-1,60,0
3256,-1,70,0
3257,-1,50,0
3257,-1,60,2
3257,-1,70,2
3258,-1,50,0
3258,-1,60,0
3258,-1,70,0
3259,-1,50,0
3259,-1,60,0
3259,-1,70,0
3260,-1,50,0
3260,-1,60,0
3260,-1,70,1
3261,-1,50,0
3261,-1,60,1
3261,-1,70,1
3262,54.61085822,50,1
3262,54.61085822,60,1
3262,54.61085822,70,0
3263,-1,50,1
3263,-1,60,1
3263,-1,70,2
3264,62.88665294,50,0
3264,62.88665294,60,0
3264,62.88665294,70,1
3265,76.91923637,50,0
3265,76.91923637,60,0
3265,76.91923637,70,0
3266,-1,50,0
3266,-1,60,0
3266,-1,70,1
3267,-1,50,0
3267,-1,60,0
3267,-1,70,0
3268,66.30152421,50,0
3268,66.30152421,60,0
3268,66.30152421,70,0
3269,75.6746686,50,0
3269,75.6746686,60,0
3269,75.6746686,70,1
3270,-1,50,0
3270,-1,60,0
3270,-1,70,0
3271,65.899164,50,1
3271,65.899164,60,1
3271,65.899164,70,1
3272,-1,50,0
3272,-1,60,0
3272,-1,70,1
3273,-1,50,0
3273,-1,60,0
3273,-1,70,0
3274,-1,50,2
3274,-1,60,2
3274,-1,70,2
3275,-1,50,0
3275,-1,60,0
3275,-1,70,0
3276,-1,50,0
3276,-1,60,0
3276,-1,70,0
3277,-1,50,0
3277,-1,60,0
3277,-1,70,0
3278,-1,50,0
3278,-1,60,0
3278,-1,70,1
3279,-1,50,0
3279,-1,60,1
3279,-1,70,1
3280,-1,50,0
3280,-1,60,0
3280,-1,70,0
3281,-1,50,0
3281,-1,60,1
3281,-1,70,1
3282,-1,50,0
3282,-1,60,2
3282,-1,70,2
3283,-1,50,0
3283,-1,60,0
3283,-1,70,0
3284,-1,50,0
3284,-1,60,0
3284,-1,70,1
3285,-1,50,0
3285,-1,60,0
3285,-1,70,0
3286,-1,50,0
3286,-1,60,0
3286,-1,70,0
3287,-1,50,0
3287,-1,60,0
3287,-1,70,0
3288,69.4161121,50,1
3288,69.4161121,60,1
3288,69.4161121,70,1
3289,-1,50,0
3289,-1,60,1
3289,-1,70,1
3290,33.54033783,50,2
3290,33.54033783,60,0
3290,33.54033783,70,0
3291,72.9981425,50,1
3291,72.9981425,60,1
3291,72.9981425,70,1
3292,-1,50,0
3292,-1,60,1
3292,-1,70,2
3293,-1,50,0
3293,-1,60,0
3293,-1,70,0
3294,-1,50,0
3294,-1,60,0
3294,-1,70,0
3295,-1,50,0
3295,-1,60,0
3295,-1,70,1
3296,-1,50,1
3296,-1,60,1
3296,-1,70,1
3297,79.93929586,50,1
3297,79.93929586,60,2
3297,79.93929586,70,2
3298,-1,50,0
3298,-1,60,0
3298,-1,70,0
3299,-1,50,0
3299,-1,60,0
3299,-1,70,0
3300,63.82334732,50,0
3300,63.82334732,60,1
3300,63.82334732,70,3
3301,-1,50,0
3301,-1,60,0
3301,-1,70,0
3302,-1,50,1
3302,-1,60,1
3302,-1,70,1
3303,-1,50,0
3303,-1,60,0
3303,-1,70,1
3304,-1,50,0
3304,-1,60,0
3304,-1,70,0
3305,-1,50,0
3305,-1,60,0
3305,-1,70,0
3306,-1,50,0
3306,-1,60,0
3306,-1,70,1
3307,-1,50,0
3307,-1,60,0
3307,-1,70,0
3308,-1,50,0
3308,-1,60,0
3308,-1,70,0
3309,-1,50,0
3309,-1,60,0
3309,-1,70,0
3310,-1,50,0
3310,-1,60,0
3310,-1,70,1
3311,-1,50,0
3311,-1,60,0
3311,-1,70,0
3312,-1,50,0
3312,-1,60,1
3312,-1,70,1
3313,-1,50,0
3313,-1,60,0
3313,-1,70,0
3314,68.0111817,50,0
3314,68.0111817,60,2
3314,68.0111817,70,2
3315,-1,50,0
3315,-1,60,0
3315,-1,70,0
3316,-1,50,0
3316,-1,60,0
3316,-1,70,0
3317,-1,50,1
3317,-1,60,1
3317,-1,70,1
3318,-1,50,0
3318,-1,60,0
3318,-1,70,0
3319,-1,50,0
3319,-1,60,0
3319,-1,70,0
3320,-1,50,1
3320,-1,60,2
3320,-1,70,2
3321,-1,50,0
3321,-1,60,0
3321,-1,70,0
3322,-1,50,0
3322,-1,60,0
3322,-1,70,0
3323,76.30756359,50,1
3323,76.30756359,60,1
3323,76.30756359,70,1
3324,-1,50,1
3324,-1,60,2
3324,-1,70,2
3325,-1,50,0
3325,-1,60,0
3325,-1,70,0
3326,-1,50,0
3326,-1,60,0
3326,-1,70,0
3327,-1,50,0
3327,-1,60,0
3327,-1,70,0
3328,-1,50,1
3328,-1,60,1
3328,-1,70,1
3329,-1,50,0
3329,-1,60,0
3329,-1,70,0
3330,-1,50,0
3330,-1,60,0
3330,-1,70,0
3331,-1,50,0
3331,-1,60,1
3331,-1,70,2
3332,-1,50,0
3332,-1,60,0
3332,-1,70,0
3333,-1,50,0
3333,-1,60,0
3333,-1,70,0
3334,-1,50,0
3334,-1,60,0
3334,-1,70,0
3335,-1,50,0
3335,-1,60,0
3335,-1,70,0
3336,70.23685266,50,0
3336,70.23685266,60,0
3336,70.23685266,70,1
3337,-1,50,0
3337,-1,60,1
3337,-1,70,2
3338,-1,50,0
3338,-1,60,1
3338,-1,70,1
3339,-1,50,0
3339,-1,60,0
3339,-1,70,0
3340,-1,50,0
3340,-1,60,0
3340,-1,70,0
3341,-1,50,0
3341,-1,60,0
3341,-1,70,1
3342,75.0782742,50,0
3342,75.0782742,60,0
3342,75.0782742,70,1
3343,-1,50,0
3343,-1,60,0
3343,-1,70,0
3344,-1,50,0
3344,-1,60,0
3344,-1,70,0
3345,-1,50,1
3345,-1,60,1
3345,-1,70,2
3346,-1,50,0
3346,-1,60,0
3346,-1,70,0
3347,-1,50,0
3347,-1,60,1
3347,-1,70,1
3348,-1,50,0
3348,-1,60,1
3348,-1,70,2
3349,-1,50,0
3349,-1,60,0
3349,-1,70,0
3350,-1,50,0
3350,-1,60,0
3350,-1,70,1
3351,-1,50,1
3351,-1,60,1
3351,-1,70,2
3352,-1,50,0
3352,-1,60,0
3352,-1,70,0
3353,-1,50,0
3353,-1,60,0
3353,-1,70,0
3354,-1,50,0
3354,-1,60,0
3354,-1,70,1
3355,-1,50,0
3355,-1,60,1
3355,-1,70,2
3356,-1,50,0
3356,-1,60,1
3356,-1,70,1
3357,-1,50,0
3357,-1,60,0
3357,-1,70,0
3358,-1,50,1
3358,-1,60,1
3358,-1,70,2
3359,-1,50,0
3359,-1,60,1
3359,-1,70,2
3360,-1,50,0
3360,-1,60,1
3360,-1,70,1
3361,-1,50,0
3361,-1,60,0
3361,-1,70,0
3362,-1,50,0
3362,-1,60,0
3362,-1,70,0
3363,-1,50,0
3363,-1,60,0
3363,-1,70,1
3364,74.2270342,50,0
3364,74.2270342,60,1
3364,74.2270342,70,1
3365,59.00894783,50,0
3365,59.00894783,60,1
3365,59.00894783,70,0
3366,-1,50,0
3366,-1,60,0
3366,-1,70,0
3367,-1,50,0
3367,-1,60,0
3367,-1,70,0
3368,-1,50,0
3368,-1,60,0
3368,-1,70,0
3369,-1,50,0
3369,-1,60,0
3369,-1,70,1
3370,-1,50,0
3370,-1,60,1
3370,-1,70,2
3371,-1,50,0
3371,-1,60,1
3371,-1,70,1
3372,66.47222454,50,2
3372,66.47222454,60,2
3372,66.47222454,70,4
3373,-1,50,0
3373,-1,60,0
3373,-1,70,0
3374,-1,50,0
3374,-1,60,2
3374,-1,70,2
3375,-1,50,0
3375,-1,60,0
3375,-1,70,0
3376,-1,50,0
3376,-1,60,0
3376,-1,70,0
3377,-1,50,0
3377,-1,60,0
3377,-1,70,0
3378,-1,50,0
3378,-1,60,0
3378,-1,70,1
3379,-1,50,0
3379,-1,60,0
3379,-1,70,0
3380,-1,50,0
3380,-1,60,0
3380,-1,70,0
3381,-1,50,0
3381,-1,60,0
3381,-1,70,0
3382,-1,50,0
3382,-1,60,1
3382,-1,70,1
3383,-1,50,0
3383,-1,60,0
3383,-1,70,1
3384,-1,50,0
3384,-1,60,0
3384,-1,70,0
3385,-1,50,0
3385,-1,60,1
3385,-1,70,2
3386,77.32727548,50,1
3386,77.32727548,60,1
3386,77.32727548,70,1
3387,-1,50,0
3387,-1,60,1
3387,-1,70,1
3388,-1,50,0
3388,-1,60,0
3388,-1,70,0
3389,-1,50,0
3389,-1,60,0
3389,-1,70,0
3390,-1,50,0
3390,-1,60,0
3390,-1,70,1
3391,75.96701949,50,1
3391,75.96701949,60,1
3391,75.96701949,70,1
3392,-1,50,0
3392,-1,60,0
3392,-1,70,0
3393,-1,50,0
3393,-1,60,0
3393,-1,70,1
3394,-1,50,0
3394,-1,60,0
3394,-1,70,0
3395,-1,50,0
3395,-1,60,0
3395,-1,70,1
3396,-1,50,0
3396,-1,60,0
3396,-1,70,0
3397,-1,50,0
3397,-1,60,0
3397,-1,70,0
3398,69.45503079,50,1
3398,69.45503079,60,1
3398,69.45503079,70,1
3399,67.53978291,50,1
3399,67.53978291,60,2
3399,67.53978291,70,2
3400,-1,50,0
3400,-1,60,0
3400,-1,70,1
3401,-1,50,0
3401,-1,60,0
3401,-1,70,2
3402,-1,50,0
3402,-1,60,0
3402,-1,70,0
3403,79.77016115,50,0
3403,79.77016115,60,1
3403,79.77016115,70,1
3404,-1,50,0
3404,-1,60,0
3404,-1,70,0
3405,-1,50,0
3405,-1,60,0
3405,-1,70,0
3406,70.15938895,50,0
3406,70.15938895,60,1
3406,70.15938895,70,1
3407,50.54048428,50,1
3407,50.54048428,60,2
3407,50.54048428,70,0
3408,61.83733759,50,1
3408,61.83733759,60,1
3408,61.83733759,70,1
3409,-1,50,0
3409,-1,60,0
3409,-1,70,1
3410,-1,50,0
3410,-1,60,0
3410,-1,70,0
3411,-1,50,0
3411,-1,60,0
3411,-1,70,0
3412,-1,50,0
3412,-1,60,0
3412,-1,70,1
3413,-1,50,0
3413,-1,60,0
3413,-1,70,0
3414,57.70082285,50,0
3414,57.70082285,60,1
3414,57.70082285,70,0
3415,-1,50,0
3415,-1,60,0
3415,-1,70,0
3416,-1,50,0
3416,-1,60,0
3416,-1,70,1
3417,-1,50,0
3417,-1,60,0
3417,-1,70,2
3418,66.85912767,50,1
3418,66.85912767,60,1
3418,66.85912767,70,2
3419,-1,50,0
3419,-1,60,0
3419,-1,70,0
3420,-1,50,0
3420,-1,60,0
3420,-1,70,0
3421,-1,50,0
3421,-1,60,0
3421,-1,70,1
3422,-1,50,0
3422,-1,60,1
3422,-1,70,2
3423,75.51322332,50,1
3423,75.51322332,60,1
3423,75.51322332,70,1
3424,-1,50,0
3424,-1,60,0
3424,-1,70,0
3425,-1,50,0
3425,-1,60,0
3425,-1,70,1
3426,-1,50,0
3426,-1,60,0
3426,-1,70,0
3427,-1,50,0
3427,-1,60,0
3427,-1,70,0
3428,57.28675575,50,1
3428,57.28675575,60,2
3428,57.28675575,70,0
3429,-1,50,0
3429,-1,60,0
3429,-1,70,0
3430,58.93570988,50,1
3430,58.93570988,60,1
3430,58.93570988,70,0
3431,-1,50,0
3431,-1,60,0
3431,-1,70,1
3432,-1,50,0
3432,-1,60,0
3432,-1,70,0
3433,-1,50,0
3433,-1,60,0
3433,-1,70,0
3434,79.69512895,50,0
3434,79.69512895,60,2
3434,79.69512895,70,2
3435,60.90692022,50,2
3435,60.90692022,60,2
3435,60.90692022,70,2
3436,-1,50,0
3436,-1,60,0
3436,-1,70,0
3437,-1,50,0
3437,-1,60,0
3437,-1,70,1
3438,-1,50,0
3438,-1,60,0
3438,-1,70,0
3439,-1,50,0
3439,-1,60,0
3439,-1,70,0
3440,-1,50,0
3440,-1,60,0
3440,-1,70,0
3441,73.28158186,50,1
3441,73.28158186,60,1
3441,73.28158186,70,1
3442,-1,50,0
3442,-1,60,0
3442,-1,70,1
3443,-1,50,0
3443,-1,60,0
3443,-1,70,0
3444,68.98616124,50,0
3444,68.98616124,60,0
3444,68.98616124,70,0
3445,-1,50,0
3445,-1,60,0
3445,-1,70,1
3446,78.42561783,50,1
3446,78.42561783,60,1
3446,78.42561783,70,1
3447,-1,50,0
3447,-1,60,0
3447,-1,70,0
3448,77.08949497,50,1
3448,77.08949497,60,1
3448,77.08949497,70,1
3449,-1,50,0
3449,-1,60,0
3449,-1,70,0
3450,-1,50,0
3450,-1,60,0
3450,-1,70,0
3451,-1,50,0
3451,-1,60,0
3451,-1,70,0
3452,-1,50,0
3452,-1,60,0
3452,-1,70,0
3453,-1,50,0
3453,-1,60,0
3453,-1,70,0
3454,-1,50,0
3454,-1,60,0
3454,-1,70,0
3455,61.65252257,50,2
3455,61.65252257,60,2
3455,61.65252257,70,3
3456,-1,50,1
3456,-1,60,3
3456,-1,70,3
3457,-1,50,1
3457,-1,60,1
3457,-1,70,1
3458,79.80083389,50,0
3458,79.80083389,60,1
3458,79.80083389,70,1
3459,-1,50,1
3459,-1,60,2
3459,-1,70,2
3460,-1,50,0
3460,-1,60,0
3460,-1,70,0
3461,74.36110879,50,0
3461,74.36110879,60,1
3461,74.36110879,70,2
3462,65.3785101,50,0
3462,65.3785101,60,0
3462,65.3785101,70,0
3463,-1,50,0
3463,-1,60,1
3463,-1,70,1
3464,-1,50,0
3464,-1,60,1
3464,-1,70,2
3465,-1,50,0
3465,-1,60,0
3465,-1,70,0
3466,-1,50,1
3466,-1,60,1
3466,-1,70,1
3467,74.0260674,50,1
3467,74.0260674,60,1
3467,74.0260674,70,1
3468,-1,50,0
3468,-1,60,0
3468,-1,70,0
3469,-1,50,0
3469,-1,60,0
3469,-1,70,0
3470,-1,50,0
3470,-1,60,0
3470,-1,70,1
3471,-1,50,0
3471,-1,60,0
3471,-1,70,1
3472,-1,50,0
3472,-1,60,0
3472,-1,70,0
3473,-1,50,0
3473,-1,60,0
3473,-1,70,0
3474,50.49730012,50,1
3474,50.49730012,60,1
3474,50.49730012,70,0
3475,-1,50,0
3475,-1,60,0
3475,-1,70,0
3476,78.3379729,50,0
3476,78.3379729,60,0
3476,78.3379729,70,1
3477,-1,50,0
3477,-1,60,0
3477,-1,70,0
3478,52.4104984,50,2
3478,52.4104984,60,2
3478,52.4104984,70,0
3479,-1,50,0
3479,-1,60,1
3479,-1,70,2
3480,-1,50,0
3480,-1,60,0
3480,-1,70,0
3481,-1,50,0
3481,-1,60,0
3481,-1,70,0
3482,-1,50,0
3482,-1,60,0
3482,-1,70,0
3483,-1,50,1
3483,-1,60,1
3483,-1,70,1
3484,-1,50,0
3484,-1,60,0
3484,-1,70,0
3485,-1,50,0
3485,-1,60,0
3485,-1,70,1
3486,-1,50,0
3486,-1,60,0
3486,-1,70,1
3487,-1,50,0
3487,-1,60,1
3487,-1,70,2
3488,72.82484499,50,0
3488,72.82484499,60,2
3488,72.82484499,70,2
3489,-1,50,0
3489,-1,60,0
3489,-1,70,0
3490,-1,50,0
3490,-1,60,0
3490,-1,70,2
3491,-1,50,0
3491,-1,60,2
3491,-1,70,2
3492,-1,50,0
3492,-1,60,0
3492,-1,70,1
3493,-1,50,0
3493,-1,60,0
3493,-1,70,1
3494,-1,50,0
3494,-1,60,0
3494,-1,70,0
3495,-1,50,0
3495,-1,60,0
3495,-1,70,0
3496,-1,50,1
3496,-1,60,1
3496,-1,70,1
3497,63.75143888,50,1
3497,63.75143888,60,1
3497,63.75143888,70,1
3498,-1,50,0
3498,-1,60,0
3498,-1,70,0
3499,-1,50,0
3499,-1,60,0
3499,-1,70,0
3500,-1,50,0
3500,-1,60,0
3500,-1,70,0
3501,-1,50,0
3501,-1,60,0
3501,-1,70,0
3502,63.02618846,50,1
3502,63.02618846,60,1
3502,63.02618846,70,2
3503,-1,50,0
3503,-1,60,0
3503,-1,70,0
3504,-1,50,0
3504,-1,60,0
3504,-1,70,0
3505,-1,50,0
3505,-1,60,0
3505,-1,70,0
3506,-1,50,0
3506,-1,60,0
3506,-1,70,0
3507,-1,50,0
3507,-1,60,0
3507,-1,70,0
3508,64.67143095,50,0
3508,64.67143095,60,1
3508,64.67143095,70,4
3509,-1,50,0
3509,-1,60,1
3509,-1,70,1
3510,-1,50,0
3510,-1,60,0
3510,-1,70,1
3511,-1,50,0
3511,-1,60,0
3511,-1,70,1
3512,-1,50,0
3512,-1,60,0
3512,-1,70,0
3513,-1,50,0
3513,-1,60,0
3513,-1,70,1
3514,-1,50,0
3514,-1,60,0
3514,-1,70,1
3515,-1,50,1
3515,-1,60,2
3515,-1,70,2
3516,-1,50,0
3516,-1,60,0
3516,-1,70,0
3517,-1,50,0
3517,-1,60,0
3517,-1,70,0
3518,-1,50,0
3518,-1,60,0
3518,-1,70,0
3519,71.75850884,50,0
3519,71.75850884,60,1
3519,71.75850884,70,1
3520,-1,50,0
3520,-1,60,1
3520,-1,70,1
3521,-1,50,0
3521,-1,60,0
3521,-1,70,0
3522,-1,50,0
3522,-1,60,0
3522,-1,70,0
3523,77.30086924,50,0
3523,77.30086924,60,0
3523,77.30086924,70,3
3524,-1,50,0
3524,-1,60,0
3524,-1,70,0
3525,-1,50,0
3525,-1,60,0
3525,-1,70,0
3526,-1,50,1
3526,-1,60,1
3526,-1,70,1
3527,-1,50,0
3527,-1,60,0
3527,-1,70,0
3528,-1,50,0
3528,-1,60,0
3528,-1,70,0
3529,-1,50,0
3529,-1,60,0
3529,-1,70,0
3530,-1,50,0
3530,-1,60,0
3530,-1,70,1
3531,-1,50,0
3531,-1,60,0
3531,-1,70,0
3532,-1,50,0
3532,-1,60,1
3532,-1,70,1
3533,79.84183197,50,0
3533,79.84183197,60,0
3533,79.84183197,70,1
3534,65.63498244,50,1
3534,65.63498244,60,1
3534,65.63498244,70,1
3535,-1,50,0
3535,-1,60,1
3535,-1,70,1
3536,75.3774605,50,2
3536,75.3774605,60,2
3536,75.3774605,70,2
3537,-1,50,0
3537,-1,60,0
3537,-1,70,0
3538,-1,50,0
3538,-1,60,0
3538,-1,70,1
3539,-1,50,0
3539,-1,60,0
3539,-1,70,0
3540,-1,50,0
3540,-1,60,0
3540,-1,70,0
3541,-1,50,0
3541,-1,60,1
3541,-1,70,2
3542,-1,50,0
3542,-1,60,0
3542,-1,70,0
3543,-1,50,0
3543,-1,60,0
3543,-1,70,2
3544,-1,50,0
3544,-1,60,0
3544,-1,70,0
3545,-1,50,0
3545,-1,60,0
3545,-1,70,0
3546,-1,50,0
3546,-1,60,0
3546,-1,70,0
3547,-1,50,0
3547,-1,60,0
3547,-1,70,1
3548,-1,50,0
3548,-1,60,0
3548,-1,70,0
3549,-1,50,0
3549,-1,60,0
3549,-1,70,0
3550,-1,50,0
3550,-1,60,0
3550,-1,70,0
3551,-1,50,0
3551,-1,60,1
3551,-1,70,1
3552,-1,50,0
3552,-1,60,1
3552,-1,70,1
3553,-1,50,0
3553,-1,60,0
3553,-1,70,0
3554,-1,50,0
3554,-1,60,1
3554,-1,70,2
3555,28.2292399,50,1
3555,28.2292399,60,0
3555,28.2292399,70,0
3556,-1,50,0
3556,-1,60,0
3556,-1,70,0
3557,-1,50,0
3557,-1,60,0
3557,-1,70,1
3558,-1,50,0
3558,-1,60,0
3558,-1,70,0
3559,-1,50,0
3559,-1,60,0
3559,-1,70,0
3560,-1,50,1
3560,-1,60,1
3560,-1,70,2
3561,-1,50,0
3561,-1,60,0
3561,-1,70,0
3562,-1,50,0
3562,-1,60,0
3562,-1,70,0
3563,-1,50,0
3563,-1,60,1
3563,-1,70,1
3564,-1,50,0
3564,-1,60,0
3564,-1,70,0
3565,-1,50,0
3565,-1,60,1
3565,-1,70,1
3566,-1,50,0
3566,-1,60,1
3566,-1,70,1
3567,-1,50,0
3567,-1,60,0
3567,-1,70,0
3568,61.43235675,50,1
3568,61.43235675,60,1
3568,61.43235675,70,2
3569,-1,50,0
3569,-1,60,0
3569,-1,70,0
3570,-1,50,0
3570,-1,60,0
3570,-1,70,1
3571,-1,50,1
3571,-1,60,1
3571,-1,70,1
3572,-1,50,0
3572,-1,60,0
3572,-1,70,4
3573,-1,50,0
3573,-1,60,0
3573,-1,70,1
3574,-1,50,0
3574,-1,60,0
3574,-1,70,1
3575,-1,50,1
3575,-1,60,1
3575,-1,70,1
3576,-1,50,0
3576,-1,60,0
3576,-1,70,0
3577,-1,50,0
3577,-1,60,0
3577,-1,70,0
3578,-1,50,0
3578,-1,60,0
3578,-1,70,0
3579,-1,50,0
3579,-1,60,0
3579,-1,70,0
3580,-1,50,0
3580,-1,60,0
3580,-1,70,1
3581,-1,50,1
3581,-1,60,1
3581,-1,70,1
3582,-1,50,1
3582,-1,60,1
3582,-1,70,1
3583,65.87140677,50,0
3583,65.87140677,60,1
3583,65.87140677,70,1
3584,-1,50,0
3584,-1,60,0
3584,-1,70,0
3585,-1,50,0
3585,-1,60,1
3585,-1,70,1
3586,-1,50,0
3586,-1,60,0
3586,-1,70,0
3587,-1,50,0
3587,-1,60,0
3587,-1,70,0
3588,-1,50,0
3588,-1,60,0
3588,-1,70,1
3589,-1,50,0
3589,-1,60,0
3589,-1,70,0
3590,-1,50,0
3590,-1,60,0
3590,-1,70,0
3591,-1,50,0
3591,-1,60,0
3591,-1,70,0
3592,-1,50,0
3592,-1,60,0
3592,-1,70,0
3593,-1,50,0
3593,-1,60,0
3593,-1,70,0
3594,66.71132467,50,1
3594,66.71132467,60,2
3594,66.71132467,70,3
3595,-1,50,0
3595,-1,60,1
3595,-1,70,1
3596,-1,50,0
3596,-1,60,0
3596,-1,70,0
3597,-1,50,0
3597,-1,60,0
3597,-1,70,0
3598,-1,50,0
3598,-1,60,1
3598,-1,70,1
3599,-1,50,0
3599,-1,60,0
3599,-1,70,0
3600,-1,50,1
3600,-1,60,1
3600,-1,70,1
3601,-1,50,0
3601,-1,60,0
3601,-1,70,0
3602,68.9753964,50,0
3602,68.9753964,60,1
3602,68.9753964,70,1
3603,65.9582669,50,1
3603,65.9582669,60,1
3603,65.9582669,70,2
3604,-1,50,1
3604,-1,60,2
3604,-1,70,2
3605,75.36877308,50,1
3605,75.36877308,60,1
3605,75.36877308,70,1
3606,-1,50,0
3606,-1,60,0
3606,-1,70,0
3607,-1,50,0
3607,-1,60,0
3607,-1,70,2
3608,-1,50,0
3608,-1,60,0
3608,-1,70,0
3609,-1,50,0
3609,-1,60,0
3609,-1,70,0
3610,-1,50,0
3610,-1,60,0
3610,-1,70,0
3611,76.22670858,50,2
3611,76.22670858,60,2
3611,76.22670858,70,2
3612,-1,50,0
3612,-1,60,0
3612,-1,70,0
3613,-1,50,1
3613,-1,60,1
3613,-1,70,2
3614,-1,50,0
3614,-1,60,0
3614,-1,70,1
3615,79.568602,50,1
3615,79.568602,60,2
3615,79.568602,70,2
3616,-1,50,0
3616,-1,60,2
3616,-1,70,2
3617,-1,50,0
3617,-1,60,0
3617,-1,70,0
3618,-1,50,0
3618,-1,60,1
3618,-1,70,1
3619,-1,50,0
3619,-1,60,0
3619,-1,70,0
3620,-1,50,0
3620,-1,60,0
3620,-1,70,0
3621,-1,50,0
3621,-1,60,0
3621,-1,70,0
3622,56.26279056,50,1
3622,56.26279056,60,2
3622,56.26279056,70,0
3623,-1,50,0
3623,-1,60,1
3623,-1,70,1
3624,-1,50,0
3624,-1,60,0
3624,-1,70,0
3625,-1,50,0
3625,-1,60,0
3625,-1,70,0
3626,77.02934438,50,0
3626,77.02934438,60,1
3626,77.02934438,70,1
3627,-1,50,0
3627,-1,60,0
3627,-1,70,0
3628,-1,50,0
3628,-1,60,0
3628,-1,70,0
3629,74.96826289,50,1
3629,74.96826289,60,1
3629,74.96826289,70,1
3630,-1,50,0
3630,-1,60,0
3630,-1,70,0
3631,-1,50,0
3631,-1,60,1
3631,-1,70,1
3632,-1,50,0
3632,-1,60,1
3632,-1,70,1
3633,-1,50,0
3633,-1,60,0
3633,-1,70,0
3634,-1,50,0
3634,-1,60,1
3634,-1,70,1
3635,-1,50,0
3635,-1,60,1
3635,-1,70,1
3636,-1,50,0
3636,-1,60,0
3636,-1,70,0
3637,-1,50,0
3637,-1,60,0
3637,-1,70,0
3638,-1,50,0
3638,-1,60,0
3638,-1,70,0
3639,-1,50,0
3639,-1,60,0
3639,-1,70,1
3640,-1,50,0
3640,-1,60,0
3640,-1,70,0
3641,-1,50,0
3641,-1,60,0
3641,-1,70,1
3642,-1,50,0
3642,-1,60,1
3642,-1,70,2
3643,-1,50,0
3643,-1,60,0
3643,-1,70,0
3644,-1,50,0
3644,-1,60,0
3644,-1,70,0
3645,-1,50,0
3645,-1,60,0
3645,-1,70,1
3646,54.46154883,50,1
3646,54.46154883,60,1
3646,54.46154883,70,0
3647,-1,50,0
3647,-1,60,0
3647,-1,70,0
3648,51.72030284,50,1
3648,51.72030284,60,1
3648,51.72030284,70,0
3649,-1,50,0
3649,-1,60,0
3649,-1,70,0
3650,-1,50,0
3650,-1,60,0
3650,-1,70,0
3651,-1,50,0
3651,-1,60,0
3651,-1,70,0
3652,70.91574081,50,1
3652,70.91574081,60,2
3652,70.91574081,70,2
3653,64.45475095,50,0
3653,64.45475095,60,1
3653,64.45475095,70,1
3654,-1,50,0
3654,-1,60,0
3654,-1,70,0
3655,-1,50,0
3655,-1,60,1
3655,-1,70,1
3656,-1,50,0
3656,-1,60,0
3656,-1,70,1
3657,-1,50,0
3657,-1,60,0
3657,-1,70,1
3658,-1,50,0
3658,-1,60,0
3658,-1,70,0
3659,-1,50,0
3659,-1,60,1
3659,-1,70,2
3660,-1,50,0
3660,-1,60,0
3660,-1,70,0
3661,-1,50,0
3661,-1,60,0
3661,-1,70,0
3662,-1,50,0
3662,-1,60,0
3662,-1,70,0
3663,-1,50,0
3663,-1,60,0
3663,-1,70,0
3664,-1,50,0
3664,-1,60,0
3664,-1,70,0
3665,69.132454,50,1
3665,69.132454,60,1
3665,69.132454,70,2
3666,-1,50,0
3666,-1,60,0
3666,-1,70,0
3667,-1,50,0
3667,-1,60,0
3667,-1,70,0
3668,-1,50,0
3668,-1,60,0
3668,-1,70,0
3669,-1,50,0
3669,-1,60,0
3669,-1,70,0
3670,-1,50,0
3670,-1,60,0
3670,-1,70,1
3671,-1,50,0
3671,-1,60,0
3671,-1,70,0
3672,-1,50,0
3672,-1,60,2
3672,-1,70,2
3673,-1,50,0
3673,-1,60,0
3673,-1,70,0
3674,55.47240364,50,1
3674,55.47240364,60,1
3674,55.47240364,70,0
3675,-1,50,0
3675,-1,60,0
3675,-1,70,0
3676,-1,50,0
3676,-1,60,0
3676,-1,70,1
3677,-1,50,0
3677,-1,60,0
3677,-1,70,0
3678,-1,50,0
3678,-1,60,0
3678,-1,70,0
3679,-1,50,0
3679,-1,60,0
3679,-1,70,0
3680,-1,50,0
3680,-1,60,0
3680,-1,70,0
3681,-1,50,0
3681,-1,60,0
3681,-1,70,0
3682,-1,50,0
3682,-1,60,1
3682,-1,70,1
3683,-1,50,0
3683,-1,60,0
3683,-1,70,0
3684,60.0387088,50,0
3684,60.0387088,60,1
3684,60.0387088,70,1
3685,78.32632017,50,0
3685,78.32632017,60,1
3685,78.32632017,70,1
3686,-1,50,0
3686,-1,60,0
3686,-1,70,0
3687,-1,50,0
3687,-1,60,0
3687,-1,70,0
3688,59.92660408,50,1
3688,59.92660408,60,1
3688,59.92660408,70,0
3689,-1,50,0
3689,-1,60,0
3689,-1,70,0
3690,-1,50,0
3690,-1,60,0
3690,-1,70,0
3691,-1,50,0
3691,-1,60,0
3691,-1,70,0
3692,-1,50,0
3692,-1,60,0
3692,-1,70,1
3693,-1,50,0
3693,-1,60,0
3693,-1,70,0
3694,-1,50,0
3694,-1,60,0
3694,-1,70,0
3695,74.28379485,50,0
3695,74.28379485,60,0
3695,74.28379485,70,1
3696,-1,50,0
3696,-1,60,1
3696,-1,70,2
3697,-1,50,0
3697,-1,60,0
3697,-1,70,0
3698,-1,50,0
3698,-1,60,0
3698,-1,70,0
3699,-1,50,0
3699,-1,60,0
3699,-1,70,0
3700,-1,50,0
3700,-1,60,1
3700,-1,70,3
3701,75.97067367,50,1
3701,75.97067367,60,1
3701,75.97067367,70,1
3702,-1,50,0
3702,-1,60,0
3702,-1,70,0
3703,-1,50,0
3703,-1,60,0
3703,-1,70,0
3704,57.94811407,50,0
3704,57.94811407,60,0
3704,57.94811407,70,0
3705,-1,50,0
3705,-1,60,0
3705,-1,70,0
3706,73.89378188,50,1
3706,73.89378188,60,1
3706,73.89378188,70,1
3707,-1,50,0
3707,-1,60,0
3707,-1,70,0
3708,-1,50,0
3708,-1,60,0
3708,-1,70,0
3709,44.13597285,50,1
3709,44.13597285,60,0
3709,44.13597285,70,0
3710,-1,50,0
3710,-1,60,0
3710,-1,70,0
3711,-1,50,0
3711,-1,60,0
3711,-1,70,1
3712,-1,50,0
3712,-1,60,0
3712,-1,70,1
3713,-1,50,0
3713,-1,60,0
3713,-1,70,0
3714,-1,50,0
3714,-1,60,0
3714,-1,70,0
3715,-1,50,0
3715,-1,60,0
3715,-1,70,0
3716,-1,50,0
3716,-1,60,0
3716,-1,70,1
3717,79.83401895,50,2
3717,79.83401895,60,3
3717,79.83401895,70,3
3718,64.926441,50,1
3718,64.926441,60,1
3718,64.926441,70,1
3719,-1,50,0
3719,-1,60,0
3719,-1,70,0
3720,-1,50,0
3720,-1,60,1
3720,-1,70,2
3721,-1,50,0
3721,-1,60,0
3721,-1,70,0
3722,-1,50,0
3722,-1,60,0
3722,-1,70,0
3723,-1,50,0
3723,-1,60,0
3723,-1,70,0
3724,-1,50,0
3724,-1,60,0
3724,-1,70,0
3725,-1,50,0
3725,-1,60,0
3725,-1,70,1
3726,-1,50,0
3726,-1,60,0
3726,-1,70,0
3727,77.37784375,50,0
3727,77.37784375,60,1
3727,77.37784375,70,1
3728,-1,50,0
3728,-1,60,0
3728,-1,70,0
3729,-1,50,0
3729,-1,60,0
3729,-1,70,1
3730,-1,50,0
3730,-1,60,0
3730,-1,70,0
3731,-1,50,0
3731,-1,60,0
3731,-1,70,2
3732,-1,50,0
3732,-1,60,0
3732,-1,70,0
3733,-1,50,0
3733,-1,60,0
3733,-1,70,0
3734,-1,50,0
3734,-1,60,0
3734,-1,70,0
3735,-1,50,0
3735,-1,60,0
3735,-1,70,0
3736,-1,50,1
3736,-1,60,1
3736,-1,70,1
3737,-1,50,0
3737,-1,60,0
3737,-1,70,0
3738,-1,50,0
3738,-1,60,1
3738,-1,70,1
3739,-1,50,0
3739,-1,60,0
3739,-1,70,0
3740,-1,50,1
3740,-1,60,2
3740,-1,70,2
3741,-1,50,0
3741,-1,60,0
3741,-1,70,0
3742,74.78422219,50,0
3742,74.78422219,60,1
3742,74.78422219,70,2
3743,-1,50,0
3743,-1,60,0
3743,-1,70,0
3744,-1,50,0
3744,-1,60,1
3744,-1,70,1
3745,-1,50,0
3745,-1,60,0
3745,-1,70,0
3746,-1,50,0
3746,-1,60,0
3746,-1,70,0
3747,-1,50,2
3747,-1,60,2
3747,-1,70,2
3748,-1,50,0
3748,-1,60,0
3748,-1,70,0
3749,-1,50,0
3749,-1,60,0
3749,-1,70,1
3750,-1,50,1
3750,-1,60,1
3750,-1,70,1
3751,-1,50,0
3751,-1,60,1
3751,-1,70,1
3752,-1,50,0
3752,-1,60,0
3752,-1,70,0
3753,-1,50,0
3753,-1,60,0
3753,-1,70,0
3754,-1,50,0
3754,-1,60,0
3754,-1,70,0
3755,-1,50,1
3755,-1,60,1
3755,-1,70,2
3756,-1,50,0
3756,-1,60,0
3756,-1,70,0
3757,-1,50,0
3757,-1,60,1
3757,-1,70,1
3758,-1,50,0
3758,-1,60,0
3758,-1,70,0
3759,74.28899946,50,1
3759,74.28899946,60,1
3759,74.28899946,70,1
3760,-1,50,1
3760,-1,60,1
3760,-1,70,2
3761,-1,50,0
3761,-1,60,0
3761,-1,70,2
3762,-1,50,0
3762,-1,60,0
3762,-1,70,0
3763,-1,50,0
3763,-1,60,0
3763,-1,70,0
3764,-1,50,0
3764,-1,60,0
3764,-1,70,0
3765,-1,50,0
3765,-1,60,0
3765,-1,70,0
3766,-1,50,0
3766,-1,60,0
3766,-1,70,1
3767,-1,50,0
3767,-1,60,0
3767,-1,70,0
3768,-1,50,0
3768,-1,60,0
3768,-1,70,1
3769,-1,50,0
3769,-1,60,0
3769,-1,70,2
3770,75.46818383,50,2
3770,75.46818383,60,2
3770,75.46818383,70,2
3771,-1,50,0
3771,-1,60,0
3771,-1,70,0
3772,-1,50,0
3772,-1,60,0
3772,-1,70,1
3773,-1,50,1
3773,-1,60,1
3773,-1,70,1
3774,-1,50,0
3774,-1,60,0
3774,-1,70,0
3775,-1,50,0
3775,-1,60,0
3775,-1,70,0
3776,-1,50,0
3776,-1,60,2
3776,-1,70,3
3777,-1,50,0
3777,-1,60,0
3777,-1,70,0
3778,-1,50,1
3778,-1,60,1
3778,-1,70,1
3779,-1,50,0
3779,-1,60,0
3779,-1,70,0
3780,-1,50,0
3780,-1,60,0
3780,-1,70,0
3781,-1,50,1
3781,-1,60,1
3781,-1,70,1
3782,-1,50,0
3782,-1,60,0
3782,-1,70,0
3783,-1,50,0
3783,-1,60,0
3783,-1,70,0
3784,-1,50,0
3784,-1,60,0
3784,-1,70,0
3785,-1,50,0
3785,-1,60,0
3785,-1,70,0
3786,-1,50,1
3786,-1,60,2
3786,-1,70,3
3787,-1,50,0
3787,-1,60,0
3787,-1,70,1
3788,-1,50,0
3788,-1,60,0
3788,-1,70,0
3789,61.93716241,50,0
3789,61.93716241,60,1
3789,61.93716241,70,1
3790,-1,50,0
3790,-1,60,0
3790,-1,70,0
3791,-1,50,0
3791,-1,60,1
3791,-1,70,2
3792,73.18241888,50,1
3792,73.18241888,60,1
3792,73.18241888,70,2
3793,-1,50,0
3793,-1,60,0
3793,-1,70,0
3794,-1,50,0
3794,-1,60,1
3794,-1,70,1
3795,-1,50,0
3795,-1,60,0
3795,-1,70,1
3796,-1,50,0
3796,-1,60,0
3796,-1,70,1
3797,-1,50,0
3797,-1,60,1
3797,-1,70,3
3798,-1,50,0
3798,-1,60,1
3798,-1,70,2
3799,-1,50,0
3799,-1,60,1
3799,-1,70,1
3800,66.87934032,50,1
3800,66.87934032,60,1
3800,66.87934032,70,1
3801,-1,50,1
3801,-1,60,1
3801,-1,70,2
3802,-1,50,0
3802,-1,60,0
3802,-1,70,0
3803,-1,50,0
3803,-1,60,0
3803,-1,70,0
3804,-1,50,0
3804,-1,60,0
3804,-1,70,0
3805,64.38773404,50,0
3805,64.38773404,60,0
3805,64.38773404,70,1
3806,76.72784829,50,1
3806,76.72784829,60,1
3806,76.72784829,70,2
3807,-1,50,0
3807,-1,60,0
3807,-1,70,1
3808,68.54564084,50,2
3808,68.54564084,60,2
3808,68.54564084,70,2
3809,64.49086052,50,0
3809,64.49086052,60,1
3809,64.49086052,70,1
3810,-1,50,0
3810,-1,60,0
3810,-1,70,1
3811,-1,50,0
3811,-1,60,0
3811,-1,70,1
3812,-1,50,1
3812,-1,60,1
3812,-1,70,1
3813,-1,50,1
3813,-1,60,1
3813,-1,70,2
3814,-1,50,0
3814,-1,60,2
3814,-1,70,3
3815,-1,50,0
3815,-1,60,0
3815,-1,70,0
3816,-1,50,0
3816,-1,60,1
3816,-1,70,1
3817,-1,50,1
3817,-1,60,2
3817,-1,70,3
3818,-1,50,0
3818,-1,60,0
3818,-1,70,0
3819,-1,50,1
3819,-1,60,1
3819,-1,70,1
3820,-1,50,0
3820,-1,60,1
3820,-1,70,1
3821,-1,50,0
3821,-1,60,0
3821,-1,70,0
3822,-1,50,0
3822,-1,60,0
3822,-1,70,0
3823,-1,50,0
3823,-1,60,0
3823,-1,70,1
3824,-1,50,0
3824,-1,60,0
3824,-1,70,0
3825,-1,50,0
3825,-1,60,0
3825,-1,70,0
3826,-1,50,0
3826,-1,60,0
3826,-1,70,1
3827,-1,50,0
3827,-1,60,0
3827,-1,70,0
3828,-1,50,0
3828,-1,60,1
3828,-1,70,1
3829,-1,50,0
3829,-1,60,1
3829,-1,70,1
3830,-1,50,0
3830,-1,60,0
3830,-1,70,1
3831,-1,50,0
3831,-1,60,0
3831,-1,70,0
3832,62.82709037,50,0
3832,62.82709037,60,1
3832,62.82709037,70,2
3833,-1,50,0
3833,-1,60,0
3833,-1,70,1
3834,-1,50,0
3834,-1,60,1
3834,-1,70,1
3835,-1,50,0
3835,-1,60,0
3835,-1,70,0
3836,-1,50,0
3836,-1,60,0
3836,-1,70,0
3837,-1,50,0
3837,-1,60,0
3837,-1,70,2
3838,-1,50,1
3838,-1,60,1
3838,-1,70,1
3839,-1,50,0
3839,-1,60,0
3839,-1,70,0
3840,-1,50,0
3840,-1,60,0
3840,-1,70,0
3841,-1,50,0
3841,-1,60,0
3841,-1,70,0
3842,77.83788427,50,0
3842,77.83788427,60,1
3842,77.83788427,70,1
3843,-1,50,0
3843,-1,60,0
3843,-1,70,0
3844,-1,50,0
3844,-1,60,0
3844,-1,70,0
3845,-1,50,0
3845,-1,60,1
3845,-1,70,2
3846,-1,50,0
3846,-1,60,0
3846,-1,70,0
3847,-1,50,0
3847,-1,60,0
3847,-1,70,0
3848,66.66838442,50,1
3848,66.66838442,60,1
3848,66.66838442,70,1
3849,-1,50,0
3849,-1,60,0
3849,-1,70,0
3850,-1,50,0
3850,-1,60,0
3850,-1,70,0
3851,-1,50,0
3851,-1,60,0
3851,-1,70,0
3852,-1,50,0
3852,-1,60,1
3852,-1,70,1
3853,-1,50,0
3853,-1,60,0
3853,-1,70,0
3854,-1,50,0
3854,-1,60,0
3854,-1,70,0
3855,-1,50,0
3855,-1,60,0
3855,-1,70,0
3856,-1,50,0
3856,-1,60,0
3856,-1,70,0
3857,-1,50,0
3857,-1,60,1
3857,-1,70,1
3858,-1,50,0
3858,-1,60,0
3858,-1,70,0
3859,-1,50,0
3859,-1,60,0
3859,-1,70,0
3860,-1,50,0
3860,-1,60,0
3860,-1,70,0
3861,-1,50,1
3861,-1,60,1
3861,-1,70,1
3862,-1,50,0
3862,-1,60,0
3862,-1,70,2
3863,-1,50,0
3863,-1,60,0
3863,-1,70,0
3864,-1,50,0
3864,-1,60,0
3864,-1,70,1
3865,-1,50,0
3865,-1,60,0
3865,-1,70,0
3866,-1,50,0
3866,-1,60,0
3866,-1,70,1
3867,-1,50,0
3867,-1,60,0
3867,-1,70,0
3868,-1,50,0
3868,-1,60,1
3868,-1,70,1
3869,-1,50,0
3869,-1,60,0
3869,-1,70,0
3870,-1,50,0
3870,-1,60,0
3870,-1,70,0
3871,-1,50,0
3871,-1,60,0
3871,-1,70,2
3872,-1,50,0
3872,-1,60,0
3872,-1,70,0
3873,-1,50,0
3873,-1,60,0
3873,-1,70,2
3874,-1,50,0
3874,-1,60,0
3874,-1,70,0
3875,69.61400602,50,0
3875,69.61400602,60,0
3875,69.61400602,70,1
3876,-1,50,0
3876,-1,60,1
3876,-1,70,1
3877,-1,50,0
3877,-1,60,0
3877,-1,70,1
3878,-1,50,0
3878,-1,60,1
3878,-1,70,1
3879,78.52530311,50,0
3879,78.52530311,60,2
3879,78.52530311,70,2
3880,-1,50,0
3880,-1,60,0
3880,-1,70,0
3881,-1,50,1
3881,-1,60,1
3881,-1,70,2
3882,-1,50,1
3882,-1,60,1
3882,-1,70,2
3883,-1,50,0
3883,-1,60,0
3883,-1,70,1
3884,-1,50,0
3884,-1,60,0
3884,-1,70,1
3885,76.33710873,50,1
3885,76.33710873,60,1
3885,76.33710873,70,3
3886,-1,50,0
3886,-1,60,0
3886,-1,70,1
3887,-1,50,0
3887,-1,60,0
3887,-1,70,0
3888,70.61511624,50,1
3888,70.61511624,60,2
3888,70.61511624,70,2
3889,-1,50,0
3889,-1,60,1
3889,-1,70,1
3890,-1,50,0
3890,-1,60,0
3890,-1,70,0
3891,-1,50,0
3891,-1,60,0
3891,-1,70,0
3892,-1,50,0
3892,-1,60,0
3892,-1,70,0
3893,-1,50,0
3893,-1,60,0
3893,-1,70,0
3894,-1,50,0
3894,-1,60,0
3894,-1,70,1
3895,-1,50,0
3895,-1,60,1
3895,-1,70,2
3896,-1,50,0
3896,-1,60,0
3896,-1,70,1
3897,-1,50,0
3897,-1,60,0
3897,-1,70,0
3898,-1,50,0
3898,-1,60,1
3898,-1,70,1
3899,-1,50,0
3899,-1,60,0
3899,-1,70,0
3900,-1,50,0
3900,-1,60,0
3900,-1,70,1
3901,-1,50,0
3901,-1,60,0
3901,-1,70,0
3902,-1,50,0
3902,-1,60,1
3902,-1,70,2
3903,-1,50,0
3903,-1,60,2
3903,-1,70,2
3904,-1,50,0
3904,-1,60,0
3904,-1,70,1
3905,-1,50,0
3905,-1,60,1
3905,-1,70,1
3906,68.17635019,50,2
3906,68.17635019,60,2
3906,68.17635019,70,4
3907,-1,50,0
3907,-1,60,0
3907,-1,70,0
3908,47.7092373,50,1
3908,47.7092373,60,0
3908,47.7092373,70,0
3909,-1,50,0
3909,-1,60,0
3909,-1,70,0
3910,-1,50,0
3910,-1,60,0
3910,-1,70,0
3911,-1,50,0
3911,-1,60,0
3911,-1,70,0
3912,79.09280655,50,1
3912,79.09280655,60,1
3912,79.09280655,70,1
3913,75.99857425,50,0
3913,75.99857425,60,1
3913,75.99857425,70,1
3914,-1,50,0
3914,-1,60,0
3914,-1,70,0
3915,-1,50,0
3915,-1,60,0
3915,-1,70,0
3916,-1,50,0
3916,-1,60,0
3916,-1,70,0
3917,-1,50,0
3917,-1,60,0
3917,-1,70,1
3918,-1,50,0
3918,-1,60,0
3918,-1,70,1
3919,55.18382329,50,1
3919,55.18382329,60,1
3919,55.18382329,70,0
3920,-1,50,0
3920,-1,60,0
3920,-1,70,0
3921,67.89413904,50,0
3921,67.89413904,60,1
3921,67.89413904,70,1
3922,65.24954017,50,0
3922,65.24954017,60,0
3922,65.24954017,70,1
3923,-1,50,0
3923,-1,60,0
3923,-1,70,0
3924,-1,50,1
3924,-1,60,2
3924,-1,70,2
3925,-1,50,0
3925,-1,60,0
3925,-1,70,1
3926,-1,50,0
3926,-1,60,0
3926,-1,70,1
3927,-1,50,0
3927,-1,60,1
3927,-1,70,1
3928,-1,50,0
3928,-1,60,0
3928,-1,70,0
3929,-1,50,0
3929,-1,60,0
3929,-1,70,0
3930,-1,50,0
3930,-1,60,0
3930,-1,70,0
3931,-1,50,0
3931,-1,60,0
3931,-1,70,0
3932,-1,50,0
3932,-1,60,0
3932,-1,70,0
3933,-1,50,0
3933,-1,60,0
3933,-1,70,0
3934,-1,50,0
3934,-1,60,0
3934,-1,70,0
3935,-1,50,0
3935,-1,60,0
3935,-1,70,0
3936,-1,50,0
3936,-1,60,0
3936,-1,70,1
3937,-1,50,0
3937,-1,60,0
3937,-1,70,0
3938,-1,50,0
3938,-1,60,0
3938,-1,70,0
3939,78.7648239,50,1
3939,78.7648239,60,1
3939,78.7648239,70,1
3940,-1,50,0
3940,-1,60,0
3940,-1,70,0
3941,-1,50,0
3941,-1,60,1
3941,-1,70,1
3942,-1,50,0
3942,-1,60,0
3942,-1,70,0
3943,-1,50,0
3943,-1,60,0
3943,-1,70,0
3944,-1,50,0
3944,-1,60,0
3944,-1,70,1
3945,68.97142927,50,1
3945,68.97142927,60,1
3945,68.97142927,70,1
3946,74.53125623,50,0
3946,74.53125623,60,0
3946,74.53125623,70,0
3947,-1,50,0
3947,-1,60,0
3947,-1,70,0
3948,-1,50,0
3948,-1,60,0
3948,-1,70,0
3949,-1,50,0
3949,-1,60,0
3949,-1,70,1
3950,-1,50,0
3950,-1,60,0
3950,-1,70,0
3951,79.83481673,50,1
3951,79.83481673,60,1
3951,79.83481673,70,1
3952,-1,50,0
3952,-1,60,1
3952,-1,70,1
3953,-1,50,0
3953,-1,60,1
3953,-1,70,2
3954,-1,50,0
3954,-1,60,0
3954,-1,70,1
3955,-1,50,0
3955,-1,60,0
3955,-1,70,0
3956,-1,50,0
3956,-1,60,0
3956,-1,70,0
3957,63.58121356,50,2
3957,63.58121356,60,2
3957,63.58121356,70,2
3958,-1,50,0
3958,-1,60,1
3958,-1,70,1
3959,-1,50,0
3959,-1,60,0
3959,-1,70,0
3960,-1,50,1
3960,-1,60,1
3960,-1,70,3
3961,-1,50,0
3961,-1,60,0
3961,-1,70,0
3962,-1,50,0
3962,-1,60,0
3962,-1,70,0
3963,-1,50,0
3963,-1,60,0
3963,-1,70,0
3964,-1,50,0
3964,-1,60,0
3964,-1,70,0
3965,-1,50,0
3965,-1,60,0
3965,-1,70,1
3966,-1,50,1
3966,-1,60,1
3966,-1,70,3
3967,-1,50,0
3967,-1,60,0
3967,-1,70,0
3968,-1,50,0
3968,-1,60,0
3968,-1,70,0
3969,-1,50,0
3969,-1,60,0
3969,-1,70,0
3970,76.9747703,50,0
3970,76.9747703,60,0
3970,76.9747703,70,1
3971,-1,50,0
3971,-1,60,0
3971,-1,70,0
3972,66.60999529,50,1
3972,66.60999529,60,1
3972,66.60999529,70,2
3973,-1,50,0
3973,-1,60,0
3973,-1,70,0
3974,-1,50,0
3974,-1,60,0
3974,-1,70,0
3975,-1,50,0
3975,-1,60,0
3975,-1,70,0
3976,-1,50,0
3976,-1,60,0
3976,-1,70,1
3977,-1,50,0
3977,-1,60,0
3977,-1,70,1
3978,-1,50,0
3978,-1,60,0
3978,-1,70,0
3979,-1,50,0
3979,-1,60,0
3979,-1,70,0
3980,-1,50,1
3980,-1,60,1
3980,-1,70,1
3981,70.7927779,50,1
3981,70.7927779,60,1
3981,70.7927779,70,1
3982,-1,50,0
3982,-1,60,0
3982,-1,70,0
3983,-1,50,2
3983,-1,60,2
3983,-1,70,2
3984,-1,50,0
3984,-1,60,0
3984,-1,70,0
3985,-1,50,0
3985,-1,60,1
3985,-1,70,1
3986,-1,50,0
3986,-1,60,1
3986,-1,70,2
3987,-1,50,0
3987,-1,60,1
3987,-1,70,1
3988,-1,50,0
3988,-1,60,1
3988,-1,70,3
3989,-1,50,0
3989,-1,60,0
3989,-1,70,0
3990,-1,50,0
3990,-1,60,1
3990,-1,70,1
3991,-1,50,0
3991,-1,60,0
3991,-1,70,1
3992,-1,50,0
3992,-1,60,0
3992,-1,70,1
3993,-1,50,0
3993,-1,60,0
3993,-1,70,0
3994,-1,50,0
3994,-1,60,0
3994,-1,70,0
3995,-1,50,0
3995,-1,60,0
3995,-1,70,0
3996,-1,50,0
3996,-1,60,0
3996,-1,70,0
3997,-1,50,0
3997,-1,60,0
3997,-1,70,0
3998,78.14254239,50,0
3998,78.14254239,60,0
3998,78.14254239,70,0
3999,-1,50,0
3999,-1,60,1
3999,-1,70,1
4000,-1,50,0
4000,-1,60,0
4000,-1,70,0
4001,-1,50,0
4001,-1,60,0
4001,-1,70,1
4002,-1,50,0
4002,-1,60,0
4002,-1,70,0
4003,-1,50,0
4003,-1,60,0
4003,-1,70,0
4004,-1,50,0
4004,-1,60,1
4004,-1,70,1
4005,-1,50,0
4005,-1,60,0
4005,-1,70,0
4006,-1,50,0
4006,-1,60,0
4006,-1,70,0
4007,76.26289507,50,2
4007,76.26289507,60,2
4007,76.26289507,70,2
4008,-1,50,0
4008,-1,60,0
4008,-1,70,1
4009,-1,50,0
4009,-1,60,0
4009,-1,70,0
4010,-1,50,0
4010,-1,60,0
4010,-1,70,0
4011,-1,50,0
4011,-1,60,0
4011,-1,70,0
4012,40.1729569,50,1
4012,40.1729569,60,0
4012,40.1729569,70,0
4013,-1,50,0
4013,-1,60,0
4013,-1,70,1
4014,-1,50,0
4014,-1,60,0
4014,-1,70,1
4015,-1,50,0
4015,-1,60,0
4015,-1,70,0
4016,-1,50,0
4016,-1,60,0
4016,-1,70,0
4017,-1,50,0
4017,-1,60,0
4017,-1,70,0
4018,-1,50,0
4018,-1,60,0
4018,-1,70,0
4019,-1,50,0
4019,-1,60,0
4019,-1,70,0
4020,-1,50,0
4020,-1,60,0
4020,-1,70,0
4021,-1,50,0
4021,-1,60,1
4021,-1,70,1
4022,-1,50,0
4022,-1,60,1
4022,-1,70,2
4023,-1,50,0
4023,-1,60,0
4023,-1,70,1
4024,-1,50,0
4024,-1,60,0
4024,-1,70,0
4025,-1,50,0
4025,-1,60,0
4025,-1,70,0
4026,-1,50,0
4026,-1,60,0
4026,-1,70,0
4027,-1,50,0
4027,-1,60,0
4027,-1,70,0
4028,-1,50,0
4028,-1,60,0
4028,-1,70,0
4029,-1,50,0
4029,-1,60,0
4029,-1,70,0
4030,67.51352158,50,1
4030,67.51352158,60,1
4030,67.51352158,70,1
4031,78.74593237,50,1
4031,78.74593237,60,1
4031,78.74593237,70,1
4032,-1,50,1
4032,-1,60,1
4032,-1,70,2
4033,-1,50,0
4033,-1,60,0
4033,-1,70,1
4034,-1,50,0
4034,-1,60,0
4034,-1,70,0
4035,-1,50,0
4035,-1,60,1
4035,-1,70,2
4036,-1,50,1
4036,-1,60,1
4036,-1,70,1
4037,-1,50,0
4037,-1,60,0
4037,-1,70,1
4038,-1,50,0
4038,-1,60,0
4038,-1,70,0
4039,69.85607025,50,1
4039,69.85607025,60,1
4039,69.85607025,70,1
4040,-1,50,0
4040,-1,60,0
4040,-1,70,1
4041,-1,50,0
4041,-1,60,0
4041,-1,70,0
4042,70.10423057,50,1
4042,70.10423057,60,1
4042,70.10423057,70,1
4043,-1,50,0
4043,-1,60,0
4043,-1,70,0
4044,-1,50,0
4044,-1,60,0
4044,-1,70,1
4045,-1,50,0
4045,-1,60,0
4045,-1,70,0
4046,-1,50,0
4046,-1,60,0
4046,-1,70,1
4047,-1,50,0
4047,-1,60,0
4047,-1,70,0
4048,-1,50,0
4048,-1,60,0
4048,-1,70,1
4049,-1,50,0
4049,-1,60,0
4049,-1,70,1
4050,78.58869742,50,0
4050,78.58869742,60,2
4050,78.58869742,70,3
4051,-1,50,0
4051,-1,60,0
4051,-1,70,0
4052,-1,50,1
4052,-1,60,1
4052,-1,70,2
4053,-1,50,0
4053,-1,60,0
4053,-1,70,1
4054,-1,50,0
4054,-1,60,0
4054,-1,70,0
4055,-1,50,0
4055,-1,60,0
4055,-1,70,1
4056,76.85325863,50,0
4056,76.85325863,60,1
4056,76.85325863,70,2
4057,-1,50,0
4057,-1,60,0
4057,-1,70,0
4058,-1,50,0
4058,-1,60,0
4058,-1,70,0
4059,-1,50,0
4059,-1,60,0
4059,-1,70,0
4060,-1,50,0
4060,-1,60,1
4060,-1,70,2
4061,-1,50,0
4061,-1,60,0
4061,-1,70,0
4062,-1,50,0
4062,-1,60,1
4062,-1,70,1
4063,-1,50,0
4063,-1,60,0
4063,-1,70,0
4064,-1,50,0
4064,-1,60,2
4064,-1,70,3
4065,-1,50,0
4065,-1,60,0
4065,-1,70,0
4066,-1,50,0
4066,-1,60,0
4066,-1,70,1
4067,-1,50,1
4067,-1,60,2
4067,-1,70,2
4068,-1,50,0
4068,-1,60,0
4068,-1,70,0
4069,-1,50,0
4069,-1,60,1
4069,-1,70,1
4070,-1,50,0
4070,-1,60,0
4070,-1,70,1
4071,-1,50,0
4071,-1,60,0
4071,-1,70,0
4072,-1,50,0
4072,-1,60,0
4072,-1,70,0
4073,-1,50,0
4073,-1,60,1
4073,-1,70,2
4074,-1,50,0
4074,-1,60,1
4074,-1,70,1
4075,-1,50,0
4075,-1,60,0
4075,-1,70,0
4076,-1,50,0
4076,-1,60,0
4076,-1,70,0
4077,-1,50,0
4077,-1,60,0
4077,-1,70,0
4078,-1,50,0
4078,-1,60,0
4078,-1,70,0
4079,-1,50,0
4079,-1,60,1
4079,-1,70,1
4080,-1,50,0
4080,-1,60,0
4080,-1,70,0
4081,-1,50,0
4081,-1,60,0
4081,-1,70,0
4082,60.72260744,50,1
4082,60.72260744,60,1
4082,60.72260744,70,1
4083,-1,50,0
4083,-1,60,0
4083,-1,70,0
4084,-1,50,1
4084,-1,60,1
4084,-1,70,2
4085,-1,50,0
4085,-1,60,0
4085,-1,70,0
4086,-1,50,0
4086,-1,60,0
4086,-1,70,0
4087,-1,50,0
4087,-1,60,0
4087,-1,70,0
4088,-1,50,0
4088,-1,60,0
4088,-1,70,0
4089,77.97038633,50,0
4089,77.97038633,60,0
4089,77.97038633,70,1
4090,-1,50,0
4090,-1,60,0
4090,-1,70,0
4091,-1,50,0
4091,-1,60,0
4091,-1,70,0
4092,78.68513815,50,1
4092,78.68513815,60,1
4092,78.68513815,70,3
4093,78.1141818,50,1
4093,78.1141818,60,1
4093,78.1141818,70,1
4094,-1,50,0
4094,-1,60,1
4094,-1,70,1
4095,79.45137666,50,0
4095,79.45137666,60,0
4095,79.45137666,70,1
4096,-1,50,0
4096,-1,60,0
4096,-1,70,0
4097,-1,50,0
4097,-1,60,1
4097,-1,70,1
4098,-1,50,0
4098,-1,60,0
4098,-1,70,0
4099,-1,50,0
4099,-1,60,0
4099,-1,70,0
4100,-1,50,0
4100,-1,60,0
4100,-1,70,0
4101,-1,50,0
4101,-1,60,0
4101,-1,70,0
4102,71.10146684,50,1
4102,71.10146684,60,1
4102,71.10146684,70,1
4103,-1,50,0
4103,-1,60,0
4103,-1,70,1
4104,-1,50,0
4104,-1,60,0
4104,-1,70,0
4105,-1,50,0
4105,-1,60,0
4105,-1,70,0
4106,-1,50,0
4106,-1,60,0
4106,-1,70,0
4107,72.95728526,50,0
4107,72.95728526,60,0
4107,72.95728526,70,2
4108,-1,50,0
4108,-1,60,0
4108,-1,70,1
4109,-1,50,0
4109,-1,60,0
4109,-1,70,0
4110,-1,50,0
4110,-1,60,1
4110,-1,70,1
4111,-1,50,0
4111,-1,60,0
4111,-1,70,0
4112,-1,50,0
4112,-1,60,0
4112,-1,70,1
4113,-1,50,0
4113,-1,60,0
4113,-1,70,0
4114,-1,50,0
4114,-1,60,0
4114,-1,70,0
4115,-1,50,0
4115,-1,60,0
4115,-1,70,0
4116,-1,50,0
4116,-1,60,0
4116,-1,70,0
4117,-1,50,0
4117,-1,60,0
4117,-1,70,1
4118,-1,50,0
4118,-1,60,0
4118,-1,70,1
4119,-1,50,0
4119,-1,60,0
4119,-1,70,0
4120,-1,50,0
4120,-1,60,0
4120,-1,70,0
4121,-1,50,0
4121,-1,60,0
4121,-1,70,0
4122,-1,50,0
4122,-1,60,0
4122,-1,70,0
4123,-1,50,0
4123,-1,60,0
4123,-1,70,0
4124,-1,50,0
4124,-1,60,0
4124,-1,70,0
4125,-1,50,0
4125,-1,60,1
4125,-1,70,1
4126,-1,50,0
4126,-1,60,0
4126,-1,70,0
4127,-1,50,0
4127,-1,60,0
4127,-1,70,0
4128,-1,50,0
4128,-1,60,0
4128,-1,70,2
4129,-1,50,0
4129,-1,60,0
4129,-1,70,0
4130,-1,50,0
4130,-1,60,0
4130,-1,70,0
4131,-1,50,0
4131,-1,60,0
4131,-1,70,1
4132,70.88983943,50,0
4132,70.88983943,60,1
4132,70.88983943,70,2
4133,79.32029094,50,1
4133,79.32029094,60,1
4133,79.32029094,70,2
4134,71.26321503,50,1
4134,71.26321503,60,1
4134,71.26321503,70,2
4135,77.7884623,50,1
4135,77.7884623,60,1
4135,77.7884623,70,1
4136,-1,50,0
4136,-1,60,0
4136,-1,70,0
4137,-1,50,0
4137,-1,60,0
4137,-1,70,0
4138,71.89647966,50,1
4138,71.89647966,60,1
4138,71.89647966,70,1
4139,-1,50,0
4139,-1,60,0
4139,-1,70,0
4140,-1,50,0
4140,-1,60,0
4140,-1,70,0
4141,-1,50,0
4141,-1,60,0
4141,-1,70,1
4142,-1,50,0
4142,-1,60,0
4142,-1,70,0
4143,-1,50,0
4143,-1,60,0
4143,-1,70,0
4144,-1,50,0
4144,-1,60,0
4144,-1,70,0
4145,77.62017352,50,0
4145,77.62017352,60,1
4145,77.62017352,70,1
4146,-1,50,1
4146,-1,60,1
4146,-1,70,1
4147,-1,50,0
4147,-1,60,0
4147,-1,70,0
4148,-1,50,0
4148,-1,60,0
4148,-1,70,0
4149,-1,50,0
4149,-1,60,0
4149,-1,70,1
4150,-1,50,0
4150,-1,60,0
4150,-1,70,0
4151,-1,50,0
4151,-1,60,0
4151,-1,70,0
4152,-1,50,0
4152,-1,60,0
4152,-1,70,0
4153,-1,50,0
4153,-1,60,0
4153,-1,70,1
4154,-1,50,0
4154,-1,60,0
4154,-1,70,0
4155,-1,50,0
4155,-1,60,0
4155,-1,70,0
4156,70.39243237,50,0
4156,70.39243237,60,0
4156,70.39243237,70,1
4157,-1,50,0
4157,-1,60,0
4157,-1,70,0
4158,71.82874614,50,0
4158,71.82874614,60,0
4158,71.82874614,70,1
4159,-1,50,0
4159,-1,60,2
4159,-1,70,2
4160,-1,50,1
4160,-1,60,2
4160,-1,70,2
4161,-1,50,0
4161,-1,60,0
4161,-1,70,0
4162,49.69916838,50,0
4162,49.69916838,60,0
4162,49.69916838,70,0
4163,-1,50,0
4163,-1,60,0
4163,-1,70,0
4164,74.00998891,50,1
4164,74.00998891,60,1
4164,74.00998891,70,1
4165,-1,50,0
4165,-1,60,0
4165,-1,70,1
4166,-1,50,0
4166,-1,60,0
4166,-1,70,0
4167,-1,50,1
4167,-1,60,1
4167,-1,70,1
4168,-1,50,0
4168,-1,60,0
4168,-1,70,0
4169,-1,50,0
4169,-1,60,0
4169,-1,70,2
4170,29.97469848,50,1
4170,29.97469848,60,0
4170,29.97469848,70,0
4171,-1,50,0
4171,-1,60,0
4171,-1,70,0
4172,-1,50,0
4172,-1,60,1
4172,-1,70,1
4173,-1,50,1
4173,-1,60,2
4173,-1,70,2
4174,-1,50,1
4174,-1,60,1
4174,-1,70,2
4175,-1,50,0
4175,-1,60,0
4175,-1,70,0
4176,-1,50,0
4176,-1,60,0
4176,-1,70,1
4177,-1,50,0
4177,-1,60,0
4177,-1,70,0
4178,-1,50,0
4178,-1,60,0
4178,-1,70,0
4179,-1,50,0
4179,-1,60,0
4179,-1,70,0
4180,-1,50,0
4180,-1,60,1
4180,-1,70,1
4181,63.34011274,50,0
4181,63.34011274,60,0
4181,63.34011274,70,2
4182,-1,50,0
4182,-1,60,0
4182,-1,70,0
4183,56.96257633,50,1
4183,56.96257633,60,1
4183,56.96257633,70,0
4184,-1,50,0
4184,-1,60,0
4184,-1,70,1
4185,-1,50,0
4185,-1,60,1
4185,-1,70,1
4186,-1,50,0
4186,-1,60,1
4186,-1,70,2
4187,-1,50,1
4187,-1,60,1
4187,-1,70,1
4188,-1,50,0
4188,-1,60,0
4188,-1,70,0
4189,78.01584497,50,0
4189,78.01584497,60,1
4189,78.01584497,70,1
4190,-1,50,0
4190,-1,60,0
4190,-1,70,1
4191,73.03055256,50,0
4191,73.03055256,60,1
4191,73.03055256,70,2
4192,-1,50,1
4192,-1,60,1
4192,-1,70,2
4193,70.94550661,50,1
4193,70.94550661,60,1
4193,70.94550661,70,3
4194,-1,50,0
4194,-1,60,0
4194,-1,70,3
4195,73.85800663,50,1
4195,73.85800663,60,1
4195,73.85800663,70,1
4196,-1,50,1
4196,-1,60,1
4196,-1,70,2
4197,-1,50,0
4197,-1,60,0
4197,-1,70,0
4198,-1,50,0
4198,-1,60,1
4198,-1,70,1
4199,-1,50,0
4199,-1,60,0
4199,-1,70,0
4200,-1,50,1
4200,-1,60,1
4200,-1,70,1
4201,-1,50,1
4201,-1,60,1
4201,-1,70,1
4202,-1,50,0
4202,-1,60,0
4202,-1,70,1
4203,-1,50,0
4203,-1,60,0
4203,-1,70,0
4204,-1,50,0
4204,-1,60,1
4204,-1,70,1
4205,47.47020797,50,0
4205,47.47020797,60,0
4205,47.47020797,70,0
4206,-1,50,0
4206,-1,60,0
4206,-1,70,1
4207,79.61594715,50,2
4207,79.61594715,60,2
4207,79.61594715,70,2
4208,-1,50,1
4208,-1,60,1
4208,-1,70,1
4209,-1,50,0
4209,-1,60,0
4209,-1,70,0
4210,-1,50,0
4210,-1,60,0
4210,-1,70,0
4211,-1,50,0
4211,-1,60,0
4211,-1,70,0
4212,-1,50,0
4212,-1,60,1
4212,-1,70,1
4213,51.70585677,50,2
4213,51.70585677,60,2
4213,51.70585677,70,0
4214,-1,50,0
4214,-1,60,0
4214,-1,70,0
4215,-1,50,1
4215,-1,60,1
4215,-1,70,1
4216,74.7853327,50,0
4216,74.7853327,60,1
4216,74.7853327,70,2
4217,46.49002619,50,1
4217,46.49002619,60,0
4217,46.49002619,70,0
4218,-1,50,0
4218,-1,60,0
4218,-1,70,0
4219,-1,50,0
4219,-1,60,0
4219,-1,70,1
4220,-1,50,0
4220,-1,60,1
4220,-1,70,1
4221,45.70054414,50,1
4221,45.70054414,60,0
4221,45.70054414,70,0
4222,-1,50,0
4222,-1,60,0
4222,-1,70,1
4223,-1,50,0
4223,-1,60,0
4223,-1,70,0
4224,75.59454386,50,0
4224,75.59454386,60,0
4224,75.59454386,70,1
4225,-1,50,0
4225,-1,60,2
4225,-1,70,3
4226,-1,50,0
4226,-1,60,0
4226,-1,70,0
4227,-1,50,1
4227,-1,60,2
4227,-1,70,3
4228,-1,50,0
4228,-1,60,0
4228,-1,70,0
4229,66.40597857,50,1
4229,66.40597857,60,1
4229,66.40597857,70,1
4230,-1,50,0
4230,-1,60,0
4230,-1,70,0
4231,-1,50,0
4231,-1,60,0
4231,-1,70,0
4232,-1,50,0
4232,-1,60,0
4232,-1,70,0
4233,76.29143342,50,0
4233,76.29143342,60,0
4233,76.29143342,70,0
4234,-1,50,0
4234,-1,60,0
4234,-1,70,0
4235,-1,50,0
4235,-1,60,1
4235,-1,70,1
4236,-1,50,0
4236,-1,60,0
4236,-1,70,0
4237,-1,50,0
4237,-1,60,0
4237,-1,70,1
4238,-1,50,0
4238,-1,60,0
4238,-1,70,0
4239,-1,50,0
4239,-1,60,0
4239,-1,70,0
4240,-1,50,0
4240,-1,60,0
4240,-1,70,0
4241,-1,50,0
4241,-1,60,1
4241,-1,70,2
4242,-1,50,0
4242,-1,60,0
4242,-1,70,0
4243,-1,50,0
4243,-1,60,0
4243,-1,70,0
4244,-1,50,0
4244,-1,60,0
4244,-1,70,0
4245,-1,50,0
4245,-1,60,0
4245,-1,70,0
4246,-1,50,0
4246,-1,60,1
4246,-1,70,1
4247,-1,50,0
4247,-1,60,1
4247,-1,70,1
4248,77.96673467,50,0
4248,77.96673467,60,2
4248,77.96673467,70,3
4249,-1,50,0
4249,-1,60,0
4249,-1,70,1
4250,63.70919659,50,1
4250,63.70919659,60,2
4250,63.70919659,70,2
4251,72.12367862,50,1
4251,72.12367862,60,2
4251,72.12367862,70,2
4252,-1,50,0
4252,-1,60,0
4252,-1,70,1
4253,78.94695876,50,0
4253,78.94695876,60,0
4253,78.94695876,70,1
4254,-1,50,0
4254,-1,60,0
4254,-1,70,1
4255,77.05435417,50,0
4255,77.05435417,60,1
4255,77.05435417,70,1
4256,-1,50,0
4256,-1,60,0
4256,-1,70,0
4257,-1,50,0
4257,-1,60,0
4257,-1,70,0
4258,63.53689815,50,0
4258,63.53689815,60,0
4258,63.53689815,70,1
4259,-1,50,0
4259,-1,60,0
4259,-1,70,0
4260,69.5214743,50,1
4260,69.5214743,60,2
4260,69.5214743,70,2
4261,-1,50,0
4261,-1,60,1
4261,-1,70,1
4262,-1,50,0
4262,-1,60,0
4262,-1,70,0
4263,-1,50,0
4263,-1,60,0
4263,-1,70,0
4264,-1,50,0
4264,-1,60,0
4264,-1,70,0
4265,-1,50,0
4265,-1,60,0
4265,-1,70,0
4266,-1,50,0
4266,-1,60,0
4266,-1,70,0
4267,-1,50,0
4267,-1,60,0
4267,-1,70,0
4268,-1,50,0
4268,-1,60,0
4268,-1,70,1
4269,-1,50,0
4269,-1,60,0
4269,-1,70,1
4270,77.91292556,50,1
4270,77.91292556,60,1
4270,77.91292556,70,1
4271,-1,50,0
4271,-1,60,0
4271,-1,70,0
4272,-1,50,0
4272,-1,60,1
4272,-1,70,2
4273,72.51142895,50,0
4273,72.51142895,60,1
4273,72.51142895,70,1
4274,20.29902856,50,0
4274,20.29902856,60,0
4274,20.29902856,70,0
4275,74.00544193,50,1
4275,74.00544193,60,1
4275,74.00544193,70,1
4276,-1,50,0
4276,-1,60,0
4276,-1,70,0
4277,-1,50,0
4277,-1,60,0
4277,-1,70,0
4278,-1,50,0
4278,-1,60,0
4278,-1,70,0
4279,-1,50,0
4279,-1,60,0
4279,-1,70,0
4280,-1,50,0
4280,-1,60,0
4280,-1,70,0
4281,-1,50,0
4281,-1,60,0
4281,-1,70,0
4282,-1,50,0
4282,-1,60,0
4282,-1,70,2
4283,-1,50,0
4283,-1,60,0
4283,-1,70,0
4284,-1,50,0
4284,-1,60,0
4284,-1,70,0
4285,68.41439625,50,0
4285,68.41439625,60,0
4285,68.41439625,70,2
4286,-1,50,0
4286,-1,60,0
4286,-1,70,0
4287,-1,50,0
4287,-1,60,0
4287,-1,70,0
4288,-1,50,0
4288,-1,60,0
4288,-1,70,0
4289,-1,50,0
4289,-1,60,0
4289,-1,70,1
4290,-1,50,0
4290,-1,60,0
4290,-1,70,0
4291,-1,50,0
4291,-1,60,0
4291,-1,70,0
4292,36.51688876,50,1
4292,36.51688876,60,0
4292,36.51688876,70,0
4293,-1,50,0
4293,-1,60,0
4293,-1,70,0
4294,-1,50,0
4294,-1,60,1
4294,-1,70,2
4295,-1,50,1
4295,-1,60,1
4295,-1,70,2
4296,-1,50,0
4296,-1,60,0
4296,-1,70,0
4297,-1,50,0
4297,-1,60,0
4297,-1,70,1
4298,-1,50,0
4298,-1,60,0
4298,-1,70,0
4299,-1,50,0
4299,-1,60,0
4299,-1,70,1
4300,67.53183626,50,1
4300,67.53183626,60,1
4300,67.53183626,70,1
4301,-1,50,1
4301,-1,60,1
4301,-1,70,2
4302,-1,50,0
4302,-1,60,0
4302,-1,70,2
4303,-1,50,0
4303,-1,60,0
4303,-1,70,0
4304,-1,50,0
4304,-1,60,0
4304,-1,70,1
4305,-1,50,0
4305,-1,60,0
4305,-1,70,1
4306,-1,50,0
4306,-1,60,1
4306,-1,70,1
4307,-1,50,1
4307,-1,60,1
4307,-1,70,2
4308,-1,50,0
4308,-1,60,0
4308,-1,70,0
4309,-1,50,1
4309,-1,60,1
4309,-1,70,2
4310,-1,50,0
4310,-1,60,0
4310,-1,70,0
4311,-1,50,0
4311,-1,60,0
4311,-1,70,0
4312,-1,50,0
4312,-1,60,1
4312,-1,70,1
4313,-1,50,0
4313,-1,60,0
4313,-1,70,0
4314,-1,50,0
4314,-1,60,0
4314,-1,70,0
4315,-1,50,0
4315,-1,60,0
4315,-1,70,0
4316,-1,50,0
4316,-1,60,1
4316,-1,70,1
4317,-1,50,0
4317,-1,60,0
4317,-1,70,1
4318,-1,50,0
4318,-1,60,0
4318,-1,70,0
4319,-1,50,0
4319,-1,60,0
4319,-1,70,1
4320,78.67969772,50,1
4320,78.67969772,60,2
4320,78.67969772,70,3
4321,-1,50,0
4321,-1,60,0
4321,-1,70,1
4322,-1,50,0
4322,-1,60,1
4322,-1,70,1
4323,-1,50,0
4323,-1,60,1
4323,-1,70,1
4324,-1,50,0
4324,-1,60,0
4324,-1,70,0
4325,-1,50,0
4325,-1,60,1
4325,-1,70,1
4326,-1,50,0
4326,-1,60,0
4326,-1,70,0
4327,-1,50,0
4327,-1,60,0
4327,-1,70,0
4328,-1,50,0
4328,-1,60,0
4328,-1,70,0
4329,66.05529101,50,0
4329,66.05529101,60,0
4329,66.05529101,70,1
4330,64.64801385,50,0
4330,64.64801385,60,1
4330,64.64801385,70,3
4331,-1,50,0
4331,-1,60,0
4331,-1,70,0
4332,-1,50,0
4332,-1,60,0
4332,-1,70,0
4333,-1,50,0
4333,-1,60,0
4333,-1,70,0
4334,-1,50,0
4334,-1,60,0
4334,-1,70,0
4335,-1,50,0
4335,-1,60,0
4335,-1,70,2
4336,-1,50,0
4336,-1,60,0
4336,-1,70,0
4337,-1,50,0
4337,-1,60,0
4337,-1,70,1
4338,-1,50,0
4338,-1,60,0
4338,-1,70,0
4339,-1,50,1
4339,-1,60,1
4339,-1,70,1
4340,51.32786194,50,1
4340,51.32786194,60,1
4340,51.32786194,70,0
4341,69.98852888,50,1
4341,69.98852888,60,2
4341,69.98852888,70,2
4342,-1,50,0
4342,-1,60,0
4342,-1,70,0
4343,-1,50,0
4343,-1,60,1
4343,-1,70,1
4344,-1,50,0
4344,-1,60,0
4344,-1,70,0
4345,-1,50,1
4345,-1,60,1
4345,-1,70,1
4346,-1,50,0
4346,-1,60,0
4346,-1,70,0
4347,-1,50,0
4347,-1,60,1
4347,-1,70,2
4348,-1,50,0
4348,-1,60,1
4348,-1,70,1
4349,-1,50,0
4349,-1,60,1
4349,-1,70,1
4350,-1,50,0
4350,-1,60,0
4350,-1,70,0
4351,-1,50,0
4351,-1,60,0
4351,-1,70,0
4352,57.56898267,50,0
4352,57.56898267,60,1
4352,57.56898267,70,0
4353,73.22148873,50,1
4353,73.22148873,60,1
4353,73.22148873,70,1
4354,61.47597341,50,0
4354,61.47597341,60,1
4354,61.47597341,70,1
4355,72.19904128,50,1
4355,72.19904128,60,1
4355,72.19904128,70,1
4356,-1,50,0
4356,-1,60,0
4356,-1,70,0
4357,-1,50,0
4357,-1,60,0
4357,-1,70,0
4358,-1,50,0
4358,-1,60,0
4358,-1,70,0
4359,-1,50,0
4359,-1,60,0
4359,-1,70,0
4360,-1,50,0
4360,-1,60,0
4360,-1,70,0
4361,-1,50,0
4361,-1,60,1
4361,-1,70,1
4362,64.41427179,50,1
4362,64.41427179,60,1
4362,64.41427179,70,1
4363,-1,50,1
4363,-1,60,1
4363,-1,70,1
4364,-1,50,1
4364,-1,60,1
4364,-1,70,1
4365,76.33856812,50,0
4365,76.33856812,60,2
4365,76.33856812,70,3
4366,-1,50,0
4366,-1,60,0
4366,-1,70,0
4367,-1,50,0
4367,-1,60,0
4367,-1,70,0
4368,-1,50,0
4368,-1,60,2
4368,-1,70,3
4369,-1,50,0
4369,-1,60,0
4369,-1,70,1
4370,-1,50,0
4370,-1,60,0
4370,-1,70,0
4371,-1,50,1
4371,-1,60,1
4371,-1,70,1
4372,-1,50,0
4372,-1,60,0
4372,-1,70,0
4373,70.22937968,50,3
4373,70.22937968,60,3
4373,70.22937968,70,3
4374,-1,50,0
4374,-1,60,0
4374,-1,70,0
4375,61.04674907,50,1
4375,61.04674907,60,1
4375,61.04674907,70,1
4376,-1,50,0
4376,-1,60,0
4376,-1,70,0
4377,53.26747407,50,1
4377,53.26747407,60,1
4377,53.26747407,70,0
4378,-1,50,0
4378,-1,60,0
4378,-1,70,1
4379,-1,50,0
4379,-1,60,0
4379,-1,70,1
4380,-1,50,0
4380,-1,60,0
4380,-1,70,1
4381,-1,50,0
4381,-1,60,0
4381,-1,70,0
4382,-1,50,0
4382,-1,60,0
4382,-1,70,0
4383,-1,50,0
4383,-1,60,0
4383,-1,70,0
4384,-1,50,0
4384,-1,60,0
4384,-1,70,0
4385,70.04494216,50,0
4385,70.04494216,60,1
4385,70.04494216,70,1
4386,71.40766874,50,0
4386,71.40766874,60,1
4386,71.40766874,70,1
4387,-1,50,0
4387,-1,60,0
4387,-1,70,0
4388,-1,50,0
4388,-1,60,0
4388,-1,70,1
4389,-1,50,0
4389,-1,60,1
4389,-1,70,1
4390,-1,50,0
4390,-1,60,1
4390,-1,70,1
4391,-1,50,1
4391,-1,60,1
4391,-1,70,1
4392,-1,50,0
4392,-1,60,0
4392,-1,70,0
4393,79.27698595,50,0
4393,79.27698595,60,0
4393,79.27698595,70,1
4394,79.77685748,50,0
4394,79.77685748,60,0
4394,79.77685748,70,0
4395,-1,50,0
4395,-1,60,0
4395,-1,70,0
4396,-1,50,0
4396,-1,60,0
4396,-1,70,0
4397,-1,50,0
4397,-1,60,0
4397,-1,70,1
4398,-1,50,0
4398,-1,60,0
4398,-1,70,1
4399,-1,50,0
4399,-1,60,1
4399,-1,70,3
4400,78.96971956,50,0
4400,78.96971956,60,1
4400,78.96971956,70,1
4401,52.89944062,50,1
4401,52.89944062,60,1
4401,52.89944062,70,0
4402,-1,50,0
4402,-1,60,0
4402,-1,70,1
4403,-1,50,0
4403,-1,60,0
4403,-1,70,0
4404,-1,50,1
4404,-1,60,1
4404,-1,70,1
4405,-1,50,0
4405,-1,60,0
4405,-1,70,1
4406,-1,50,0
4406,-1,60,1
4406,-1,70,1
4407,-1,50,0
4407,-1,60,0
4407,-1,70,1
4408,77.3913745,50,1
4408,77.3913745,60,1
4408,77.3913745,70,1
4409,-1,50,1
4409,-1,60,1
4409,-1,70,1
4410,-1,50,1
4410,-1,60,1
4410,-1,70,2
4411,-1,50,0
4411,-1,60,1
4411,-1,70,1
4412,-1,50,0
4412,-1,60,1
4412,-1,70,1
4413,-1,50,0
4413,-1,60,0
4413,-1,70,0
4414,-1,50,0
4414,-1,60,0
4414,-1,70,0
4415,-1,50,0
4415,-1,60,0
4415,-1,70,0
4416,-1,50,0
4416,-1,60,0
4416,-1,70,0
4417,-1,50,0
4417,-1,60,0
4417,-1,70,0
4418,-1,50,0
4418,-1,60,1
4418,-1,70,1
4419,-1,50,0
4419,-1,60,0
4419,-1,70,0
4420,47.99437676,50,0
4420,47.99437676,60,0
4420,47.99437676,70,0
4421,65.01531278,50,1
4421,65.01531278,60,1
4421,65.01531278,70,1
4422,-1,50,0
4422,-1,60,0
4422,-1,70,1
4423,59.56260582,50,0
4423,59.56260582,60,1
4423,59.56260582,70,0
4424,67.69248122,50,0
4424,67.69248122,60,0
4424,67.69248122,70,0
4425,-1,50,1
4425,-1,60,1
4425,-1,70,1
4426,-1,50,0
4426,-1,60,0
4426,-1,70,0
4427,-1,50,0
4427,-1,60,0
4427,-1,70,1
4428,-1,50,0
4428,-1,60,0
4428,-1,70,1
4429,-1,50,0
4429,-1,60,0
4429,-1,70,0
4430,-1,50,0
4430,-1,60,0
4430,-1,70,0
4431,-1,50,0
4431,-1,60,0
4431,-1,70,0
4432,-1,50,0
4432,-1,60,0
4432,-1,70,0
4433,-1,50,1
4433,-1,60,1
4433,-1,70,1
4434,-1,50,0
4434,-1,60,0
4434,-1,70,0
4435,-1,50,0
4435,-1,60,0
4435,-1,70,0
4436,-1,50,0
4436,-1,60,1
4436,-1,70,1
4437,-1,50,0
4437,-1,60,1
4437,-1,70,1
4438,-1,50,0
4438,-1,60,0
4438,-1,70,0
4439,-1,50,0
4439,-1,60,0
4439,-1,70,0
4440,-1,50,0
4440,-1,60,0
4440,-1,70,0
4441,-1,50,0
4441,-1,60,0
4441,-1,70,0
4442,-1,50,0
4442,-1,60,2
4442,-1,70,2
4443,67.42302725,50,1
4443,67.42302725,60,1
4443,67.42302725,70,2
4444,-1,50,0
4444,-1,60,0
4444,-1,70,0
4445,-1,50,0
4445,-1,60,0
4445,-1,70,0
4446,74.22865502,50,1
4446,74.22865502,60,1
4446,74.22865502,70,1
4447,-1,50,0
4447,-1,60,0
4447,-1,70,0
4448,-1,50,0
4448,-1,60,0
4448,-1,70,1
4449,-1,50,0
4449,-1,60,0
4449,-1,70,1
4450,71.46988004,50,0
4450,71.46988004,60,1
4450,71.46988004,70,1
4451,-1,50,0
4451,-1,60,1
4451,-1,70,1
4452,60.34990127,50,1
4452,60.34990127,60,1
4452,60.34990127,70,2
4453,67.06301159,50,0
4453,67.06301159,60,0
4453,67.06301159,70,1
4454,-1,50,0
4454,-1,60,1
4454,-1,70,2
4455,-1,50,0
4455,-1,60,0
4455,-1,70,1
4456,-1,50,0
4456,-1,60,0
4456,-1,70,0
4457,-1,50,0
4457,-1,60,0
4457,-1,70,0
4458,-1,50,1
4458,-1,60,1
4458,-1,70,1
4459,-1,50,1
4459,-1,60,1
4459,-1,70,1
4460,-1,50,0
4460,-1,60,0
4460,-1,70,0
4461,-1,50,0
4461,-1,60,1
4461,-1,70,2
4462,-1,50,0
4462,-1,60,2
4462,-1,70,2
4463,-1,50,0
4463,-1,60,0
4463,-1,70,0
4464,-1,50,0
4464,-1,60,0
4464,-1,70,1
4465,-1,50,0
4465,-1,60,0
4465,-1,70,0
4466,-1,50,0
4466,-1,60,0
4466,-1,70,0
4467,-1,50,0
4467,-1,60,0
4467,-1,70,1
4468,-1,50,0
4468,-1,60,0
4468,-1,70,0
4469,-1,50,0
4469,-1,60,1
4469,-1,70,2
4470,-1,50,0
4470,-1,60,0
4470,-1,70,0
4471,-1,50,0
4471,-1,60,0
4471,-1,70,0
4472,-1,50,0
4472,-1,60,0
4472,-1,70,1
4473,-1,50,0
4473,-1,60,0
4473,-1,70,0
4474,-1,50,0
4474,-1,60,1
4474,-1,70,2
4475,-1,50,0
4475,-1,60,0
4475,-1,70,0
4476,-1,50,0
4476,-1,60,0
4476,-1,70,1
4477,-1,50,0
4477,-1,60,2
4477,-1,70,2
4478,-1,50,0
4478,-1,60,0
4478,-1,70,0
4479,-1,50,0
4479,-1,60,0
4479,-1,70,0
4480,-1,50,1
4480,-1,60,1
4480,-1,70,1
4481,-1,50,0
4481,-1,60,0
4481,-1,70,0
4482,-1,50,0
4482,-1,60,0
4482,-1,70,0
4483,-1,50,0
4483,-1,60,0
4483,-1,70,0
4484,78.23160472,50,1
4484,78.23160472,60,1
4484,78.23160472,70,2
4485,-1,50,0
4485,-1,60,0
4485,-1,70,0
4486,-1,50,0
4486,-1,60,0
4486,-1,70,0
4487,-1,50,0
4487,-1,60,0
4487,-1,70,0
4488,-1,50,0
4488,-1,60,0
4488,-1,70,1
4489,-1,50,0
4489,-1,60,0
4489,-1,70,0
4490,-1,50,0
4490,-1,60,0
4490,-1,70,1
4491,-1,50,0
4491,-1,60,1
4491,-1,70,1
4492,-1,50,0
4492,-1,60,0
4492,-1,70,0
4493,-1,50,0
4493,-1,60,0
4493,-1,70,0
4494,-1,50,0
4494,-1,60,0
4494,-1,70,1
4495,-1,50,0
4495,-1,60,0
4495,-1,70,0
4496,71.76177571,50,1
4496,71.76177571,60,1
4496,71.76177571,70,1
4497,-1,50,0
4497,-1,60,1
4497,-1,70,1
4498,-1,50,0
4498,-1,60,0
4498,-1,70,0
4499,-1,50,0
4499,-1,60,0
4499,-1,70,1
4500,-1,50,0
4500,-1,60,0
4500,-1,70,1
4501,-1,50,0
4501,-1,60,0
4501,-1,70,1
4502,69.47692911,50,1
4502,69.47692911,60,2
4502,69.47692911,70,2
4503,-1,50,0
4503,-1,60,0
4503,-1,70,0
4504,-1,50,0
4504,-1,60,0
4504,-1,70,0
4505,60.39350994,50,1
4505,60.39350994,60,1
4505,60.39350994,70,2
4506,-1,50,0
4506,-1,60,1
4506,-1,70,1
4507,-1,50,0
4507,-1,60,0
4507,-1,70,0
4508,-1,50,0
4508,-1,60,0
4508,-1,70,0
4509,69.3663102,50,0
4509,69.3663102,60,0
4509,69.3663102,70,1
4510,-1,50,0
4510,-1,60,0
4510,-1,70,0
4511,79.66656263,50,0
4511,79.66656263,60,1
4511,79.66656263,70,1
4512,-1,50,0
4512,-1,60,0
4512,-1,70,1
4513,-1,50,0
4513,-1,60,0
4513,-1,70,0
4514,-1,50,0
4514,-1,60,0
4514,-1,70,0
4515,79.24348637,50,1
4515,79.24348637,60,1
4515,79.24348637,70,1
4516,-1,50,0
4516,-1,60,0
4516,-1,70,1
4517,-1,50,0
4517,-1,60,0
4517,-1,70,0
4518,77.84332228,50,1
4518,77.84332228,60,1
4518,77.84332228,70,1
4519,-1,50,0
4519,-1,60,0
4519,-1,70,0
4520,-1,50,0
4520,-1,60,0
4520,-1,70,0
4521,-1,50,0
4521,-1,60,0
4521,-1,70,2
4522,72.71405559,50,0
4522,72.71405559,60,1
4522,72.71405559,70,2
4523,-1,50,0
4523,-1,60,0
4523,-1,70,0
4524,-1,50,0
4524,-1,60,1
4524,-1,70,1
4525,-1,50,0
4525,-1,60,1
4525,-1,70,2
4526,-1,50,0
4526,-1,60,0
4526,-1,70,0
4527,-1,50,0
4527,-1,60,0
4527,-1,70,1
4528,-1,50,0
4528,-1,60,0
4528,-1,70,0
4529,-1,50,0
4529,-1,60,0
4529,-1,70,0
4530,-1,50,0
4530,-1,60,0
4530,-1,70,0
4531,79.18070321,50,0
4531,79.18070321,60,1
4531,79.18070321,70,1
4532,-1,50,0
4532,-1,60,0
4532,-1,70,0
4533,-1,50,1
4533,-1,60,1
4533,-1,70,1
4534,-1,50,0
4534,-1,60,0
4534,-1,70,2
4535,-1,50,0
4535,-1,60,0
4535,-1,70,0
4536,-1,50,0
4536,-1,60,0
4536,-1,70,1
4537,-1,50,0
4537,-1,60,1
4537,-1,70,1
4538,-1,50,1
4538,-1,60,1
4538,-1,70,2
4539,-1,50,0
4539,-1,60,0
4539,-1,70,0
4540,-1,50,0
4540,-1,60,0
4540,-1,70,0
4541,-1,50,0
4541,-1,60,0
4541,-1,70,0
4542,-1,50,0
4542,-1,60,0
4542,-1,70,0
4543,-1,50,0
4543,-1,60,0
4543,-1,70,0
4544,-1,50,0
4544,-1,60,0
4544,-1,70,0
4545,-1,50,0
4545,-1,60,0
4545,-1,70,0
4546,-1,50,0
4546,-1,60,0
4546,-1,70,1
4547,69.77901726,50,1
4547,69.77901726,60,1
4547,69.77901726,70,1
4548,-1,50,0
4548,-1,60,0
4548,-1,70,0
4549,-1,50,0
4549,-1,60,0
4549,-1,70,0
4550,-1,50,0
4550,-1,60,0
4550,-1,70,0
4551,-1,50,0
4551,-1,60,0
4551,-1,70,0
4552,70.6207422,50,1
4552,70.6207422,60,2
4552,70.6207422,70,2
4553,-1,50,0
4553,-1,60,0
4553,-1,70,1
4554,-1,50,0
4554,-1,60,0
4554,-1,70,0
4555,-1,50,0
4555,-1,60,2
4555,-1,70,2
4556,-1,50,0
4556,-1,60,0
4556,-1,70,1
4557,-1,50,0
4557,-1,60,1
4557,-1,70,1
4558,-1,50,1
4558,-1,60,1
4558,-1,70,1
4559,55.26379366,50,1
4559,55.26379366,60,1
4559,55.26379366,70,0
4560,78.09827772,50,1
4560,78.09827772,60,2
4560,78.09827772,70,3
4561,-1,50,0
4561,-1,60,0
4561,-1,70,0
4562,-1,50,0
4562,-1,60,0
4562,-1,70,0
4563,-1,50,0
4563,-1,60,0
4563,-1,70,2
4564,-1,50,1
4564,-1,60,1
4564,-1,70,1
4565,78.84560656,50,0
4565,78.84560656,60,1
4565,78.84560656,70,2
4566,74.05872569,50,3
4566,74.05872569,60,3
4566,74.05872569,70,3
4567,-1,50,0
4567,-1,60,0
4567,-1,70,1
4568,-1,50,0
4568,-1,60,0
4568,-1,70,0
4569,-1,50,0
4569,-1,60,0
4569,-1,70,0
4570,-1,50,0
4570,-1,60,0
4570,-1,70,0
4571,-1,50,1
4571,-1,60,1
4571,-1,70,1
4572,-1,50,0
4572,-1,60,0
4572,-1,70,1
4573,-1,50,0
4573,-1,60,0
4573,-1,70,0
4574,79.70504262,50,0
4574,79.70504262,60,0
4574,79.70504262,70,1
4575,-1,50,0
4575,-1,60,0
4575,-1,70,0
4576,73.17256509,50,0
4576,73.17256509,60,1
4576,73.17256509,70,1
4577,-1,50,0
4577,-1,60,1
4577,-1,70,1
4578,74.35407416,50,0
4578,74.35407416,60,1
4578,74.35407416,70,1
4579,-1,50,0
4579,-1,60,0
4579,-1,70,0
4580,-1,50,0
4580,-1,60,0
4580,-1,70,0
4581,-1,50,1
4581,-1,60,1
4581,-1,70,4
4582,54.75421131,50,0
4582,54.75421131,60,2
4582,54.75421131,70,0
4583,-1,50,0
4583,-1,60,0
4583,-1,70,0
4584,69.4590524,50,1
4584,69.4590524,60,1
4584,69.4590524,70,2
4585,-1,50,0
4585,-1,60,0
4585,-1,70,0
4586,-1,50,0
4586,-1,60,1
4586,-1,70,1
4587,66.77766047,50,0
4587,66.77766047,60,2
4587,66.77766047,70,2
4588,-1,50,0
4588,-1,60,0
4588,-1,70,0
4589,-1,50,0
4589,-1,60,0
4589,-1,70,0
4590,-1,50,0
4590,-1,60,0
4590,-1,70,0
4591,-1,50,0
4591,-1,60,1
4591,-1,70,1
4592,-1,50,0
4592,-1,60,1
4592,-1,70,1
4593,-1,50,0
4593,-1,60,1
4593,-1,70,1
4594,-1,50,0
4594,-1,60,0
4594,-1,70,0
4595,-1,50,0
4595,-1,60,0
4595,-1,70,1
4596,61.268205,50,0
4596,61.268205,60,0
4596,61.268205,70,0
4597,69.46442844,50,0
4597,69.46442844,60,0
4597,69.46442844,70,1
4598,-1,50,0
4598,-1,60,0
4598,-1,70,0
4599,-1,50,0
4599,-1,60,0
4599,-1,70,2
4600,-1,50,0
4600,-1,60,0
4600,-1,70,0
4601,-1,50,0
4601,-1,60,0
4601,-1,70,0
4602,78.69460263,50,1
4602,78.69460263,60,2
4602,78.69460263,70,3
4603,-1,50,0
4603,-1,60,0
4603,-1,70,0
4604,-1,50,0
4604,-1,60,1
4604,-1,70,2
4605,-1,50,0
4605,-1,60,0
4605,-1,70,2
4606,-1,50,1
4606,-1,60,1
4606,-1,70,1
4607,-1,50,0
4607,-1,60,0
4607,-1,70,1
4608,-1,50,0
4608,-1,60,0
4608,-1,70,1
4609,-1,50,0
4609,-1,60,0
4609,-1,70,1
4610,-1,50,0
4610,-1,60,0
4610,-1,70,1
4611,-1,50,0
4611,-1,60,0
4611,-1,70,1
4612,-1,50,0
4612,-1,60,0
4612,-1,70,0
4613,-1,50,0
4613,-1,60,0
4613,-1,70,0
4614,76.54449331,50,1
4614,76.54449331,60,1
4614,76.54449331,70,2
4615,-1,50,0
4615,-1,60,0
4615,-1,70,0
4616,-1,50,0
4616,-1,60,0
4616,-1,70,0
4617,-1,50,0
4617,-1,60,0
4617,-1,70,0
4618,-1,50,0
4618,-1,60,1
4618,-1,70,2
4619,-1,50,0
4619,-1,60,0
4619,-1,70,0
4620,-1,50,0
4620,-1,60,0
4620,-1,70,0
4621,-1,50,1
4621,-1,60,1
4621,-1,70,2
4622,-1,50,0
4622,-1,60,0
4622,-1,70,0
4623,-1,50,0
4623,-1,60,0
4623,-1,70,0
4624,-1,50,0
4624,-1,60,0
4624,-1,70,1
4625,-1,50,0
4625,-1,60,0
4625,-1,70,1
4626,-1,50,0
4626,-1,60,0
4626,-1,70,0
4627,49.61994507,50,1
4627,49.61994507,60,0
4627,49.61994507,70,0
4628,-1,50,0
4628,-1,60,0
4628,-1,70,0
4629,-1,50,0
4629,-1,60,0
4629,-1,70,0
4630,-1,50,0
4630,-1,60,0
4630,-1,70,1
4631,-1,50,0
4631,-1,60,0
4631,-1,70,1
4632,-1,50,0
4632,-1,60,1
4632,-1,70,2
4633,-1,50,0
4633,-1,60,0
4633,-1,70,0
4634,78.15050203,50,1
4634,78.15050203,60,1
4634,78.15050203,70,1
4635,-1,50,1
4635,-1,60,1
4635,-1,70,1
4636,-1,50,0
4636,-1,60,1
4636,-1,70,1
4637,-1,50,0
4637,-1,60,0
4637,-1,70,0
4638,-1,50,0
4638,-1,60,0
4638,-1,70,0
4639,-1,50,0
4639,-1,60,2
4639,-1,70,2
4640,-1,50,0
4640,-1,60,0
4640,-1,70,0
4641,77.0129577,50,1
4641,77.0129577,60,1
4641,77.0129577,70,1
4642,-1,50,0
4642,-1,60,1
4642,-1,70,2
4643,-1,50,0
4643,-1,60,0
4643,-1,70,1
4644,-1,50,0
4644,-1,60,0
4644,-1,70,0
4645,-1,50,0
4645,-1,60,0
4645,-1,70,0
4646,-1,50,0
4646,-1,60,1
4646,-1,70,1
4647,-1,50,0
4647,-1,60,0
4647,-1,70,0
4648,-1,50,0
4648,-1,60,0
4648,-1,70,0
4649,-1,50,0
4649,-1,60,0
4649,-1,70,0
4650,-1,50,0
4650,-1,60,1
4650,-1,70,1
4651,-1,50,0
4651,-1,60,0
4651,-1,70,1
4652,-1,50,1
4652,-1,60,1
4652,-1,70,2
4653,-1,50,0
4653,-1,60,0
4653,-1,70,0
4654,-1,50,0
4654,-1,60,0
4654,-1,70,1
4655,-1,50,0
4655,-1,60,0
4655,-1,70,1
4656,58.49355905,50,0
4656,58.49355905,60,1
4656,58.49355905,70,0
4657,-1,50,0
4657,-1,60,0
4657,-1,70,0
4658,-1,50,0
4658,-1,60,0
4658,-1,70,0
4659,-1,50,0
4659,-1,60,0
4659,-1,70,0
4660,-1,50,0
4660,-1,60,0
4660,-1,70,0
4661,-1,50,0
4661,-1,60,0
4661,-1,70,1
4662,-1,50,0
4662,-1,60,0
4662,-1,70,1
4663,-1,50,1
4663,-1,60,1
4663,-1,70,1
4664,76.79109171,50,0
4664,76.79109171,60,2
4664,76.79109171,70,3
4665,-1,50,0
4665,-1,60,1
4665,-1,70,2
4666,-1,50,1
4666,-1,60,1
4666,-1,70,1
4667,-1,50,0
4667,-1,60,0
4667,-1,70,1
4668,-1,50,0
4668,-1,60,0
4668,-1,70,0
4669,-1,50,0
4669,-1,60,0
4669,-1,70,1
4670,-1,50,0
4670,-1,60,0
4670,-1,70,0
4671,-1,50,1
4671,-1,60,1
4671,-1,70,2
4672,-1,50,0
4672,-1,60,0
4672,-1,70,1
4673,-1,50,0
4673,-1,60,0
4673,-1,70,1
4674,-1,50,0
4674,-1,60,0
4674,-1,70,1
4675,-1,50,0
4675,-1,60,0
4675,-1,70,1
4676,-1,50,0
4676,-1,60,0
4676,-1,70,1
4677,-1,50,0
4677,-1,60,0
4677,-1,70,0
4678,76.37291748,50,0
4678,76.37291748,60,1
4678,76.37291748,70,5
4679,-1,50,0
4679,-1,60,0
4679,-1,70,0
4680,-1,50,0
4680,-1,60,1
4680,-1,70,1
4681,-1,50,0
4681,-1,60,0
4681,-1,70,0
4682,-1,50,0
4682,-1,60,1
4682,-1,70,1
4683,-1,50,0
4683,-1,60,1
4683,-1,70,2
4684,73.58731421,50,0
4684,73.58731421,60,1
4684,73.58731421,70,1
4685,-1,50,1
4685,-1,60,1
4685,-1,70,1
4686,-1,50,0
4686,-1,60,0
4686,-1,70,0
4687,-1,50,0
4687,-1,60,0
4687,-1,70,0
4688,-1,50,1
4688,-1,60,1
4688,-1,70,3
4689,-1,50,0
4689,-1,60,1
4689,-1,70,1
4690,-1,50,0
4690,-1,60,0
4690,-1,70,0
4691,-1,50,0
4691,-1,60,0
4691,-1,70,0
4692,-1,50,0
4692,-1,60,0
4692,-1,70,0
4693,74.37581464,50,1
4693,74.37581464,60,1
4693,74.37581464,70,1
4694,78.09377069,50,1
4694,78.09377069,60,1
4694,78.09377069,70,1
4695,-1,50,0
4695,-1,60,1
4695,-1,70,2
4696,-1,50,0
4696,-1,60,0
4696,-1,70,0
4697,-1,50,0
4697,-1,60,0
4697,-1,70,0
4698,-1,50,0
4698,-1,60,0
4698,-1,70,1
4699,-1,50,0
4699,-1,60,0
4699,-1,70,1
4700,-1,50,0
4700,-1,60,0
4700,-1,70,1
4701,-1,50,0
4701,-1,60,0
4701,-1,70,1
4702,-1,50,0
4702,-1,60,0
4702,-1,70,0
4703,68.0443099,50,2
4703,68.0443099,60,2
4703,68.0443099,70,2
4704,68.46037987,50,0
4704,68.46037987,60,0
4704,68.46037987,70,2
4705,-1,50,0
4705,-1,60,0
4705,-1,70,0
4706,-1,50,0
4706,-1,60,0
4706,-1,70,0
4707,-1,50,0
4707,-1,60,0
4707,-1,70,1
4708,-1,50,0
4708,-1,60,0
4708,-1,70,0
4709,-1,50,0
4709,-1,60,0
4709,-1,70,0
4710,-1,50,0
4710,-1,60,0
4710,-1,70,0
4711,-1,50,0
4711,-1,60,0
4711,-1,70,0
4712,44.30550938,50,2
4712,44.30550938,60,0
4712,44.30550938,70,0
4713,-1,50,0
4713,-1,60,1
4713,-1,70,1
4714,-1,50,0
4714,-1,60,1
4714,-1,70,1
4715,-1,50,0
4715,-1,60,1
4715,-1,70,1
4716,-1,50,0
4716,-1,60,0
4716,-1,70,0
4717,-1,50,0
4717,-1,60,0
4717,-1,70,0
4718,72.15587118,50,0
4718,72.15587118,60,0
4718,72.15587118,70,1
4719,-1,50,0
4719,-1,60,1
4719,-1,70,1
4720,-1,50,0
4720,-1,60,0
4720,-1,70,0
4721,-1,50,1
4721,-1,60,1
4721,-1,70,1
4722,-1,50,0
4722,-1,60,1
4722,-1,70,1
4723,-1,50,0
4723,-1,60,0
4723,-1,70,0
4724,-1,50,0
4724,-1,60,0
4724,-1,70,0
4725,-1,50,0
4725,-1,60,0
4725,-1,70,0
4726,-1,50,0
4726,-1,60,0
4726,-1,70,1
4727,-1,50,0
4727,-1,60,0
4727,-1,70,0
4728,-1,50,0
4728,-1,60,0
4728,-1,70,1
4729,-1,50,0
4729,-1,60,0
4729,-1,70,1
4730,-1,50,0
4730,-1,60,0
4730,-1,70,4
4731,57.26513273,50,2
4731,57.26513273,60,2
4731,57.26513273,70,0
4732,-1,50,0
4732,-1,60,0
4732,-1,70,0
4733,79.36338759,50,1
4733,79.36338759,60,1
4733,79.36338759,70,2
4734,-1,50,0
4734,-1,60,0
4734,-1,70,1
4735,-1,50,0
4735,-1,60,0
4735,-1,70,0
4736,-1,50,0
4736,-1,60,0
4736,-1,70,0
4737,-1,50,0
4737,-1,60,0
4737,-1,70,0
4738,-1,50,0
4738,-1,60,0
4738,-1,70,0
4739,-1,50,0
4739,-1,60,0
4739,-1,70,1
4740,73.11176535,50,0
4740,73.11176535,60,1
4740,73.11176535,70,1
4741,-1,50,1
4741,-1,60,1
4741,-1,70,1
4742,-1,50,0
4742,-1,60,0
4742,-1,70,0
4743,-1,50,0
4743,-1,60,0
4743,-1,70,0
4744,-1,50,0
4744,-1,60,0
4744,-1,70,1
4745,-1,50,0
4745,-1,60,0
4745,-1,70,0
4746,-1,50,0
4746,-1,60,0
4746,-1,70,1
4747,-1,50,0
4747,-1,60,0
4747,-1,70,0
4748,-1,50,0
4748,-1,60,0
4748,-1,70,0
4749,-1,50,1
4749,-1,60,1
4749,-1,70,1
4750,73.43582692,50,1
4750,73.43582692,60,1
4750,73.43582692,70,1
4751,-1,50,0
4751,-1,60,0
4751,-1,70,0
4752,55.10426373,50,0
4752,55.10426373,60,0
4752,55.10426373,70,0
4753,-1,50,0
4753,-1,60,0
4753,-1,70,0
4754,-1,50,0
4754,-1,60,1
4754,-1,70,1
4755,-1,50,0
4755,-1,60,1
4755,-1,70,1
4756,-1,50,0
4756,-1,60,0
4756,-1,70,0
4757,-1,50,0
4757,-1,60,0
4757,-1,70,3
4758,-1,50,0
4758,-1,60,0
4758,-1,70,0
4759,79.84204427,50,0
4759,79.84204427,60,1
4759,79.84204427,70,2
4760,-1,50,0
4760,-1,60,0
4760,-1,70,1
4761,-1,50,0
4761,-1,60,2
4761,-1,70,3
4762,68.68062017,50,1
4762,68.68062017,60,1
4762,68.68062017,70,1
4763,-1,50,0
4763,-1,60,0
4763,-1,70,0
4764,-1,50,0
4764,-1,60,0
4764,-1,70,0
4765,-1,50,0
4765,-1,60,0
4765,-1,70,1
4766,-1,50,0
4766,-1,60,0
4766,-1,70,0
4767,76.22905225,50,1
4767,76.22905225,60,2
4767,76.22905225,70,2
4768,-1,50,0
4768,-1,60,0
4768,-1,70,0
4769,-1,50,0
4769,-1,60,0
4769,-1,70,0
4770,-1,50,0
4770,-1,60,0
4770,-1,70,0
4771,-1,50,0
4771,-1,60,2
4771,-1,70,2
4772,-1,50,0
4772,-1,60,0
4772,-1,70,0
4773,-1,50,0
4773,-1,60,0
4773,-1,70,0
4774,-1,50,0
4774,-1,60,0
4774,-1,70,1
4775,-1,50,0
4775,-1,60,0
4775,-1,70,1
4776,-1,50,0
4776,-1,60,0
4776,-1,70,0
4777,-1,50,0
4777,-1,60,1
4777,-1,70,2
4778,-1,50,0
4778,-1,60,0
4778,-1,70,0
4779,-1,50,0
4779,-1,60,0
4779,-1,70,0
4780,-1,50,0
4780,-1,60,0
4780,-1,70,1
4781,-1,50,0
4781,-1,60,0
4781,-1,70,0
4782,-1,50,0
4782,-1,60,0
4782,-1,70,1
4783,-1,50,0
4783,-1,60,0
4783,-1,70,0
4784,-1,50,0
4784,-1,60,0
4784,-1,70,0
4785,-1,50,0
4785,-1,60,0
4785,-1,70,0
4786,-1,50,1
4786,-1,60,1
4786,-1,70,2
4787,-1,50,0
4787,-1,60,0
4787,-1,70,0
4788,-1,50,0
4788,-1,60,0
4788,-1,70,1
4789,-1,50,0
4789,-1,60,0
4789,-1,70,0
4790,-1,50,0
4790,-1,60,0
4790,-1,70,0
4791,-1,50,0
4791,-1,60,0
4791,-1,70,0
4792,-1,50,0
4792,-1,60,0
4792,-1,70,0
4793,61.91618457,50,1
4793,61.91618457,60,1
4793,61.91618457,70,1
4794,-1,50,0
4794,-1,60,1
4794,-1,70,1
4795,-1,50,0
4795,-1,60,0
4795,-1,70,0
4796,-1,50,0
4796,-1,60,1
4796,-1,70,1
4797,-1,50,0
4797,-1,60,0
4797,-1,70,0
4798,-1,50,2
4798,-1,60,2
4798,-1,70,2
4799,-1,50,0
4799,-1,60,0
4799,-1,70,1
4800,-1,50,1
4800,-1,60,1
4800,-1,70,1
4801,-1,50,0
4801,-1,60,0
4801,-1,70,0
4802,-1,50,0
4802,-1,60,0
4802,-1,70,0
4803,67.56238852,50,1
4803,67.56238852,60,1
4803,67.56238852,70,1
4804,-1,50,0
4804,-1,60,0
4804,-1,70,0
4805,-1,50,1
4805,-1,60,1
4805,-1,70,1
4806,-1,50,0
4806,-1,60,0
4806,-1,70,0
4807,62.59468493,50,0
4807,62.59468493,60,1
4807,62.59468493,70,2
4808,-1,50,1
4808,-1,60,1
4808,-1,70,1
4809,-1,50,0
4809,-1,60,0
4809,-1,70,0
4810,-1,50,0
4810,-1,60,0
4810,-1,70,0
4811,-1,50,0
4811,-1,60,0
4811,-1,70,0
4812,-1,50,0
4812,-1,60,1
4812,-1,70,1
4813,-1,50,0
4813,-1,60,0
4813,-1,70,0
4814,77.40132143,50,1
4814,77.40132143,60,3
4814,77.40132143,70,3
4815,-1,50,0
4815,-1,60,0
4815,-1,70,0
4816,-1,50,0
4816,-1,60,0
4816,-1,70,1
4817,-1,50,0
4817,-1,60,0
4817,-1,70,0
4818,-1,50,0
4818,-1,60,0
4818,-1,70,0
4819,66.38305188,50,2
4819,66.38305188,60,2
4819,66.38305188,70,3
4820,-1,50,0
4820,-1,60,0
4820,-1,70,1
4821,-1,50,0
4821,-1,60,0
4821,-1,70,0
4822,-1,50,0
4822,-1,60,0
4822,-1,70,0
4823,-1,50,0
4823,-1,60,0
4823,-1,70,0
4824,-1,50,0
4824,-1,60,0
4824,-1,70,0
4825,-1,50,0
4825,-1,60,0
4825,-1,70,0
4826,-1,50,0
4826,-1,60,0
4826,-1,70,0
4827,-1,50,0
4827,-1,60,0
4827,-1,70,1
4828,-1,50,0
4828,-1,60,0
4828,-1,70,0
4829,-1,50,0
4829,-1,60,0
4829,-1,70,0
4830,-1,50,0
4830,-1,60,0
4830,-1,70,0
4831,71.70840705,50,1
4831,71.70840705,60,1
4831,71.70840705,70,2
4832,-1,50,0
4832,-1,60,0
4832,-1,70,0
4833,54.09479064,50,1
4833,54.09479064,60,1
4833,54.09479064,70,0
4834,-1,50,0
4834,-1,60,0
4834,-1,70,0
4835,-1,50,0
4835,-1,60,0
4835,-1,70,0
4836,-1,50,0
4836,-1,60,0
4836,-1,70,0
4837,-1,50,0
4837,-1,60,1
4837,-1,70,1
4838,-1,50,0
4838,-1,60,0
4838,-1,70,0
4839,-1,50,0
4839,-1,60,1
4839,-1,70,1
4840,-1,50,0
4840,-1,60,0
4840,-1,70,0
4841,-1,50,0
4841,-1,60,0
4841,-1,70,0
4842,70.88640869,50,0
4842,70.88640869,60,0
4842,70.88640869,70,2
4843,-1,50,1
4843,-1,60,2
4843,-1,70,2
4844,-1,50,0
4844,-1,60,0
4844,-1,70,0
4845,49.58302657,50,2
4845,49.58302657,60,0
4845,49.58302657,70,0
4846,-1,50,0
4846,-1,60,0
4846,-1,70,0
4847,-1,50,0
4847,-1,60,0
4847,-1,70,0
4848,-1,50,0
4848,-1,60,0
4848,-1,70,0
4849,-1,50,0
4849,-1,60,0
4849,-1,70,1
4850,-1,50,0
4850,-1,60,1
4850,-1,70,2
4851,-1,50,0
4851,-1,60,0
4851,-1,70,1
4852,-1,50,0
4852,-1,60,0
4852,-1,70,0
4853,46.5896394,50,0
4853,46.5896394,60,0
4853,46.5896394,70,0
4854,-1,50,0
4854,-1,60,0
4854,-1,70,0
4855,-1,50,0
4855,-1,60,0
4855,-1,70,0
4856,-1,50,0
4856,-1,60,0
4856,-1,70,0
4857,-1,50,0
4857,-1,60,0
4857,-1,70,0
4858,-1,50,1
4858,-1,60,1
4858,-1,70,2
4859,-1,50,0
4859,-1,60,1
4859,-1,70,1
4860,-1,50,0
4860,-1,60,0
4860,-1,70,0
4861,-1,50,0
4861,-1,60,1
4861,-1,70,1
4862,-1,50,0
4862,-1,60,0
4862,-1,70,1
4863,-1,50,0
4863,-1,60,0
4863,-1,70,0
4864,-1,50,0
4864,-1,60,0
4864,-1,70,0
4865,63.05999923,50,1
4865,63.05999923,60,1
4865,63.05999923,70,1
4866,-1,50,0
4866,-1,60,1
4866,-1,70,1
4867,-1,50,0
4867,-1,60,1
4867,-1,70,1
4868,-1,50,0
4868,-1,60,0
4868,-1,70,1
4869,-1,50,1
4869,-1,60,1
4869,-1,70,1
4870,-1,50,1
4870,-1,60,1
4870,-1,70,2
4871,75.66879564,50,0
4871,75.66879564,60,0
4871,75.66879564,70,1
4872,-1,50,0
4872,-1,60,1
4872,-1,70,1
4873,-1,50,0
4873,-1,60,0
4873,-1,70,0
4874,-1,50,0
4874,-1,60,0
4874,-1,70,1
4875,-1,50,0
4875,-1,60,0
4875,-1,70,1
4876,-1,50,0
4876,-1,60,1
4876,-1,70,2
4877,-1,50,0
4877,-1,60,1
4877,-1,70,1
4878,-1,50,0
4878,-1,60,0
4878,-1,70,0
4879,-1,50,0
4879,-1,60,0
4879,-1,70,1
4880,-1,50,0
4880,-1,60,0
4880,-1,70,0
4881,-1,50,0
4881,-1,60,1
4881,-1,70,1
4882,-1,50,0
4882,-1,60,0
4882,-1,70,0
4883,-1,50,0
4883,-1,60,0
4883,-1,70,0
4884,-1,50,0
4884,-1,60,0
4884,-1,70,0
4885,62.99403124,50,1
4885,62.99403124,60,2
4885,62.99403124,70,2
4886,-1,50,0
4886,-1,60,0
4886,-1,70,1
4887,-1,50,0
4887,-1,60,0
4887,-1,70,0
4888,65.67739505,50,0
4888,65.67739505,60,0
4888,65.67739505,70,0
4889,71.14176198,50,0
4889,71.14176198,60,1
4889,71.14176198,70,1
4890,-1,50,0
4890,-1,60,0
4890,-1,70,2
4891,-1,50,0
4891,-1,60,0
4891,-1,70,0
4892,-1,50,0
4892,-1,60,0
4892,-1,70,0
4893,-1,50,0
4893,-1,60,1
4893,-1,70,3
4894,-1,50,0
4894,-1,60,0
4894,-1,70,0
4895,-1,50,0
4895,-1,60,0
4895,-1,70,0
4896,-1,50,1
4896,-1,60,1
4896,-1,70,1
4897,-1,50,0
4897,-1,60,0
4897,-1,70,0
4898,-1,50,0
4898,-1,60,0
4898,-1,70,0
4899,-1,50,0
4899,-1,60,0
4899,-1,70,0
4900,-1,50,0
4900,-1,60,0
4900,-1,70,0
4901,-1,50,0
4901,-1,60,0
4901,-1,70,0
4902,-1,50,0
4902,-1,60,0
4902,-1,70,1
4903,-1,50,0
4903,-1,60,1
4903,-1,70,1
4904,-1,50,0
4904,-1,60,0
4904,-1,70,0
4905,-1,50,0
4905,-1,60,0
4905,-1,70,1
4906,-1,50,0
4906,-1,60,0
4906,-1,70,1
4907,-1,50,1
4907,-1,60,1
4907,-1,70,1
4908,-1,50,0
4908,-1,60,0
4908,-1,70,2
4909,-1,50,0
4909,-1,60,0
4909,-1,70,0
4910,-1,50,0
4910,-1,60,0
4910,-1,70,1
4911,-1,50,1
4911,-1,60,1
4911,-1,70,1
4912,-1,50,0
4912,-1,60,0
4912,-1,70,0
4913,-1,50,1
4913,-1,60,1
4913,-1,70,1
4914,-1,50,0
4914,-1,60,0
4914,-1,70,0
4915,-1,50,0
4915,-1,60,0
4915,-1,70,0
4916,-1,50,0
4916,-1,60,0
4916,-1,70,0
4917,-1,50,0
4917,-1,60,0
4917,-1,70,2
4918,-1,50,1
4918,-1,60,1
4918,-1,70,1
4919,-1,50,0
4919,-1,60,0
4919,-1,70,1
4920,-1,50,0
4920,-1,60,0
4920,-1,70,0
4921,75.94858213,50,1
4921,75.94858213,60,1
4921,75.94858213,70,1
4922,-1,50,0
4922,-1,60,0
4922,-1,70,0
4923,-1,50,0
4923,-1,60,0
4923,-1,70,0
4924,-1,50,0
4924,-1,60,0
4924,-1,70,0
4925,-1,50,0
4925,-1,60,1
4925,-1,70,1
4926,-1,50,0
4926,-1,60,0
4926,-1,70,0
4927,-1,50,0
4927,-1,60,0
4927,-1,70,0
4928,-1,50,0
4928,-1,60,0
4928,-1,70,0
4929,-1,50,1
4929,-1,60,1
4929,-1,70,1
4930,77.82368375,50,1
4930,77.82368375,60,1
4930,77.82368375,70,1
4931,73.30662557,50,1
4931,73.30662557,60,1
4931,73.30662557,70,3
4932,-1,50,0
4932,-1,60,1
4932,-1,70,1
4933,-1,50,0
4933,-1,60,0
4933,-1,70,0
4934,-1,50,0
4934,-1,60,0
4934,-1,70,0
4935,79.7051876,50,1
4935,79.7051876,60,2
4935,79.7051876,70,2
4936,-1,50,0
4936,-1,60,0
4936,-1,70,0
4937,-1,50,0
4937,-1,60,0
4937,-1,70,0
4938,-1,50,0
4938,-1,60,0
4938,-1,70,0
4939,-1,50,0
4939,-1,60,0
4939,-1,70,0
4940,71.70681276,50,1
4940,71.70681276,60,1
4940,71.70681276,70,1
4941,-1,50,0
4941,-1,60,0
4941,-1,70,0
4942,-1,50,0
4942,-1,60,0
4942,-1,70,0
4943,-1,50,0
4943,-1,60,0
4943,-1,70,0
4944,-1,50,0
4944,-1,60,0
4944,-1,70,0
4945,-1,50,0
4945,-1,60,1
4945,-1,70,1
4946,-1,50,0
4946,-1,60,0
4946,-1,70,0
4947,-1,50,0
4947,-1,60,0
4947,-1,70,0
4948,-1,50,0
4948,-1,60,0
4948,-1,70,0
4949,-1,50,0
4949,-1,60,0
4949,-1,70,0
4950,-1,50,0
4950,-1,60,0
4950,-1,70,0
4951,-1,50,0
4951,-1,60,1
4951,-1,70,1
4952,-1,50,0
4952,-1,60,0
4952,-1,70,0
4953,-1,50,0
4953,-1,60,0
4953,-1,70,2
4954,69.04841078,50,0
4954,69.04841078,60,0
4954,69.04841078,70,0
4955,-1,50,0
4955,-1,60,0
4955,-1,70,1
4956,72.33732265,50,1
4956,72.33732265,60,1
4956,72.33732265,70,1
4957,-1,50,0
4957,-1,60,0
4957,-1,70,1
4958,-1,50,0
4958,-1,60,0
4958,-1,70,0
4959,-1,50,0
4959,-1,60,0
4959,-1,70,0
4960,-1,50,0
4960,-1,60,0
4960,-1,70,0
4961,-1,50,0
4961,-1,60,0
4961,-1,70,0
4962,-1,50,0
4962,-1,60,0
4962,-1,70,1
4963,63.63134592,50,2
4963,63.63134592,60,2
4963,63.63134592,70,2
4964,-1,50,0
4964,-1,60,0
4964,-1,70,0
4965,-1,50,0
4965,-1,60,0
4965,-1,70,0
4966,63.72618493,50,1
4966,63.72618493,60,1
4966,63.72618493,70,2
4967,-1,50,0
4967,-1,60,0
4967,-1,70,0
4968,-1,50,0
4968,-1,60,0
4968,-1,70,0
4969,-1,50,0
4969,-1,60,0
4969,-1,70,0
4970,-1,50,0
4970,-1,60,0
4970,-1,70,0
4971,-1,50,0
4971,-1,60,0
4971,-1,70,0
4972,76.12473239,50,1
4972,76.12473239,60,1
4972,76.12473239,70,2
4973,-1,50,0
4973,-1,60,0
4973,-1,70,0
4974,62.09917042,50,1
4974,62.09917042,60,2
4974,62.09917042,70,3
4975,76.09436743,50,0
4975,76.09436743,60,1
4975,76.09436743,70,2
4976,-1,50,0
4976,-1,60,2
4976,-1,70,2
4977,-1,50,0
4977,-1,60,0
4977,-1,70,1
4978,-1,50,0
4978,-1,60,0
4978,-1,70,0
4979,-1,50,0
4979,-1,60,2
4979,-1,70,2
4980,-1,50,0
4980,-1,60,0
4980,-1,70,0
4981,-1,50,0
4981,-1,60,1
4981,-1,70,1
4982,-1,50,0
4982,-1,60,0
4982,-1,70,0
4983,-1,50,0
4983,-1,60,0
4983,-1,70,0
4984,74.72632642,50,1
4984,74.72632642,60,2
4984,74.72632642,70,2
4985,-1,50,0
4985,-1,60,0
4985,-1,70,0
4986,-1,50,0
4986,-1,60,0
4986,-1,70,0
4987,-1,50,1
4987,-1,60,1
4987,-1,70,1
4988,55.16323112,50,0
4988,55.16323112,60,0
4988,55.16323112,70,0
4989,-1,50,1
4989,-1,60,1
4989,-1,70,1
4990,-1,50,0
4990,-1,60,0
4990,-1,70,0
4991,-1,50,1
4991,-1,60,1
4991,-1,70,1
4992,-1,50,0
4992,-1,60,0
4992,-1,70,0
4993,-1,50,0
4993,-1,60,1
4993,-1,70,1
4994,-1,50,0
4994,-1,60,0
4994,-1,70,1
4995,-1,50,0
4995,-1,60,0
4995,-1,70,0
4996,-1,50,0
4996,-1,60,0
4996,-1,70,0
4997,-1,50,0
4997,-1,60,0
4997,-1,70,0
4998,-1,50,0
4998,-1,60,0
4998,-1,70,0
4999,-1,50,0
4999,-1,60,0
4999,-1,70,0
5000,-1,50,0
5000,-1,60,0
5000,-1,70,0
5001,-1,50,0
5001,-1,60,0
5001,-1,70,0
5002,-1,50,0
5002,-1,60,0
5002,-1,70,1
5003,-1,50,0
5003,-1,60,0
5003,-1,70,1
5004,-1,50,0
5004,-1,60,0
5004,-1,70,0
5005,-1,50,0
5005,-1,60,0
5005,-1,70,0
5006,-1,50,0
5006,-1,60,0
5006,-1,70,0
5007,-1,50,0
5007,-1,60,0
5007,-1,70,0
5008,-1,50,0
5008,-1,60,1
5008,-1,70,1
5009,-1,50,0
5009,-1,60,0
5009,-1,70,1
5010,-1,50,0
5010,-1,60,2
5010,-1,70,2
5011,-1,50,0
5011,-1,60,0
5011,-1,70,0
5012,-1,50,0
5012,-1,60,0
5012,-1,70,0
5013,-1,50,0
5013,-1,60,1
5013,-1,70,2
5014,72.92169834,50,1
5014,72.92169834,60,1
5014,72.92169834,70,2
5015,-1,50,0
5015,-1,60,0
5015,-1,70,0
5016,-1,50,0
5016,-1,60,0
5016,-1,70,0
5017,67.12249061,50,0
5017,67.12249061,60,0
5017,67.12249061,70,1
5018,75.41350554,50,0
5018,75.41350554,60,0
5018,75.41350554,70,1
5019,-1,50,0
5019,-1,60,0
5019,-1,70,0
5020,-1,50,1
5020,-1,60,1
5020,-1,70,1
5021,-1,50,0
5021,-1,60,0
5021,-1,70,0
5022,-1,50,0
5022,-1,60,0
5022,-1,70,1
5023,-1,50,0
5023,-1,60,0
5023,-1,70,0
5024,73.10855577,50,0
5024,73.10855577,60,1
5024,73.10855577,70,1
5025,-1,50,1
5025,-1,60,1
5025,-1,70,1
5026,-1,50,0
5026,-1,60,0
5026,-1,70,0
5027,-1,50,0
5027,-1,60,0
5027,-1,70,0
5028,-1,50,0
5028,-1,60,0
5028,-1,70,0
5029,-1,50,0
5029,-1,60,0
5029,-1,70,0
5030,-1,50,0
5030,-1,60,0
5030,-1,70,0
5031,-1,50,0
5031,-1,60,0
5031,-1,70,0
5032,-1,50,0
5032,-1,60,0
5032,-1,70,0
5033,-1,50,0
5033,-1,60,0
5033,-1,70,0
5034,-1,50,0
5034,-1,60,0
5034,-1,70,2
5035,-1,50,0
5035,-1,60,1
5035,-1,70,1
5036,-1,50,0
5036,-1,60,0
5036,-1,70,0
5037,-1,50,1
5037,-1,60,1
5037,-1,70,1
5038,-1,50,0
5038,-1,60,0
5038,-1,70,0
5039,-1,50,0
5039,-1,60,0
5039,-1,70,2
5040,79.05130024,50,0
5040,79.05130024,60,1
5040,79.05130024,70,1
5041,-1,50,0
5041,-1,60,1
5041,-1,70,2
5042,74.03085798,50,1
5042,74.03085798,60,1
5042,74.03085798,70,1
5043,-1,50,0
5043,-1,60,1
5043,-1,70,1
5044,-1,50,0
5044,-1,60,0
5044,-1,70,0
5045,74.90414755,50,1
5045,74.90414755,60,1
5045,74.90414755,70,1
5046,-1,50,0
5046,-1,60,0
5046,-1,70,0
5047,75.07186493,50,1
5047,75.07186493,60,1
5047,75.07186493,70,1
5048,-1,50,0
5048,-1,60,1
5048,-1,70,2
5049,-1,50,0
5049,-1,60,0
5049,-1,70,0
5050,-1,50,0
5050,-1,60,0
5050,-1,70,0
5051,-1,50,0
5051,-1,60,0
5051,-1,70,1
5052,-1,50,0
5052,-1,60,0
5052,-1,70,0
5053,-1,50,0
5053,-1,60,0
5053,-1,70,0
5054,-1,50,0
5054,-1,60,0
5054,-1,70,0
5055,-1,50,0
5055,-1,60,0
5055,-1,70,0
5056,-1,50,0
5056,-1,60,0
5056,-1,70,1
5057,-1,50,0
5057,-1,60,0
5057,-1,70,0
5058,-1,50,0
5058,-1,60,2
5058,-1,70,2
5059,-1,50,0
5059,-1,60,0
5059,-1,70,0
5060,-1,50,0
5060,-1,60,0
5060,-1,70,0
5061,-1,50,1
5061,-1,60,1
5061,-1,70,1
5062,67.63986101,50,1
5062,67.63986101,60,1
5062,67.63986101,70,1
5063,-1,50,0
5063,-1,60,0
5063,-1,70,0
5064,-1,50,1
5064,-1,60,1
5064,-1,70,1
5065,-1,50,0
5065,-1,60,0
5065,-1,70,1
5066,-1,50,0
5066,-1,60,0
5066,-1,70,0
5067,-1,50,0
5067,-1,60,0
5067,-1,70,0
5068,-1,50,0
5068,-1,60,0
5068,-1,70,0
5069,77.30972641,50,2
5069,77.30972641,60,2
5069,77.30972641,70,2
5070,-1,50,0
5070,-1,60,0
5070,-1,70,0
5071,-1,50,1
5071,-1,60,2
5071,-1,70,2
5072,79.6183538,50,0
5072,79.6183538,60,1
5072,79.6183538,70,1
5073,-1,50,0
5073,-1,60,0
5073,-1,70,0
5074,-1,50,0
5074,-1,60,0
5074,-1,70,1
5075,-1,50,0
5075,-1,60,0
5075,-1,70,1
5076,58.30741254,50,0
5076,58.30741254,60,1
5076,58.30741254,70,0
5077,-1,50,0
5077,-1,60,0
5077,-1,70,1
5078,-1,50,0
5078,-1,60,0
5078,-1,70,0
5079,-1,50,0
5079,-1,60,0
5079,-1,70,0
5080,-1,50,0
5080,-1,60,0
5080,-1,70,0
5081,-1,50,0
5081,-1,60,0
5081,-1,70,0
5082,-1,50,0
5082,-1,60,0
5082,-1,70,0
5083,-1,50,0
5083,-1,60,0
5083,-1,70,0
5084,-1,50,0
5084,-1,60,0
5084,-1,70,0
5085,-1,50,0
5085,-1,60,0
5085,-1,70,0
5086,-1,50,0
5086,-1,60,0
5086,-1,70,0
5087,-1,50,1
5087,-1,60,1
5087,-1,70,1
5088,-1,50,0
5088,-1,60,0
5088,-1,70,2
5089,-1,50,0
5089,-1,60,0
5089,-1,70,0
5090,-1,50,0
5090,-1,60,0
5090,-1,70,0
5091,-1,50,0
5091,-1,60,0
5091,-1,70,0
5092,-1,50,0
5092,-1,60,0
5092,-1,70,0
5093,-1,50,0
5093,-1,60,0
5093,-1,70,0
5094,-1,50,0
5094,-1,60,2
5094,-1,70,2
5095,-1,50,0
5095,-1,60,0
5095,-1,70,0
5096,-1,50,0
5096,-1,60,0
5096,-1,70,0
5097,70.0995253,50,1
5097,70.0995253,60,1
5097,70.0995253,70,1
5098,11.05075777,50,1
5098,11.05075777,60,0
5098,11.05075777,70,0
5099,-1,50,0
5099,-1,60,0
5099,-1,70,0
5100,-1,50,1
5100,-1,60,1
5100,-1,70,2
5101,-1,50,0
5101,-1,60,0
5101,-1,70,1
5102,-1,50,0
5102,-1,60,0
5102,-1,70,0
5103,-1,50,0
5103,-1,60,0
5103,-1,70,1
5104,-1,50,0
5104,-1,60,0
5104,-1,70,0
5105,-1,50,0
5105,-1,60,0
5105,-1,70,0
5106,-1,50,0
5106,-1,60,0
5106,-1,70,0
5107,74.13147021,50,0
5107,74.13147021,60,1
5107,74.13147021,70,2
5108,-1,50,0
5108,-1,60,0
5108,-1,70,1
5109,65.18109862,50,1
5109,65.18109862,60,1
5109,65.18109862,70,1
5110,-1,50,0
5110,-1,60,0
5110,-1,70,0
5111,-1,50,0
5111,-1,60,0
5111,-1,70,1
5112,-1,50,0
5112,-1,60,0
5112,-1,70,1
5113,-1,50,0
5113,-1,60,0
5113,-1,70,0
5114,-1,50,0
5114,-1,60,0
5114,-1,70,0
5115,-1,50,0
5115,-1,60,0
5115,-1,70,1
5116,-1,50,0
5116,-1,60,0
5116,-1,70,0
5117,-1,50,0
5117,-1,60,0
5117,-1,70,1
5118,-1,50,0
5118,-1,60,0
5118,-1,70,0
5119,-1,50,0
5119,-1,60,0
5119,-1,70,0
5120,-1,50,0
5120,-1,60,0
5120,-1,70,0
5121,-1,50,0
5121,-1,60,0
5121,-1,70,0
5122,-1,50,0
5122,-1,60,0
5122,-1,70,1
5123,-1,50,0
5123,-1,60,0
5123,-1,70,0
5124,-1,50,0
5124,-1,60,0
5124,-1,70,0
5125,69.51142119,50,0
5125,69.51142119,60,0
5125,69.51142119,70,2
5126,-1,50,0
5126,-1,60,0
5126,-1,70,1
5127,-1,50,0
5127,-1,60,0
5127,-1,70,0
5128,-1,50,0
5128,-1,60,1
5128,-1,70,1
5129,-1,50,0
5129,-1,60,0
5129,-1,70,1
5130,-1,50,0
5130,-1,60,0
5130,-1,70,1
5131,69.73711186,50,1
5131,69.73711186,60,1
5131,69.73711186,70,2
5132,-1,50,1
5132,-1,60,2
5132,-1,70,2
5133,-1,50,0
5133,-1,60,0
5133,-1,70,0
5134,-1,50,0
5134,-1,60,0
5134,-1,70,0
5135,54.51108173,50,1
5135,54.51108173,60,1
5135,54.51108173,70,0
5136,78.04793978,50,1
5136,78.04793978,60,1
5136,78.04793978,70,1
5137,-1,50,0
5137,-1,60,0
5137,-1,70,1
5138,-1,50,0
5138,-1,60,0
5138,-1,70,0
5139,-1,50,0
5139,-1,60,0
5139,-1,70,0
5140,-1,50,0
5140,-1,60,0
5140,-1,70,0
5141,-1,50,0
5141,-1,60,0
5141,-1,70,0
5142,-1,50,0
5142,-1,60,1
5142,-1,70,1
5143,-1,50,0
5143,-1,60,1
5143,-1,70,1
5144,67.43459102,50,1
5144,67.43459102,60,1
5144,67.43459102,70,1
5145,-1,50,0
5145,-1,60,0
5145,-1,70,1
5146,-1,50,0
5146,-1,60,0
5146,-1,70,1
5147,74.99962776,50,1
5147,74.99962776,60,1
5147,74.99962776,70,1
5148,-1,50,0
5148,-1,60,0
5148,-1,70,0
5149,-1,50,0
5149,-1,60,0
5149,-1,70,0
5150,-1,50,0
5150,-1,60,0
5150,-1,70,0
5151,-1,50,0
5151,-1,60,0
5151,-1,70,0
5152,-1,50,0
5152,-1,60,0
5152,-1,70,0
5153,-1,50,0
5153,-1,60,0
5153,-1,70,0
5154,-1,50,0
5154,-1,60,0
5154,-1,70,1
5155,-1,50,0
5155,-1,60,0
5155,-1,70,0
5156,-1,50,0
5156,-1,60,0
5156,-1,70,0
5157,-1,50,0
5157,-1,60,0
5157,-1,70,0
5158,-1,50,0
5158,-1,60,1
5158,-1,70,1
5159,78.56599235,50,0
5159,78.56599235,60,0
5159,78.56599235,70,1
5160,-1,50,0
5160,-1,60,0
5160,-1,70,0
5161,-1,50,0
5161,-1,60,0
5161,-1,70,1
5162,-1,50,0
5162,-1,60,0
5162,-1,70,0
5163,-1,50,0
5163,-1,60,0
5163,-1,70,0
5164,-1,50,0
5164,-1,60,0
5164,-1,70,0
5165,-1,50,0
5165,-1,60,0
5165,-1,70,0
5166,-1,50,0
5166,-1,60,0
5166,-1,70,0
5167,-1,50,0
5167,-1,60,0
5167,-1,70,0
5168,-1,50,0
5168,-1,60,0
5168,-1,70,1
5169,-1,50,0
5169,-1,60,0
5169,-1,70,0
5170,-1,50,0
5170,-1,60,0
5170,-1,70,0
5171,-1,50,0
5171,-1,60,0
5171,-1,70,0
5172,-1,50,0
5172,-1,60,1
5172,-1,70,1
5173,-1,50,0
5173,-1,60,0
5173,-1,70,1
5174,-1,50,0
5174,-1,60,1
5174,-1,70,1
5175,74.98543025,50,1
5175,74.98543025,60,1
5175,74.98543025,70,1
5176,-1,50,0
5176,-1,60,0
5176,-1,70,0
5177,-1,50,0
5177,-1,60,1
5177,-1,70,2
5178,-1,50,0
5178,-1,60,0
5178,-1,70,2
5179,-1,50,0
5179,-1,60,0
5179,-1,70,1
5180,-1,50,0
5180,-1,60,0
5180,-1,70,0
5181,-1,50,0
5181,-1,60,0
5181,-1,70,0
5182,-1,50,0
5182,-1,60,0
5182,-1,70,0
5183,79.40776236,50,2
5183,79.40776236,60,2
5183,79.40776236,70,2
5184,-1,50,0
5184,-1,60,0
5184,-1,70,0
5185,-1,50,0
5185,-1,60,0
5185,-1,70,0
5186,-1,50,0
5186,-1,60,0
5186,-1,70,2
5187,-1,50,0
5187,-1,60,0
5187,-1,70,0
5188,70.16785561,50,0
5188,70.16785561,60,0
5188,70.16785561,70,0
5189,50.06222193,50,1
5189,50.06222193,60,1
5189,50.06222193,70,0
5190,-1,50,0
5190,-1,60,0
5190,-1,70,0
5191,-1,50,0
5191,-1,60,0
5191,-1,70,1
5192,-1,50,0
5192,-1,60,0
5192,-1,70,0
5193,-1,50,0
5193,-1,60,0
5193,-1,70,0
5194,-1,50,0
5194,-1,60,0
5194,-1,70,0
5195,-1,50,0
5195,-1,60,0
5195,-1,70,0
5196,-1,50,0
5196,-1,60,0
5196,-1,70,0
5197,-1,50,0
5197,-1,60,0
5197,-1,70,0
5198,-1,50,0
5198,-1,60,0
5198,-1,70,0
5199,76.37803837,50,1
5199,76.37803837,60,1
5199,76.37803837,70,1
5200,-1,50,1
5200,-1,60,2
5200,-1,70,2
5201,52.98353339,50,1
5201,52.98353339,60,1
5201,52.98353339,70,0
5202,-1,50,0
5202,-1,60,0
5202,-1,70,0
5203,77.67402875,50,1
5203,77.67402875,60,1
5203,77.67402875,70,1
5204,-1,50,0
5204,-1,60,0
5204,-1,70,0
5205,-1,50,0
5205,-1,60,1
5205,-1,70,2
5206,-1,50,0
5206,-1,60,1
5206,-1,70,1
5207,-1,50,1
5207,-1,60,2
5207,-1,70,2
5208,53.93567597,50,0
5208,53.93567597,60,1
5208,53.93567597,70,0
5209,-1,50,0
5209,-1,60,0
5209,-1,70,0
5210,-1,50,0
5210,-1,60,0
5210,-1,70,0
5211,66.82635017,50,1
5211,66.82635017,60,1
5211,66.82635017,70,1
5212,66.64293073,50,0
5212,66.64293073,60,1
5212,66.64293073,70,2
5213,-1,50,0
5213,-1,60,0
5213,-1,70,0
5214,-1,50,0
5214,-1,60,0
5214,-1,70,0
5215,-1,50,1
5215,-1,60,1
5215,-1,70,1
5216,-1,50,0
5216,-1,60,0
5216,-1,70,0
5217,79.45590776,50,0
5217,79.45590776,60,2
5217,79.45590776,70,2
5218,77.54934039,50,1
5218,77.54934039,60,1
5218,77.54934039,70,1
5219,-1,50,0
5219,-1,60,0
5219,-1,70,1
5220,-1,50,0
5220,-1,60,0
5220,-1,70,0
5221,-1,50,1
5221,-1,60,1
5221,-1,70,2
5222,-1,50,0
5222,-1,60,1
5222,-1,70,1
5223,-1,50,0
5223,-1,60,0
5223,-1,70,1
5224,-1,50,0
5224,-1,60,1
5224,-1,70,1
5225,-1,50,0
5225,-1,60,0
5225,-1,70,0
5226,-1,50,0
5226,-1,60,0
5226,-1,70,0
5227,-1,50,0
5227,-1,60,0
5227,-1,70,0
5228,-1,50,0
5228,-1,60,0
5228,-1,70,0
5229,-1,50,0
5229,-1,60,0
5229,-1,70,0
5230,-1,50,0
5230,-1,60,0
5230,-1,70,0
5231,-1,50,0
5231,-1,60,0
5231,-1,70,0
5232,67.12342958,50,1
5232,67.12342958,60,2
5232,67.12342958,70,3
5233,-1,50,1
5233,-1,60,1
5233,-1,70,1
5234,-1,50,0
5234,-1,60,0
5234,-1,70,0
5235,64.96502702,50,0
5235,64.96502702,60,0
5235,64.96502702,70,1
5236,-1,50,0
5236,-1,60,0
5236,-1,70,0
5237,-1,50,0
5237,-1,60,0
5237,-1,70,1
5238,-1,50,0
5238,-1,60,0
5238,-1,70,2
5239,-1,50,0
5239,-1,60,1
5239,-1,70,1
5240,-1,50,0
5240,-1,60,0
5240,-1,70,2
5241,-1,50,0
5241,-1,60,0
5241,-1,70,1
5242,-1,50,0
5242,-1,60,0
5242,-1,70,0
5243,-1,50,0
5243,-1,60,0
5243,-1,70,0
5244,-1,50,0
5244,-1,60,0
5244,-1,70,0
5245,72.78555714,50,1
5245,72.78555714,60,1
5245,72.78555714,70,1
5246,-1,50,0
5246,-1,60,1
5246,-1,70,1
5247,-1,50,0
5247,-1,60,1
5247,-1,70,1
5248,73.94849465,50,0
5248,73.94849465,60,1
5248,73.94849465,70,2
5249,-1,50,0
5249,-1,60,0
5249,-1,70,0
5250,-1,50,0
5250,-1,60,0
5250,-1,70,0
5251,-1,50,0
5251,-1,60,1
5251,-1,70,1
5252,-1,50,0
5252,-1,60,0
5252,-1,70,0
5253,-1,50,0
5253,-1,60,0
5253,-1,70,0
5254,-1,50,0
5254,-1,60,0
5254,-1,70,0
5255,-1,50,0
5255,-1,60,0
5255,-1,70,0
5256,-1,50,0
5256,-1,60,0
5256,-1,70,0
5257,79.93984058,50,0
5257,79.93984058,60,1
5257,79.93984058,70,3
5258,-1,50,0
5258,-1,60,0
5258,-1,70,0
5259,-1,50,0
5259,-1,60,0
5259,-1,70,0
5260,-1,50,0
5260,-1,60,0
5260,-1,70,0
5261,-1,50,0
5261,-1,60,0
5261,-1,70,0
5262,-1,50,0
5262,-1,60,0
5262,-1,70,1
5263,-1,50,0
5263,-1,60,0
5263,-1,70,0
5264,-1,50,0
5264,-1,60,0
5264,-1,70,0
5265,-1,50,0
5265,-1,60,0
5265,-1,70,0
5266,-1,50,0
5266,-1,60,0
5266,-1,70,0
5267,54.73506703,50,1
5267,54.73506703,60,1
5267,54.73506703,70,0
5268,-1,50,0
5268,-1,60,0
5268,-1,70,1
5269,-1,50,1
5269,-1,60,2
5269,-1,70,3
5270,71.28335139,50,0
5270,71.28335139,60,0
5270,71.28335139,70,1
5271,-1,50,0
5271,-1,60,1
5271,-1,70,1
5272,-1,50,0
5272,-1,60,0
5272,-1,70,0
5273,39.56581123,50,1
5273,39.56581123,60,0
5273,39.56581123,70,0
5274,-1,50,0
5274,-1,60,0
5274,-1,70,0
5275,-1,50,0
5275,-1,60,0
5275,-1,70,0
5276,-1,50,0
5276,-1,60,0
5276,-1,70,0
5277,-1,50,0
5277,-1,60,0
5277,-1,70,0
5278,-1,50,0
5278,-1,60,0
5278,-1,70,0
5279,-1,50,0
5279,-1,60,0
5279,-1,70,0
5280,-1,50,0
5280,-1,60,0
5280,-1,70,0
5281,-1,50,0
5281,-1,60,1
5281,-1,70,1
5282,78.70308584,50,1
5282,78.70308584,60,3
5282,78.70308584,70,3
5283,-1,50,0
5283,-1,60,0
5283,-1,70,0
5284,-1,50,0
5284,-1,60,0
5284,-1,70,0
5285,-1,50,0
5285,-1,60,1
5285,-1,70,1
5286,-1,50,0
5286,-1,60,0
5286,-1,70,0
5287,-1,50,0
5287,-1,60,0
5287,-1,70,0
5288,-1,50,0
5288,-1,60,0
5288,-1,70,0
5289,-1,50,0
5289,-1,60,0
5289,-1,70,0
5290,54.71931287,50,0
5290,54.71931287,60,2
5290,54.71931287,70,0
5291,77.9367937,50,1
5291,77.9367937,60,2
5291,77.9367937,70,2
5292,-1,50,0
5292,-1,60,0
5292,-1,70,0
5293,-1,50,0
5293,-1,60,1
5293,-1,70,1
5294,-1,50,0
5294,-1,60,0
5294,-1,70,1
5295,-1,50,0
5295,-1,60,0
5295,-1,70,0
5296,-1,50,0
5296,-1,60,0
5296,-1,70,0
5297,-1,50,0
5297,-1,60,0
5297,-1,70,0
5298,-1,50,0
5298,-1,60,0
5298,-1,70,1
5299,-1,50,0
5299,-1,60,0
5299,-1,70,0
5300,-1,50,0
5300,-1,60,0
5300,-1,70,0
5301,74.78063457,50,1
5301,74.78063457,60,1
5301,74.78063457,70,1
5302,-1,50,0
5302,-1,60,0
5302,-1,70,0
5303,-1,50,0
5303,-1,60,0
5303,-1,70,0
5304,-1,50,0
5304,-1,60,0
5304,-1,70,0
5305,-1,50,0
5305,-1,60,0
5305,-1,70,0
5306,73.14265066,50,1
5306,73.14265066,60,1
5306,73.14265066,70,1
5307,-1,50,1
5307,-1,60,1
5307,-1,70,2
5308,-1,50,0
5308,-1,60,0
5308,-1,70,0
5309,-1,50,0
5309,-1,60,0
5309,-1,70,0
5310,55.6831206,50,0
5310,55.6831206,60,1
5310,55.6831206,70,0
5311,-1,50,0
5311,-1,60,0
5311,-1,70,0
5312,-1,50,0
5312,-1,60,0
5312,-1,70,1
5313,-1,50,0
5313,-1,60,0
5313,-1,70,1
5314,-1,50,0
5314,-1,60,0
5314,-1,70,0
5315,-1,50,0
5315,-1,60,0
5315,-1,70,1
5316,-1,50,0
5316,-1,60,0
5316,-1,70,1
5317,-1,50,0
5317,-1,60,0
5317,-1,70,0
5318,77.14093378,50,0
5318,77.14093378,60,0
5318,77.14093378,70,0
5319,-1,50,0
5319,-1,60,0
5319,-1,70,1
5320,-1,50,0
5320,-1,60,0
5320,-1,70,0
5321,-1,50,0
5321,-1,60,0
5321,-1,70,1
5322,-1,50,0
5322,-1,60,0
5322,-1,70,1
5323,-1,50,0
5323,-1,60,0
5323,-1,70,0
5324,59.22105891,50,0
5324,59.22105891,60,1
5324,59.22105891,70,0
5325,-1,50,0
5325,-1,60,0
5325,-1,70,0
5326,64.29047595,50,1
5326,64.29047595,60,1
5326,64.29047595,70,2
5327,-1,50,0
5327,-1,60,0
5327,-1,70,0
5328,-1,50,0
5328,-1,60,0
5328,-1,70,0
5329,-1,50,0
5329,-1,60,0
5329,-1,70,1
5330,-1,50,0
5330,-1,60,0
5330,-1,70,0
5331,-1,50,0
5331,-1,60,0
5331,-1,70,0
5332,-1,50,0
5332,-1,60,0
5332,-1,70,0
5333,-1,50,0
5333,-1,60,0
5333,-1,70,0
5334,-1,50,0
5334,-1,60,0
5334,-1,70,0
5335,-1,50,0
5335,-1,60,0
5335,-1,70,0
5336,-1,50,0
5336,-1,60,0
5336,-1,70,0
5337,-1,50,0
5337,-1,60,0
5337,-1,70,1
5338,-1,50,1
5338,-1,60,2
5338,-1,70,3
5339,51.39899235,50,3
5339,51.39899235,60,3
5339,51.39899235,70,0
5340,-1,50,0
5340,-1,60,0
5340,-1,70,0
5341,-1,50,0
5341,-1,60,0
5341,-1,70,0
5342,-1,50,0
5342,-1,60,0
5342,-1,70,0
5343,-1,50,0
5343,-1,60,0
5343,-1,70,0
5344,-1,50,0
5344,-1,60,0
5344,-1,70,0
5345,-1,50,0
5345,-1,60,0
5345,-1,70,0
5346,-1,50,0
5346,-1,60,0
5346,-1,70,0
5347,-1,50,0
5347,-1,60,0
5347,-1,70,0
5348,-1,50,0
5348,-1,60,0
5348,-1,70,1
5349,-1,50,0
5349,-1,60,1
5349,-1,70,1
5350,-1,50,0
5350,-1,60,0
5350,-1,70,0
5351,58.54481893,50,1
5351,58.54481893,60,1
5351,58.54481893,70,0
5352,-1,50,0
5352,-1,60,0
5352,-1,70,0
5353,54.40615757,50,1
5353,54.40615757,60,2
5353,54.40615757,70,0
5354,59.22549367,50,1
5354,59.22549367,60,2
5354,59.22549367,70,0
5355,-1,50,0
5355,-1,60,0
5355,-1,70,1
5356,-1,50,0
5356,-1,60,0
5356,-1,70,0
5357,-1,50,0
5357,-1,60,0
5357,-1,70,0
5358,-1,50,0
5358,-1,60,0
5358,-1,70,0
5359,-1,50,0
5359,-1,60,0
5359,-1,70,0
5360,-1,50,0
5360,-1,60,0
5360,-1,70,0
5361,-1,50,0
5361,-1,60,0
5361,-1,70,0
5362,-1,50,0
5362,-1,60,0
5362,-1,70,0
5363,-1,50,0
5363,-1,60,1
5363,-1,70,2
5364,50.45938356,50,1
5364,50.45938356,60,1
5364,50.45938356,70,0
5365,63.47662664,50,1
5365,63.47662664,60,1
5365,63.47662664,70,1
5366,70.7124168,50,1
5366,70.7124168,60,1
5366,70.7124168,70,1
5367,-1,50,0
5367,-1,60,0
5367,-1,70,0
5368,-1,50,0
5368,-1,60,0
5368,-1,70,0
5369,-1,50,0
5369,-1,60,0
5369,-1,70,0
5370,-1,50,0
5370,-1,60,0
5370,-1,70,1
5371,-1,50,0
5371,-1,60,0
5371,-1,70,0
5372,-1,50,0
5372,-1,60,0
5372,-1,70,0
5373,-1,50,0
5373,-1,60,0
5373,-1,70,0
5374,-1,50,0
5374,-1,60,0
5374,-1,70,0
5375,-1,50,0
5375,-1,60,0
5375,-1,70,0
5376,-1,50,0
5376,-1,60,0
5376,-1,70,0
5377,-1,50,0
5377,-1,60,0
5377,-1,70,0
5378,-1,50,0
5378,-1,60,0
5378,-1,70,0
5379,-1,50,0
5379,-1,60,0
5379,-1,70,0
5380,-1,50,0
5380,-1,60,0
5380,-1,70,0
5381,-1,50,0
5381,-1,60,0
5381,-1,70,0
5382,-1,50,0
5382,-1,60,0
5382,-1,70,1
5383,-1,50,0
5383,-1,60,1
5383,-1,70,1
5384,-1,50,0
5384,-1,60,0
5384,-1,70,1
5385,-1,50,0
5385,-1,60,0
5385,-1,70,0
5386,-1,50,0
5386,-1,60,0
5386,-1,70,0
5387,-1,50,0
5387,-1,60,1
5387,-1,70,1
5388,-1,50,0
5388,-1,60,1
5388,-1,70,2
5389,76.11525698,50,0
5389,76.11525698,60,1
5389,76.11525698,70,2
5390,-1,50,0
5390,-1,60,0
5390,-1,70,0
5391,-1,50,2
5391,-1,60,3
5391,-1,70,4
5392,-1,50,0
5392,-1,60,0
5392,-1,70,0
5393,-1,50,0
5393,-1,60,0
5393,-1,70,3
5394,-1,50,0
5394,-1,60,0
5394,-1,70,0
5395,-1,50,0
5395,-1,60,0
5395,-1,70,0
5396,-1,50,0
5396,-1,60,0
5396,-1,70,0
5397,68.27784885,50,1
5397,68.27784885,60,1
5397,68.27784885,70,1
5398,-1,50,0
5398,-1,60,1
5398,-1,70,1
5399,-1,50,0
5399,-1,60,0
5399,-1,70,1
5400,-1,50,0
5400,-1,60,0
5400,-1,70,0
5401,-1,50,0
5401,-1,60,0
5401,-1,70,1
5402,-1,50,0
5402,-1,60,0
5402,-1,70,1
5403,-1,50,0
5403,-1,60,0
5403,-1,70,0
5404,-1,50,0
5404,-1,60,0
5404,-1,70,3
5405,-1,50,0
5405,-1,60,0
5405,-1,70,0
5406,66.40262744,50,1
5406,66.40262744,60,1
5406,66.40262744,70,2
5407,-1,50,0
5407,-1,60,0
5407,-1,70,0
5408,54.51954422,50,1
5408,54.51954422,60,1
5408,54.51954422,70,0
5409,-1,50,0
5409,-1,60,0
5409,-1,70,0
5410,-1,50,0
5410,-1,60,0
5410,-1,70,0
5411,-1,50,0
5411,-1,60,0
5411,-1,70,0
5412,-1,50,0
5412,-1,60,0
5412,-1,70,0
5413,61.88352858,50,0
5413,61.88352858,60,1
5413,61.88352858,70,2
5414,-1,50,0
5414,-1,60,0
5414,-1,70,2
5415,-1,50,0
5415,-1,60,0
5415,-1,70,1
5416,-1,50,0
5416,-1,60,0
5416,-1,70,1
5417,-1,50,1
5417,-1,60,1
5417,-1,70,1
5418,-1,50,1
5418,-1,60,1
5418,-1,70,2
5419,-1,50,0
5419,-1,60,0
5419,-1,70,0
5420,68.89145077,50,0
5420,68.89145077,60,1
5420,68.89145077,70,2
5421,-1,50,0
5421,-1,60,1
5421,-1,70,1
5422,-1,50,0
5422,-1,60,0
5422,-1,70,0
5423,58.63648973,50,1
5423,58.63648973,60,1
5423,58.63648973,70,0
5424,-1,50,0
5424,-1,60,0
5424,-1,70,0
5425,-1,50,1
5425,-1,60,1
5425,-1,70,1
5426,-1,50,0
5426,-1,60,0
5426,-1,70,0
5427,-1,50,1
5427,-1,60,1
5427,-1,70,1
5428,-1,50,0
5428,-1,60,1
5428,-1,70,1
5429,-1,50,0
5429,-1,60,0
5429,-1,70,0
5430,-1,50,0
5430,-1,60,0
5430,-1,70,0
5431,-1,50,1
5431,-1,60,1
5431,-1,70,1
5432,-1,50,0
5432,-1,60,0
5432,-1,70,0
5433,73.96900294,50,1
5433,73.96900294,60,1
5433,73.96900294,70,2
5434,-1,50,0
5434,-1,60,0
5434,-1,70,0
5435,-1,50,0
5435,-1,60,0
5435,-1,70,1
5436,-1,50,0
5436,-1,60,0
5436,-1,70,1
5437,-1,50,0
5437,-1,60,0
5437,-1,70,0
5438,-1,50,0
5438,-1,60,0
5438,-1,70,0
5439,66.84187663,50,1
5439,66.84187663,60,1
5439,66.84187663,70,1
5440,-1,50,0
5440,-1,60,0
5440,-1,70,0
5441,-1,50,0
5441,-1,60,0
5441,-1,70,0
5442,-1,50,0
5442,-1,60,0
5442,-1,70,0
5443,-1,50,0
5443,-1,60,0
5443,-1,70,0
5444,-1,50,0
5444,-1,60,0
5444,-1,70,0
5445,-1,50,0
5445,-1,60,1
5445,-1,70,1
5446,-1,50,0
5446,-1,60,0
5446,-1,70,1
5447,-1,50,0
5447,-1,60,0
5447,-1,70,1
5448,-1,50,0
5448,-1,60,0
5448,-1,70,1
5449,-1,50,0
5449,-1,60,0
5449,-1,70,1
5450,-1,50,0
5450,-1,60,0
5450,-1,70,0
5451,73.93338462,50,0
5451,73.93338462,60,2
5451,73.93338462,70,2
5452,-1,50,0
5452,-1,60,1
5452,-1,70,2
5453,-1,50,0
5453,-1,60,0
5453,-1,70,1
5454,-1,50,0
5454,-1,60,1
5454,-1,70,1
5455,78.44588146,50,0
5455,78.44588146,60,1
5455,78.44588146,70,1
5456,-1,50,0
5456,-1,60,0
5456,-1,70,1
5457,-1,50,0
5457,-1,60,1
5457,-1,70,1
5458,-1,50,0
5458,-1,60,0
5458,-1,70,0
5459,-1,50,0
5459,-1,60,0
5459,-1,70,0
5460,-1,50,0
5460,-1,60,1
5460,-1,70,1
5461,-1,50,0
5461,-1,60,0
5461,-1,70,0
5462,-1,50,0
5462,-1,60,0
5462,-1,70,0
5463,-1,50,1
5463,-1,60,1
5463,-1,70,2
5464,-1,50,0
5464,-1,60,0
5464,-1,70,0
5465,-1,50,0
5465,-1,60,0
5465,-1,70,0
5466,-1,50,0
5466,-1,60,0
5466,-1,70,0
5467,-1,50,0
5467,-1,60,0
5467,-1,70,0
5468,-1,50,0
5468,-1,60,1
5468,-1,70,1
5469,-1,50,0
5469,-1,60,0
5469,-1,70,0
5470,-1,50,0
5470,-1,60,0
5470,-1,70,0
5471,-1,50,0
5471,-1,60,0
5471,-1,70,1
5472,79.98360799,50,1
5472,79.98360799,60,1
5472,79.98360799,70,1
5473,-1,50,0
5473,-1,60,1
5473,-1,70,2
5474,-1,50,0
5474,-1,60,0
5474,-1,70,0
5475,-1,50,0
5475,-1,60,0
5475,-1,70,0
5476,-1,50,0
5476,-1,60,1
5476,-1,70,1
5477,-1,50,0
5477,-1,60,0
5477,-1,70,2
5478,-1,50,0
5478,-1,60,0
5478,-1,70,2
5479,-1,50,0
5479,-1,60,0
5479,-1,70,0
5480,-1,50,0
5480,-1,60,0
5480,-1,70,0
5481,-1,50,0
5481,-1,60,0
5481,-1,70,0
5482,74.58606906,50,1
5482,74.58606906,60,2
5482,74.58606906,70,2
5483,-1,50,0
5483,-1,60,1
5483,-1,70,1
5484,-1,50,0
5484,-1,60,0
5484,-1,70,0
5485,-1,50,0
5485,-1,60,0
5485,-1,70,0
5486,65.27786975,50,2
5486,65.27786975,60,2
5486,65.27786975,70,2
5487,-1,50,0
5487,-1,60,0
5487,-1,70,0
5488,77.86434571,50,0
5488,77.86434571,60,1
5488,77.86434571,70,1
5489,65.98650009,50,1
5489,65.98650009,60,1
5489,65.98650009,70,1
5490,-1,50,0
5490,-1,60,0
5490,-1,70,0
5491,71.33254075,50,1
5491,71.33254075,60,2
5491,71.33254075,70,3
5492,-1,50,0
5492,-1,60,0
5492,-1,70,1
5493,61.19569049,50,1
5493,61.19569049,60,2
5493,61.19569049,70,2
5494,76.04976125,50,0
5494,76.04976125,60,1
5494,76.04976125,70,1
5495,-1,50,0
5495,-1,60,0
5495,-1,70,0
5496,-1,50,1
5496,-1,60,1
5496,-1,70,1
5497,-1,50,0
5497,-1,60,1
5497,-1,70,1
5498,-1,50,0
5498,-1,60,1
5498,-1,70,1
5499,-1,50,0
5499,-1,60,0
5499,-1,70,0
5500,-1,50,0
5500,-1,60,0
5500,-1,70,1
5501,-1,50,0
5501,-1,60,0
5501,-1,70,0
5502,67.09683493,50,0
5502,67.09683493,60,0
5502,67.09683493,70,1
5503,-1,50,0
5503,-1,60,1
5503,-1,70,1
5504,-1,50,0
5504,-1,60,0
5504,-1,70,0
5505,68.32212945,50,1
5505,68.32212945,60,1
5505,68.32212945,70,1
5506,-1,50,0
5506,-1,60,0
5506,-1,70,0
5507,-1,50,0
5507,-1,60,0
5507,-1,70,1
5508,-1,50,0
5508,-1,60,0
5508,-1,70,0
5509,76.76038901,50,1
5509,76.76038901,60,1
5509,76.76038901,70,1
5510,-1,50,0
5510,-1,60,0
5510,-1,70,0
5511,-1,50,0
5511,-1,60,0
5511,-1,70,0
5512,70.53697777,50,1
5512,70.53697777,60,1
5512,70.53697777,70,1
5513,-1,50,0
5513,-1,60,0
5513,-1,70,0
5514,-1,50,0
5514,-1,60,0
5514,-1,70,0
5515,68.22062183,50,1
5515,68.22062183,60,1
5515,68.22062183,70,1
5516,-1,50,0
5516,-1,60,0
5516,-1,70,1
5517,-1,50,0
5517,-1,60,0
5517,-1,70,0
5518,-1,50,1
5518,-1,60,1
5518,-1,70,1
5519,-1,50,0
5519,-1,60,0
5519,-1,70,0
5520,65.34487401,50,2
5520,65.34487401,60,2
5520,65.34487401,70,2
5521,58.78914361,50,0
5521,58.78914361,60,0
5521,58.78914361,70,0
5522,-1,50,0
5522,-1,60,0
5522,-1,70,0
5523,-1,50,0
5523,-1,60,0
5523,-1,70,0
5524,73.3661836,50,1
5524,73.3661836,60,1
5524,73.3661836,70,1
5525,-1,50,0
5525,-1,60,0
5525,-1,70,0
5526,-1,50,0
5526,-1,60,1
5526,-1,70,1
5527,-1,50,0
5527,-1,60,1
5527,-1,70,1
5528,77.37793105,50,0
5528,77.37793105,60,1
5528,77.37793105,70,1
5529,-1,50,0
5529,-1,60,0
5529,-1,70,0
5530,-1,50,0
5530,-1,60,0
5530,-1,70,0
5531,-1,50,0
5531,-1,60,2
5531,-1,70,2
5532,-1,50,1
5532,-1,60,2
5532,-1,70,2
5533,64.93478502,50,1
5533,64.93478502,60,1
5533,64.93478502,70,2
5534,-1,50,0
5534,-1,60,0
5534,-1,70,1
5535,-1,50,0
5535,-1,60,0
5535,-1,70,1
5536,-1,50,0
5536,-1,60,0
5536,-1,70,0
5537,-1,50,0
5537,-1,60,1
5537,-1,70,1
5538,-1,50,0
5538,-1,60,0
5538,-1,70,0
5539,-1,50,0
5539,-1,60,0
5539,-1,70,0
5540,70.03603139,50,1
5540,70.03603139,60,1
5540,70.03603139,70,1
5541,-1,50,0
5541,-1,60,1
5541,-1,70,1
5542,73.74625833,50,0
5542,73.74625833,60,0
5542,73.74625833,70,0
5543,-1,50,0
5543,-1,60,0
5543,-1,70,1
5544,51.61022984,50,0
5544,51.61022984,60,0
5544,51.61022984,70,0
5545,-1,50,1
5545,-1,60,1
5545,-1,70,1
5546,-1,50,0
5546,-1,60,0
5546,-1,70,0
5547,-1,50,0
5547,-1,60,0
5547,-1,70,1
5548,-1,50,0
5548,-1,60,1
5548,-1,70,1
5549,-1,50,1
5549,-1,60,1
5549,-1,70,1
5550,-1,50,0
5550,-1,60,0
5550,-1,70,2
5551,-1,50,0
5551,-1,60,0
5551,-1,70,0
5552,-1,50,0
5552,-1,60,0
5552,-1,70,0
5553,-1,50,0
5553,-1,60,0
5553,-1,70,1
5554,59.89001875,50,1
5554,59.89001875,60,2
5554,59.89001875,70,0
5555,-1,50,1
5555,-1,60,1
5555,-1,70,1
5556,-1,50,0
5556,-1,60,0
5556,-1,70,0
5557,-1,50,0
5557,-1,60,0
5557,-1,70,0
5558,-1,50,0
5558,-1,60,0
5558,-1,70,1
5559,-1,50,0
5559,-1,60,0
5559,-1,70,0
5560,-1,50,0
5560,-1,60,0
5560,-1,70,0
5561,67.32124842,50,1
5561,67.32124842,60,3
5561,67.32124842,70,4
5562,-1,50,0
5562,-1,60,0
5562,-1,70,1
5563,-1,50,0
5563,-1,60,0
5563,-1,70,0
5564,-1,50,0
5564,-1,60,0
5564,-1,70,0
5565,-1,50,0
5565,-1,60,0
5565,-1,70,1
5566,-1,50,0
5566,-1,60,0
5566,-1,70,0
5567,-1,50,0
5567,-1,60,0
5567,-1,70,1
5568,63.7757294,50,1
5568,63.7757294,60,3
5568,63.7757294,70,3
5569,-1,50,0
5569,-1,60,0
5569,-1,70,0
5570,75.24780668,50,1
5570,75.24780668,60,1
5570,75.24780668,70,2
5571,-1,50,0
5571,-1,60,0
5571,-1,70,0
5572,-1,50,0
5572,-1,60,0
5572,-1,70,0
5573,-1,50,0
5573,-1,60,0
5573,-1,70,0
5574,-1,50,0
5574,-1,60,0
5574,-1,70,0
5575,-1,50,0
5575,-1,60,0
5575,-1,70,0
5576,-1,50,0
5576,-1,60,0
5576,-1,70,0
5577,-1,50,0
5577,-1,60,0
5577,-1,70,0
5578,-1,50,0
5578,-1,60,0
5578,-1,70,0
5579,-1,50,0
5579,-1,60,0
5579,-1,70,0
5580,-1,50,0
5580,-1,60,1
5580,-1,70,1
5581,-1,50,0
5581,-1,60,0
5581,-1,70,0
5582,-1,50,0
5582,-1,60,1
5582,-1,70,1
5583,-1,50,0
5583,-1,60,0
5583,-1,70,0
5584,-1,50,0
5584,-1,60,0
5584,-1,70,0
5585,75.39861785,50,0
5585,75.39861785,60,0
5585,75.39861785,70,1
5586,78.64466818,50,0
5586,78.64466818,60,0
5586,78.64466818,70,0
5587,-1,50,0
5587,-1,60,0
5587,-1,70,0
5588,-1,50,0
5588,-1,60,0
5588,-1,70,1
5589,-1,50,0
5589,-1,60,0
5589,-1,70,0
5590,-1,50,0
5590,-1,60,0
5590,-1,70,0
5591,-1,50,0
5591,-1,60,0
5591,-1,70,1
5592,-1,50,0
5592,-1,60,0
5592,-1,70,0
5593,57.99257112,50,1
5593,57.99257112,60,1
5593,57.99257112,70,0
5594,-1,50,1
5594,-1,60,1
5594,-1,70,1
5595,-1,50,0
5595,-1,60,0
5595,-1,70,0
5596,-1,50,0
5596,-1,60,0
5596,-1,70,0
5597,-1,50,0
5597,-1,60,1
5597,-1,70,1
5598,-1,50,0
5598,-1,60,0
5598,-1,70,0
5599,-1,50,0
5599,-1,60,0
5599,-1,70,0
5600,-1,50,0
5600,-1,60,0
5600,-1,70,0
5601,64.13718932,50,2
5601,64.13718932,60,2
5601,64.13718932,70,2
5602,-1,50,0
5602,-1,60,0
5602,-1,70,0
5603,-1,50,1
5603,-1,60,2
5603,-1,70,2
5604,-1,50,0
5604,-1,60,0
5604,-1,70,0
5605,-1,50,0
5605,-1,60,0
5605,-1,70,0
5606,76.14479588,50,1
5606,76.14479588,60,3
5606,76.14479588,70,3
5607,-1,50,0
5607,-1,60,1
5607,-1,70,1
5608,-1,50,1
5608,-1,60,1
5608,-1,70,1
5609,-1,50,0
5609,-1,60,0
5609,-1,70,0
5610,-1,50,1
5610,-1,60,1
5610,-1,70,1
5611,-1,50,0
5611,-1,60,0
5611,-1,70,1
5612,62.7464801,50,0
5612,62.7464801,60,1
5612,62.7464801,70,1
5613,-1,50,0
5613,-1,60,0
5613,-1,70,0
5614,44.11556536,50,0
5614,44.11556536,60,0
5614,44.11556536,70,0
5615,-1,50,0
5615,-1,60,0
5615,-1,70,0
5616,-1,50,0
5616,-1,60,0
5616,-1,70,0
5617,79.14392819,50,0
5617,79.14392819,60,0
5617,79.14392819,70,1
5618,65.39752386,50,1
5618,65.39752386,60,2
5618,65.39752386,70,3
5619,-1,50,0
5619,-1,60,0
5619,-1,70,0
5620,-1,50,0
5620,-1,60,0
5620,-1,70,0
5621,-1,50,0
5621,-1,60,0
5621,-1,70,1
5622,-1,50,0
5622,-1,60,1
5622,-1,70,2
5623,-1,50,0
5623,-1,60,0
5623,-1,70,0
5624,-1,50,0
5624,-1,60,0
5624,-1,70,0
5625,-1,50,0
5625,-1,60,0
5625,-1,70,2
5626,78.59253399,50,1
5626,78.59253399,60,1
5626,78.59253399,70,2
5627,-1,50,0
5627,-1,60,0
5627,-1,70,0
5628,58.83300256,50,1
5628,58.83300256,60,1
5628,58.83300256,70,0
5629,-1,50,0
5629,-1,60,0
5629,-1,70,0
5630,79.26015903,50,1
5630,79.26015903,60,1
5630,79.26015903,70,2
5631,-1,50,0
5631,-1,60,0
5631,-1,70,1
5632,-1,50,0
5632,-1,60,0
5632,-1,70,0
5633,-1,50,0
5633,-1,60,0
5633,-1,70,0
5634,-1,50,0
5634,-1,60,0
5634,-1,70,0
5635,-1,50,0
5635,-1,60,1
5635,-1,70,3
5636,-1,50,0
5636,-1,60,0
5636,-1,70,0
5637,-1,50,0
5637,-1,60,0
5637,-1,70,0
5638,78.08567751,50,1
5638,78.08567751,60,2
5638,78.08567751,70,2
5639,-1,50,0
5639,-1,60,0
5639,-1,70,0
5640,-1,50,1
5640,-1,60,1
5640,-1,70,1
5641,-1,50,0
5641,-1,60,0
5641,-1,70,0
5642,-1,50,0
5642,-1,60,1
5642,-1,70,2
5643,-1,50,0
5643,-1,60,0
5643,-1,70,0
5644,-1,50,0
5644,-1,60,0
5644,-1,70,0
5645,-1,50,0
5645,-1,60,0
5645,-1,70,0
5646,-1,50,0
5646,-1,60,0
5646,-1,70,1
5647,72.87451901,50,0
5647,72.87451901,60,1
5647,72.87451901,70,1
5648,-1,50,0
5648,-1,60,0
5648,-1,70,0
5649,-1,50,0
5649,-1,60,0
5649,-1,70,0
5650,-1,50,0
5650,-1,60,0
5650,-1,70,0
5651,-1,50,0
5651,-1,60,1
5651,-1,70,1
5652,-1,50,0
5652,-1,60,0
5652,-1,70,0
5653,72.29309769,50,0
5653,72.29309769,60,0
5653,72.29309769,70,1
5654,-1,50,0
5654,-1,60,0
5654,-1,70,0
5655,-1,50,0
5655,-1,60,0
5655,-1,70,0
5656,-1,50,0
5656,-1,60,0
5656,-1,70,1
5657,-1,50,0
5657,-1,60,1
5657,-1,70,1
5658,-1,50,0
5658,-1,60,0
5658,-1,70,0
5659,-1,50,0
5659,-1,60,1
5659,-1,70,2
5660,56.64154859,50,0
5660,56.64154859,60,0
5660,56.64154859,70,0
5661,-1,50,0
5661,-1,60,0
5661,-1,70,0
5662,-1,50,0
5662,-1,60,0
5662,-1,70,0
5663,59.95815204,50,1
5663,59.95815204,60,2
5663,59.95815204,70,0
5664,-1,50,0
5664,-1,60,0
5664,-1,70,2
5665,-1,50,0
5665,-1,60,0
5665,-1,70,0
5666,-1,50,0
5666,-1,60,0
5666,-1,70,0
5667,-1,50,0
5667,-1,60,0
5667,-1,70,0
5668,-1,50,0
5668,-1,60,0
5668,-1,70,0
5669,-1,50,0
5669,-1,60,1
5669,-1,70,2
5670,69.82788413,50,1
5670,69.82788413,60,1
5670,69.82788413,70,1
5671,-1,50,0
5671,-1,60,0
5671,-1,70,0
5672,-1,50,0
5672,-1,60,0
5672,-1,70,0
5673,-1,50,0
5673,-1,60,0
5673,-1,70,0
5674,-1,50,0
5674,-1,60,0
5674,-1,70,0
5675,-1,50,0
5675,-1,60,0
5675,-1,70,0
5676,75.6311338,50,1
5676,75.6311338,60,1
5676,75.6311338,70,2
5677,74.29053192,50,1
5677,74.29053192,60,1
5677,74.29053192,70,1
5678,-1,50,0
5678,-1,60,0
5678,-1,70,0
5679,-1,50,0
5679,-1,60,0
5679,-1,70,0
5680,-1,50,0
5680,-1,60,1
5680,-1,70,1
5681,-1,50,0
5681,-1,60,0
5681,-1,70,0
5682,-1,50,0
5682,-1,60,0
5682,-1,70,0
5683,-1,50,1
5683,-1,60,1
5683,-1,70,1
5684,-1,50,0
5684,-1,60,1
5684,-1,70,1
5685,-1,50,0
5685,-1,60,0
5685,-1,70,0
5686,-1,50,0
5686,-1,60,0
5686,-1,70,0
5687,-1,50,0
5687,-1,60,0
5687,-1,70,0
5688,-1,50,0
5688,-1,60,2
5688,-1,70,2
5689,-1,50,0
5689,-1,60,0
5689,-1,70,0
5690,-1,50,0
5690,-1,60,0
5690,-1,70,1
5691,-1,50,0
5691,-1,60,0
5691,-1,70,0
5692,-1,50,0
5692,-1,60,0
5692,-1,70,0
5693,-1,50,0
5693,-1,60,0
5693,-1,70,1
5694,-1,50,0
5694,-1,60,0
5694,-1,70,1
5695,68.33067767,50,0
5695,68.33067767,60,1
5695,68.33067767,70,1
5696,-1,50,0
5696,-1,60,0
5696,-1,70,1
5697,-1,50,0
5697,-1,60,0
5697,-1,70,0
5698,-1,50,0
5698,-1,60,0
5698,-1,70,0
5699,-1,50,0
5699,-1,60,0
5699,-1,70,0
5700,66.70659899,50,0
5700,66.70659899,60,0
5700,66.70659899,70,0
5701,-1,50,0
5701,-1,60,0
5701,-1,70,0
5702,-1,50,0
5702,-1,60,0
5702,-1,70,0
5703,-1,50,0
5703,-1,60,0
5703,-1,70,1
5704,-1,50,0
5704,-1,60,0
5704,-1,70,0
5705,-1,50,1
5705,-1,60,1
5705,-1,70,2
5706,-1,50,0
5706,-1,60,0
5706,-1,70,0
5707,45.84484507,50,0
5707,45.84484507,60,0
5707,45.84484507,70,0
5708,-1,50,1
5708,-1,60,1
5708,-1,70,1
5709,-1,50,0
5709,-1,60,0
5709,-1,70,1
5710,-1,50,0
5710,-1,60,2
5710,-1,70,2
5711,-1,50,0
5711,-1,60,0
5711,-1,70,0
5712,-1,50,0
5712,-1,60,0
5712,-1,70,0
5713,-1,50,0
5713,-1,60,0
5713,-1,70,0
5714,-1,50,0
5714,-1,60,1
5714,-1,70,2
5715,-1,50,0
5715,-1,60,0
5715,-1,70,0
5716,-1,50,0
5716,-1,60,0
5716,-1,70,0
5717,-1,50,0
5717,-1,60,0
5717,-1,70,0
5718,-1,50,0
5718,-1,60,0
5718,-1,70,0
5719,-1,50,0
5719,-1,60,0
5719,-1,70,0
5720,-1,50,0
5720,-1,60,0
5720,-1,70,0
5721,-1,50,0
5721,-1,60,0
5721,-1,70,1
5722,65.62054468,50,0
5722,65.62054468,60,0
5722,65.62054468,70,1
5723,-1,50,0
5723,-1,60,0
5723,-1,70,0
5724,-1,50,0
5724,-1,60,0
5724,-1,70,0
5725,-1,50,0
5725,-1,60,0
5725,-1,70,0
5726,-1,50,0
5726,-1,60,0
5726,-1,70,1
5727,-1,50,0
5727,-1,60,0
5727,-1,70,0
5728,-1,50,0
5728,-1,60,0
5728,-1,70,0
5729,-1,50,0
5729,-1,60,0
5729,-1,70,0
5730,75.88765473,50,0
5730,75.88765473,60,0
5730,75.88765473,70,0
5731,-1,50,0
5731,-1,60,0
5731,-1,70,0
5732,-1,50,0
5732,-1,60,0
5732,-1,70,0
5733,71.98459654,50,1
5733,71.98459654,60,2
5733,71.98459654,70,2
5734,-1,50,0
5734,-1,60,0
5734,-1,70,0
5735,-1,50,0
5735,-1,60,0
5735,-1,70,0
5736,-1,50,1
5736,-1,60,3
5736,-1,70,3
5737,-1,50,0
5737,-1,60,1
5737,-1,70,1
5738,-1,50,0
5738,-1,60,0
5738,-1,70,0
5739,75.62146418,50,1
5739,75.62146418,60,1
5739,75.62146418,70,2
5740,-1,50,0
5740,-1,60,0
5740,-1,70,1
5741,-1,50,0
5741,-1,60,0
5741,-1,70,0
5742,50.06438097,50,1
5742,50.06438097,60,1
5742,50.06438097,70,0
5743,-1,50,0
5743,-1,60,0
5743,-1,70,0
5744,-1,50,0
5744,-1,60,0
5744,-1,70,0
5745,-1,50,0
5745,-1,60,0
5745,-1,70,1
5746,-1,50,0
5746,-1,60,0
5746,-1,70,0
5747,-1,50,2
5747,-1,60,2
5747,-1,70,2
5748,-1,50,0
5748,-1,60,0
5748,-1,70,0
5749,-1,50,1
5749,-1,60,1
5749,-1,70,1
5750,-1,50,0
5750,-1,60,0
5750,-1,70,0
5751,-1,50,0
5751,-1,60,0
5751,-1,70,2
5752,-1,50,0
5752,-1,60,0
5752,-1,70,0
5753,-1,50,1
5753,-1,60,1
5753,-1,70,1
5754,-1,50,0
5754,-1,60,0
5754,-1,70,1
5755,-1,50,0
5755,-1,60,0
5755,-1,70,0
5756,-1,50,0
5756,-1,60,0
5756,-1,70,0
5757,-1,50,1
5757,-1,60,1
5757,-1,70,2
5758,-1,50,0
5758,-1,60,0
5758,-1,70,0
5759,-1,50,0
5759,-1,60,1
5759,-1,70,1
5760,-1,50,0
5760,-1,60,2
5760,-1,70,2
5761,-1,50,0
5761,-1,60,0
5761,-1,70,0
5762,-1,50,0
5762,-1,60,0
5762,-1,70,0
5763,-1,50,0
5763,-1,60,0
5763,-1,70,0
5764,-1,50,0
5764,-1,60,0
5764,-1,70,0
5765,-1,50,0
5765,-1,60,1
5765,-1,70,2
5766,-1,50,0
5766,-1,60,1
5766,-1,70,1
5767,-1,50,0
5767,-1,60,0
5767,-1,70,0
5768,-1,50,0
5768,-1,60,0
5768,-1,70,0
5769,-1,50,1
5769,-1,60,1
5769,-1,70,1
5770,-1,50,0
5770,-1,60,2
5770,-1,70,2
5771,-1,50,0
5771,-1,60,0
5771,-1,70,0
5772,-1,50,0
5772,-1,60,0
5772,-1,70,0
5773,-1,50,0
5773,-1,60,1
5773,-1,70,1
5774,53.14680388,50,1
5774,53.14680388,60,1
5774,53.14680388,70,0
5775,-1,50,1
5775,-1,60,1
5775,-1,70,1
5776,67.97117721,50,1
5776,67.97117721,60,1
5776,67.97117721,70,2
5777,74.68954573,50,2
5777,74.68954573,60,2
5777,74.68954573,70,3
5778,-1,50,0
5778,-1,60,1
5778,-1,70,1
5779,-1,50,0
5779,-1,60,0
5779,-1,70,0
5780,-1,50,0
5780,-1,60,0
5780,-1,70,1
5781,-1,50,0
5781,-1,60,0
5781,-1,70,0
5782,-1,50,0
5782,-1,60,0
5782,-1,70,0
5783,-1,50,0
5783,-1,60,0
5783,-1,70,1
5784,-1,50,0
5784,-1,60,0
5784,-1,70,0
5785,-1,50,0
5785,-1,60,0
5785,-1,70,0
5786,63.47952223,50,1
5786,63.47952223,60,1
5786,63.47952223,70,1
5787,-1,50,0
5787,-1,60,0
5787,-1,70,1
5788,-1,50,0
5788,-1,60,0
5788,-1,70,1
5789,-1,50,1
5789,-1,60,1
5789,-1,70,1
5790,-1,50,0
5790,-1,60,0
5790,-1,70,0
5791,-1,50,0
5791,-1,60,0
5791,-1,70,0
5792,-1,50,0
5792,-1,60,0
5792,-1,70,1
5793,70.8693957,50,0
5793,70.8693957,60,1
5793,70.8693957,70,1
5794,-1,50,0
5794,-1,60,0
5794,-1,70,0
5795,-1,50,1
5795,-1,60,1
5795,-1,70,1
5796,-1,50,0
5796,-1,60,0
5796,-1,70,0
5797,-1,50,0
5797,-1,60,1
5797,-1,70,1
5798,69.5343075,50,0
5798,69.5343075,60,0
5798,69.5343075,70,1
5799,-1,50,0
5799,-1,60,0
5799,-1,70,0
5800,-1,50,0
5800,-1,60,0
5800,-1,70,1
5801,-1,50,0
5801,-1,60,0
5801,-1,70,1
5802,-1,50,0
5802,-1,60,0
5802,-1,70,0
5803,-1,50,0
5803,-1,60,0
5803,-1,70,0
5804,-1,50,0
5804,-1,60,0
5804,-1,70,0
5805,-1,50,0
5805,-1,60,0
5805,-1,70,0
5806,-1,50,0
5806,-1,60,0
5806,-1,70,0
5807,59.13387779,50,1
5807,59.13387779,60,1
5807,59.13387779,70,0
5808,-1,50,0
5808,-1,60,0
5808,-1,70,1
5809,-1,50,0
5809,-1,60,0
5809,-1,70,1
5810,-1,50,0
5810,-1,60,1
5810,-1,70,1
5811,-1,50,1
5811,-1,60,2
5811,-1,70,3
5812,76.14829696,50,1
5812,76.14829696,60,1
5812,76.14829696,70,1
5813,-1,50,0
5813,-1,60,2
5813,-1,70,2
5814,-1,50,0
5814,-1,60,0
5814,-1,70,1
5815,-1,50,0
5815,-1,60,0
5815,-1,70,0
5816,77.37905777,50,0
5816,77.37905777,60,0
5816,77.37905777,70,1
5817,-1,50,0
5817,-1,60,0
5817,-1,70,0
5818,-1,50,0
5818,-1,60,0
5818,-1,70,0
5819,-1,50,0
5819,-1,60,0
5819,-1,70,0
5820,-1,50,0
5820,-1,60,0
5820,-1,70,1
5821,-1,50,0
5821,-1,60,1
5821,-1,70,1
5822,-1,50,1
5822,-1,60,1
5822,-1,70,1
5823,-1,50,1
5823,-1,60,1
5823,-1,70,1
5824,79.56138237,50,0
5824,79.56138237,60,1
5824,79.56138237,70,1
5825,-1,50,0
5825,-1,60,0
5825,-1,70,0
5826,-1,50,0
5826,-1,60,0
5826,-1,70,0
5827,-1,50,0
5827,-1,60,0
5827,-1,70,1
5828,-1,50,0
5828,-1,60,0
5828,-1,70,0
5829,-1,50,0
5829,-1,60,0
5829,-1,70,0
5830,-1,50,0
5830,-1,60,0
5830,-1,70,0
5831,73.27062352,50,1
5831,73.27062352,60,1
5831,73.27062352,70,2
5832,-1,50,0
5832,-1,60,0
5832,-1,70,1
5833,-1,50,0
5833,-1,60,0
5833,-1,70,0
5834,-1,50,0
5834,-1,60,0
5834,-1,70,0
5835,-1,50,0
5835,-1,60,0
5835,-1,70,0
5836,-1,50,1
5836,-1,60,1
5836,-1,70,2
5837,-1,50,0
5837,-1,60,1
5837,-1,70,1
5838,-1,50,0
5838,-1,60,0
5838,-1,70,0
5839,-1,50,0
5839,-1,60,0
5839,-1,70,0
5840,-1,50,0
5840,-1,60,0
5840,-1,70,0
5841,-1,50,0
5841,-1,60,1
5841,-1,70,2
5842,-1,50,0
5842,-1,60,0
5842,-1,70,1
5843,-1,50,0
5843,-1,60,0
5843,-1,70,0
5844,-1,50,0
5844,-1,60,0
5844,-1,70,0
5845,63.85467861,50,0
5845,63.85467861,60,0
5845,63.85467861,70,0
5846,-1,50,0
5846,-1,60,0
5846,-1,70,0
5847,-1,50,0
5847,-1,60,0
5847,-1,70,0
5848,-1,50,0
5848,-1,60,0
5848,-1,70,0
5849,-1,50,0
5849,-1,60,0
5849,-1,70,0
5850,74.45209195,50,0
5850,74.45209195,60,1
5850,74.45209195,70,1
5851,69.50508769,50,1
5851,69.50508769,60,2
5851,69.50508769,70,3
5852,64.89211072,50,1
5852,64.89211072,60,1
5852,64.89211072,70,1
5853,-1,50,0
5853,-1,60,0
5853,-1,70,0
5854,-1,50,0
5854,-1,60,0
5854,-1,70,0
5855,-1,50,0
5855,-1,60,0
5855,-1,70,0
5856,-1,50,0
5856,-1,60,0
5856,-1,70,0
5857,-1,50,0
5857,-1,60,0
5857,-1,70,0
5858,-1,50,0
5858,-1,60,0
5858,-1,70,0
5859,-1,50,0
5859,-1,60,0
5859,-1,70,0
5860,33.18748211,50,0
5860,33.18748211,60,0
5860,33.18748211,70,0
5861,77.13678033,50,0
5861,77.13678033,60,0
5861,77.13678033,70,1
5862,-1,50,0
5862,-1,60,0
5862,-1,70,0
5863,-1,50,0
5863,-1,60,0
5863,-1,70,0
5864,-1,50,0
5864,-1,60,0
5864,-1,70,0
5865,-1,50,0
5865,-1,60,0
5865,-1,70,1
5866,-1,50,0
5866,-1,60,0
5866,-1,70,0
5867,-1,50,0
5867,-1,60,0
5867,-1,70,0
5868,-1,50,0
5868,-1,60,0
5868,-1,70,1
5869,-1,50,1
5869,-1,60,2
5869,-1,70,2
5870,-1,50,0
5870,-1,60,0
5870,-1,70,0
5871,-1,50,0
5871,-1,60,0
5871,-1,70,1
5872,77.26325537,50,0
5872,77.26325537,60,1
5872,77.26325537,70,1
5873,-1,50,0
5873,-1,60,0
5873,-1,70,1
5874,-1,50,0
5874,-1,60,0
5874,-1,70,0
5875,-1,50,0
5875,-1,60,0
5875,-1,70,2
5876,-1,50,0
5876,-1,60,0
5876,-1,70,1
5877,-1,50,0
5877,-1,60,0
5877,-1,70,1
5878,-1,50,0
5878,-1,60,0
5878,-1,70,1
5879,-1,50,0
5879,-1,60,0
5879,-1,70,0
5880,-1,50,0
5880,-1,60,1
5880,-1,70,2
5881,73.81489148,50,0
5881,73.81489148,60,0
5881,73.81489148,70,2
5882,54.82071769,50,0
5882,54.82071769,60,1
5882,54.82071769,70,0
5883,-1,50,1
5883,-1,60,1
5883,-1,70,1
5884,78.38111498,50,1
5884,78.38111498,60,1
5884,78.38111498,70,2
5885,70.83211156,50,0
5885,70.83211156,60,1
5885,70.83211156,70,1
5886,-1,50,0
5886,-1,60,1
5886,-1,70,1
5887,-1,50,0
5887,-1,60,0
5887,-1,70,0
5888,-1,50,0
5888,-1,60,1
5888,-1,70,1
5889,-1,50,0
5889,-1,60,0
5889,-1,70,0
5890,-1,50,0
5890,-1,60,1
5890,-1,70,2
5891,-1,50,1
5891,-1,60,1
5891,-1,70,2
5892,70.61990462,50,1
5892,70.61990462,60,1
5892,70.61990462,70,1
5893,-1,50,0
5893,-1,60,1
5893,-1,70,1
5894,-1,50,0
5894,-1,60,0
5894,-1,70,0
5895,-1,50,0
5895,-1,60,0
5895,-1,70,0
5896,-1,50,0
5896,-1,60,0
5896,-1,70,0
5897,-1,50,0
5897,-1,60,0
5897,-1,70,0
5898,-1,50,0
5898,-1,60,0
5898,-1,70,0
5899,59.38158179,50,1
5899,59.38158179,60,1
5899,59.38158179,70,0
5900,-1,50,1
5900,-1,60,1
5900,-1,70,2
5901,-1,50,0
5901,-1,60,0
5901,-1,70,0
5902,67.44639578,50,1
5902,67.44639578,60,1
5902,67.44639578,70,1
5903,63.61671674,50,0
5903,63.61671674,60,1
5903,63.61671674,70,4
5904,-1,50,0
5904,-1,60,0
5904,-1,70,1
5905,-1,50,0
5905,-1,60,1
5905,-1,70,3
5906,-1,50,0
5906,-1,60,1
5906,-1,70,2
5907,48.8945315,50,0
5907,48.8945315,60,0
5907,48.8945315,70,0
5908,-1,50,0
5908,-1,60,0
5908,-1,70,0
5909,-1,50,1
5909,-1,60,1
5909,-1,70,1
5910,-1,50,0
5910,-1,60,0
5910,-1,70,0
5911,-1,50,0
5911,-1,60,0
5911,-1,70,0
5912,76.82635288,50,1
5912,76.82635288,60,2
5912,76.82635288,70,3
5913,-1,50,0
5913,-1,60,0
5913,-1,70,1
5914,-1,50,0
5914,-1,60,0
5914,-1,70,0
5915,74.14840828,50,2
5915,74.14840828,60,3
5915,74.14840828,70,3
5916,74.99460696,50,0
5916,74.99460696,60,1
5916,74.99460696,70,1
5917,-1,50,0
5917,-1,60,1
5917,-1,70,1
5918,-1,50,0
5918,-1,60,0
5918,-1,70,0
5919,-1,50,0
5919,-1,60,1
5919,-1,70,1
5920,-1,50,1
5920,-1,60,1
5920,-1,70,1
5921,-1,50,0
5921,-1,60,0
5921,-1,70,0
5922,-1,50,0
5922,-1,60,0
5922,-1,70,3
5923,-1,50,0
5923,-1,60,0
5923,-1,70,1
5924,-1,50,0
5924,-1,60,0
5924,-1,70,0
5925,-1,50,0
5925,-1,60,0
5925,-1,70,0
5926,-1,50,0
5926,-1,60,1
5926,-1,70,1
5927,-1,50,0
5927,-1,60,0
5927,-1,70,0
5928,-1,50,0
5928,-1,60,1
5928,-1,70,1
5929,-1,50,0
5929,-1,60,0
5929,-1,70,0
5930,-1,50,0
5930,-1,60,0
5930,-1,70,2
5931,-1,50,0
5931,-1,60,0
5931,-1,70,0
5932,-1,50,0
5932,-1,60,0
5932,-1,70,0
5933,-1,50,1
5933,-1,60,1
5933,-1,70,1
5934,-1,50,0
5934,-1,60,0
5934,-1,70,0
5935,-1,50,0
5935,-1,60,1
5935,-1,70,1
5936,-1,50,0
5936,-1,60,0
5936,-1,70,0
5937,59.09654185,50,1
5937,59.09654185,60,1
5937,59.09654185,70,0
5938,-1,50,0
5938,-1,60,0
5938,-1,70,0
5939,-1,50,0
5939,-1,60,1
5939,-1,70,2
5940,73.48275451,50,0
5940,73.48275451,60,1
5940,73.48275451,70,1
5941,-1,50,0
5941,-1,60,1
5941,-1,70,3
5942,-1,50,0
5942,-1,60,0
5942,-1,70,1
5943,-1,50,0
5943,-1,60,0
5943,-1,70,0
5944,-1,50,0
5944,-1,60,1
5944,-1,70,1
5945,32.08620637,50,1
5945,32.08620637,60,0
5945,32.08620637,70,0
5946,75.01992447,50,1
5946,75.01992447,60,1
5946,75.01992447,70,1
5947,-1,50,0
5947,-1,60,0
5947,-1,70,0
5948,-1,50,0
5948,-1,60,0
5948,-1,70,0
5949,-1,50,0
5949,-1,60,0
5949,-1,70,0
5950,-1,50,0
5950,-1,60,0
5950,-1,70,0
5951,-1,50,0
5951,-1,60,0
5951,-1,70,0
5952,-1,50,0
5952,-1,60,0
5952,-1,70,0
5953,-1,50,0
5953,-1,60,0
5953,-1,70,0
5954,64.19499191,50,1
5954,64.19499191,60,1
5954,64.19499191,70,1
5955,69.30841446,50,1
5955,69.30841446,60,2
5955,69.30841446,70,2
5956,-1,50,0
5956,-1,60,1
5956,-1,70,2
5957,62.44283526,50,1
5957,62.44283526,60,1
5957,62.44283526,70,1
5958,75.96724476,50,0
5958,75.96724476,60,1
5958,75.96724476,70,1
5959,-1,50,0
5959,-1,60,0
5959,-1,70,0
5960,-1,50,1
5960,-1,60,1
5960,-1,70,1
5961,-1,50,0
5961,-1,60,0
5961,-1,70,1
5962,-1,50,0
5962,-1,60,0
5962,-1,70,1
5963,-1,50,0
5963,-1,60,0
5963,-1,70,0
5964,-1,50,0
5964,-1,60,0
5964,-1,70,2
5965,-1,50,0
5965,-1,60,0
5965,-1,70,0
5966,-1,50,0
5966,-1,60,0
5966,-1,70,0
5967,-1,50,0
5967,-1,60,0
5967,-1,70,0
5968,-1,50,0
5968,-1,60,0
5968,-1,70,0
5969,52.4841694,50,0
5969,52.4841694,60,1
5969,52.4841694,70,0
5970,69.83895546,50,0
5970,69.83895546,60,1
5970,69.83895546,70,2
5971,-1,50,0
5971,-1,60,0
5971,-1,70,0
5972,-1,50,0
5972,-1,60,0
5972,-1,70,0
5973,-1,50,0
5973,-1,60,0
5973,-1,70,0
5974,-1,50,0
5974,-1,60,0
5974,-1,70,0
5975,-1,50,1
5975,-1,60,1
5975,-1,70,1
5976,-1,50,0
5976,-1,60,0
5976,-1,70,0
5977,-1,50,0
5977,-1,60,0
5977,-1,70,1
5978,-1,50,0
5978,-1,60,0
5978,-1,70,0
5979,-1,50,0
5979,-1,60,0
5979,-1,70,0
5980,-1,50,0
5980,-1,60,0
5980,-1,70,0
5981,-1,50,0
5981,-1,60,0
5981,-1,70,1
5982,-1,50,0
5982,-1,60,0
5982,-1,70,0
5983,-1,50,0
5983,-1,60,0
5983,-1,70,0
5984,-1,50,0
5984,-1,60,0
5984,-1,70,1
5985,-1,50,0
5985,-1,60,0
5985,-1,70,1
5986,-1,50,0
5986,-1,60,0
5986,-1,70,0
5987,-1,50,0
5987,-1,60,0
5987,-1,70,0
5988,-1,50,0
5988,-1,60,0
5988,-1,70,0
5989,-1,50,0
5989,-1,60,0
5989,-1,70,0
5990,-1,50,0
5990,-1,60,0
5990,-1,70,0
5991,-1,50,0
5991,-1,60,0
5991,-1,70,0
5992,-1,50,0
5992,-1,60,0
5992,-1,70,0
5993,62.97981737,50,1
5993,62.97981737,60,1
5993,62.97981737,70,1
5994,-1,50,0
5994,-1,60,0
5994,-1,70,1
5995,-1,50,0
5995,-1,60,0
5995,-1,70,0
5996,-1,50,0
5996,-1,60,0
5996,-1,70,1
5997,-1,50,0
5997,-1,60,0
5997,-1,70,0
5998,-1,50,0
5998,-1,60,0
5998,-1,70,0
5999,67.5286293,50,0
5999,67.5286293,60,0
5999,67.5286293,70,1
6000,-1,50,0
6000,-1,60,1
6000,-1,70,1
6001,-1,50,0
6001,-1,60,0
6001,-1,70,0
6002,-1,50,0
6002,-1,60,0
6002,-1,70,0
6003,-1,50,0
6003,-1,60,0
6003,-1,70,0
6004,-1,50,0
6004,-1,60,0
6004,-1,70,0
6005,-1,50,0
6005,-1,60,0
6005,-1,70,0
6006,-1,50,1
6006,-1,60,1
6006,-1,70,1
6007,-1,50,0
6007,-1,60,1
6007,-1,70,2
6008,38.1507842,50,1
6008,38.1507842,60,0
6008,38.1507842,70,0
6009,-1,50,0
6009,-1,60,0
6009,-1,70,0
6010,-1,50,0
6010,-1,60,0
6010,-1,70,0
6011,-1,50,0
6011,-1,60,0
6011,-1,70,0
6012,-1,50,0
6012,-1,60,0
6012,-1,70,0
6013,-1,50,0
6013,-1,60,0
6013,-1,70,0
6014,-1,50,0
6014,-1,60,0
6014,-1,70,0
6015,-1,50,0
6015,-1,60,0
6015,-1,70,0
6016,-1,50,0
6016,-1,60,0
6016,-1,70,0
6017,79.68878585,50,1
6017,79.68878585,60,1
6017,79.68878585,70,2
6018,-1,50,0
6018,-1,60,0
6018,-1,70,0
6019,57.32265827,50,2
6019,57.32265827,60,3
6019,57.32265827,70,0
6020,-1,50,0
6020,-1,60,0
6020,-1,70,0
6021,72.35398224,50,0
6021,72.35398224,60,0
6021,72.35398224,70,1
6022,-1,50,1
6022,-1,60,1
6022,-1,70,1
6023,-1,50,0
6023,-1,60,0
6023,-1,70,0
6024,-1,50,0
6024,-1,60,1
6024,-1,70,2
6025,-1,50,0
6025,-1,60,0
6025,-1,70,0
6026,-1,50,0
6026,-1,60,0
6026,-1,70,0
6027,68.67448006,50,1
6027,68.67448006,60,1
6027,68.67448006,70,1
6028,-1,50,1
6028,-1,60,1
6028,-1,70,1
6029,-1,50,1
6029,-1,60,1
6029,-1,70,1
6030,-1,50,0
6030,-1,60,1
6030,-1,70,1
6031,-1,50,0
6031,-1,60,0
6031,-1,70,0
6032,-1,50,0
6032,-1,60,0
6032,-1,70,0
6033,-1,50,0
6033,-1,60,0
6033,-1,70,0
6034,61.98571537,50,0
6034,61.98571537,60,0
6034,61.98571537,70,0
6035,-1,50,0
6035,-1,60,0
6035,-1,70,0
6036,-1,50,0
6036,-1,60,0
6036,-1,70,0
6037,-1,50,0
6037,-1,60,1
6037,-1,70,1
6038,-1,50,0
6038,-1,60,0
6038,-1,70,0
6039,-1,50,0
6039,-1,60,0
6039,-1,70,0
6040,-1,50,0
6040,-1,60,1
6040,-1,70,1
6041,-1,50,0
6041,-1,60,0
6041,-1,70,0
6042,-1,50,0
6042,-1,60,0
6042,-1,70,0
6043,-1,50,0
6043,-1,60,0
6043,-1,70,0
6044,-1,50,0
6044,-1,60,0
6044,-1,70,0
6045,-1,50,0
6045,-1,60,0
6045,-1,70,1
6046,-1,50,0
6046,-1,60,0
6046,-1,70,1
6047,-1,50,0
6047,-1,60,0
6047,-1,70,0
6048,77.5456687,50,0
6048,77.5456687,60,0
6048,77.5456687,70,1
6049,-1,50,1
6049,-1,60,2
6049,-1,70,2
6050,-1,50,0
6050,-1,60,0
6050,-1,70,0
6051,68.66147706,50,1
6051,68.66147706,60,1
6051,68.66147706,70,2
6052,-1,50,0
6052,-1,60,0
6052,-1,70,0
6053,-1,50,0
6053,-1,60,0
6053,-1,70,0
6054,-1,50,0
6054,-1,60,0
6054,-1,70,0
6055,-1,50,0
6055,-1,60,0
6055,-1,70,1
6056,-1,50,0
6056,-1,60,0
6056,-1,70,0
6057,75.99351223,50,0
6057,75.99351223,60,3
6057,75.99351223,70,3
6058,-1,50,0
6058,-1,60,0
6058,-1,70,0
6059,-1,50,0
6059,-1,60,2
6059,-1,70,2
6060,-1,50,0
6060,-1,60,0
6060,-1,70,0
6061,75.61223646,50,1
6061,75.61223646,60,1
6061,75.61223646,70,1
6062,-1,50,0
6062,-1,60,0
6062,-1,70,0
6063,-1,50,0
6063,-1,60,0
6063,-1,70,1
6064,75.56350201,50,0
6064,75.56350201,60,0
6064,75.56350201,70,1
6065,-1,50,0
6065,-1,60,0
6065,-1,70,0
6066,-1,50,0
6066,-1,60,0
6066,-1,70,0
6067,-1,50,0
6067,-1,60,0
6067,-1,70,0
6068,49.85421482,50,0
6068,49.85421482,60,0
6068,49.85421482,70,0
6069,-1,50,0
6069,-1,60,0
6069,-1,70,0
6070,-1,50,0
6070,-1,60,2
6070,-1,70,2
6071,-1,50,0
6071,-1,60,1
6071,-1,70,2
6072,-1,50,0
6072,-1,60,0
6072,-1,70,0
6073,-1,50,0
6073,-1,60,0
6073,-1,70,1
6074,-1,50,1
6074,-1,60,1
6074,-1,70,2
6075,-1,50,0
6075,-1,60,0
6075,-1,70,0
6076,-1,50,0
6076,-1,60,0
6076,-1,70,1
6077,-1,50,0
6077,-1,60,0
6077,-1,70,0
6078,-1,50,0
6078,-1,60,0
6078,-1,70,1
6079,-1,50,0
6079,-1,60,0
6079,-1,70,0
6080,-1,50,0
6080,-1,60,0
6080,-1,70,0
6081,-1,50,0
6081,-1,60,0
6081,-1,70,1
6082,64.91765895,50,1
6082,64.91765895,60,1
6082,64.91765895,70,1
6083,-1,50,0
6083,-1,60,0
6083,-1,70,0
6084,-1,50,0
6084,-1,60,1
6084,-1,70,1
6085,-1,50,0
6085,-1,60,0
6085,-1,70,0
6086,-1,50,0
6086,-1,60,0
6086,-1,70,1
6087,-1,50,1
6087,-1,60,1
6087,-1,70,1
6088,-1,50,0
6088,-1,60,0
6088,-1,70,1
6089,64.72424754,50,1
6089,64.72424754,60,1
6089,64.72424754,70,1
6090,-1,50,1
6090,-1,60,1
6090,-1,70,2
6091,-1,50,1
6091,-1,60,2
6091,-1,70,2
6092,-1,50,1
6092,-1,60,1
6092,-1,70,3
6093,-1,50,0
6093,-1,60,0
6093,-1,70,0
6094,-1,50,0
6094,-1,60,0
6094,-1,70,0
6095,-1,50,0
6095,-1,60,0
6095,-1,70,0
6096,-1,50,0
6096,-1,60,0
6096,-1,70,0
6097,69.17583119,50,1
6097,69.17583119,60,1
6097,69.17583119,70,2
6098,76.11074008,50,0
6098,76.11074008,60,1
6098,76.11074008,70,1
6099,52.81225903,50,2
6099,52.81225903,60,2
6099,52.81225903,70,0
6100,-1,50,0
6100,-1,60,0
6100,-1,70,1
6101,-1,50,0
6101,-1,60,0
6101,-1,70,0
6102,-1,50,0
6102,-1,60,1
6102,-1,70,1
6103,68.46791193,50,0
6103,68.46791193,60,0
6103,68.46791193,70,1
6104,-1,50,0
6104,-1,60,0
6104,-1,70,0
6105,-1,50,0
6105,-1,60,0
6105,-1,70,0
6106,75.77222223,50,0
6106,75.77222223,60,0
6106,75.77222223,70,0
6107,-1,50,0
6107,-1,60,0
6107,-1,70,0
6108,-1,50,0
6108,-1,60,0
6108,-1,70,1
6109,78.40854285,50,0
6109,78.40854285,60,0
6109,78.40854285,70,1
6110,-1,50,0
6110,-1,60,0
6110,-1,70,0
6111,-1,50,0
6111,-1,60,0
6111,-1,70,1
6112,-1,50,0
6112,-1,60,1
6112,-1,70,1
6113,79.42391155,50,0
6113,79.42391155,60,1
6113,79.42391155,70,1
6114,-1,50,0
6114,-1,60,0
6114,-1,70,0
6115,-1,50,0
6115,-1,60,0
6115,-1,70,0
6116,74.3016032,50,0
6116,74.3016032,60,1
6116,74.3016032,70,1
6117,-1,50,0
6117,-1,60,0
6117,-1,70,0
6118,-1,50,0
6118,-1,60,0
6118,-1,70,0
6119,-1,50,0
6119,-1,60,0
6119,-1,70,0
6120,-1,50,0
6120,-1,60,0
6120,-1,70,0
6121,-1,50,0
6121,-1,60,0
6121,-1,70,1
6122,-1,50,0
6122,-1,60,0
6122,-1,70,0
6123,55.89827352,50,1
6123,55.89827352,60,1
6123,55.89827352,70,0
6124,-1,50,0
6124,-1,60,0
6124,-1,70,0
6125,-1,50,0
6125,-1,60,0
6125,-1,70,1
6126,-1,50,0
6126,-1,60,0
6126,-1,70,0
6127,-1,50,0
6127,-1,60,0
6127,-1,70,1
6128,75.5052948,50,0
6128,75.5052948,60,0
6128,75.5052948,70,1
6129,-1,50,0
6129,-1,60,0
6129,-1,70,0
6130,-1,50,0
6130,-1,60,0
6130,-1,70,0
6131,-1,50,0
6131,-1,60,0
6131,-1,70,0
6132,-1,50,0
6132,-1,60,0
6132,-1,70,0
6133,-1,50,0
6133,-1,60,0
6133,-1,70,1
6134,-1,50,0
6134,-1,60,0
6134,-1,70,1
6135,-1,50,0
6135,-1,60,0
6135,-1,70,2
6136,-1,50,0
6136,-1,60,0
6136,-1,70,0
6137,62.74403561,50,1
6137,62.74403561,60,1
6137,62.74403561,70,1
6138,-1,50,0
6138,-1,60,0
6138,-1,70,1
6139,-1,50,1
6139,-1,60,1
6139,-1,70,2
6140,78.39405033,50,0
6140,78.39405033,60,1
6140,78.39405033,70,1
6141,-1,50,0
6141,-1,60,1
6141,-1,70,2
6142,75.60369142,50,0
6142,75.60369142,60,0
6142,75.60369142,70,0
6143,-1,50,0
6143,-1,60,0
6143,-1,70,0
6144,-1,50,0
6144,-1,60,0
6144,-1,70,0
6145,-1,50,0
6145,-1,60,0
6145,-1,70,1
6146,-1,50,0
6146,-1,60,0
6146,-1,70,0
6147,69.12731666,50,0
6147,69.12731666,60,2
6147,69.12731666,70,3
6148,-1,50,0
6148,-1,60,0
6148,-1,70,0
6149,-1,50,0
6149,-1,60,0
6149,-1,70,0
6150,67.50162239,50,1
6150,67.50162239,60,1
6150,67.50162239,70,1
6151,-1,50,1
6151,-1,60,1
6151,-1,70,1
6152,-1,50,0
6152,-1,60,0
6152,-1,70,0
6153,-1,50,1
6153,-1,60,1
6153,-1,70,2
6154,60.27275868,50,1
6154,60.27275868,60,1
6154,60.27275868,70,1
6155,-1,50,0
6155,-1,60,0
6155,-1,70,0
6156,-1,50,0
6156,-1,60,0
6156,-1,70,0
6157,-1,50,0
6157,-1,60,0
6157,-1,70,1
6158,-1,50,0
6158,-1,60,0
6158,-1,70,0
6159,-1,50,0
6159,-1,60,0
6159,-1,70,0
6160,-1,50,0
6160,-1,60,0
6160,-1,70,0
6161,-1,50,0
6161,-1,60,0
6161,-1,70,0
6162,-1,50,0
6162,-1,60,0
6162,-1,70,0
6163,-1,50,0
6163,-1,60,0
6163,-1,70,1
6164,-1,50,0
6164,-1,60,0
6164,-1,70,0
6165,-1,50,0
6165,-1,60,0
6165,-1,70,0
6166,-1,50,0
6166,-1,60,0
6166,-1,70,0
6167,-1,50,0
6167,-1,60,0
6167,-1,70,0
6168,-1,50,0
6168,-1,60,0
6168,-1,70,0
6169,-1,50,0
6169,-1,60,0
6169,-1,70,1
6170,-1,50,0
6170,-1,60,0
6170,-1,70,0
6171,-1,50,0
6171,-1,60,0
6171,-1,70,2
6172,-1,50,0
6172,-1,60,1
6172,-1,70,2
6173,76.43232716,50,1
6173,76.43232716,60,1
6173,76.43232716,70,1
6174,72.00602951,50,0
6174,72.00602951,60,2
6174,72.00602951,70,3
6175,-1,50,0
6175,-1,60,0
6175,-1,70,0
6176,-1,50,0
6176,-1,60,0
6176,-1,70,0
6177,-1,50,0
6177,-1,60,0
6177,-1,70,0
6178,-1,50,0
6178,-1,60,0
6178,-1,70,0
6179,-1,50,0
6179,-1,60,0
6179,-1,70,0
6180,-1,50,0
6180,-1,60,0
6180,-1,70,0
6181,-1,50,1
6181,-1,60,1
6181,-1,70,1
6182,-1,50,0
6182,-1,60,0
6182,-1,70,0
6183,-1,50,0
6183,-1,60,0
6183,-1,70,2
6184,-1,50,0
6184,-1,60,0
6184,-1,70,0
6185,-1,50,0
6185,-1,60,0
6185,-1,70,0
6186,-1,50,0
6186,-1,60,0
6186,-1,70,1
6187,-1,50,0
6187,-1,60,0
6187,-1,70,0
6188,-1,50,0
6188,-1,60,0
6188,-1,70,0
6189,54.38761396,50,1
6189,54.38761396,60,1
6189,54.38761396,70,0
6190,65.24069706,50,0
6190,65.24069706,60,0
6190,65.24069706,70,0
6191,-1,50,0
6191,-1,60,0
6191,-1,70,0
6192,-1,50,0
6192,-1,60,0
6192,-1,70,0
6193,74.79558758,50,0
6193,74.79558758,60,1
6193,74.79558758,70,1
6194,-1,50,0
6194,-1,60,0
6194,-1,70,0
6195,-1,50,0
6195,-1,60,0
6195,-1,70,0
6196,-1,50,0
6196,-1,60,0
6196,-1,70,0
6197,-1,50,1
6197,-1,60,1
6197,-1,70,1
6198,74.19789279,50,0
6198,74.19789279,60,1
6198,74.19789279,70,1
6199,-1,50,0
6199,-1,60,0
6199,-1,70,0
6200,-1,50,0
6200,-1,60,0
6200,-1,70,1
6201,-1,50,0
6201,-1,60,0
6201,-1,70,0
6202,-1,50,0
6202,-1,60,0
6202,-1,70,0
6203,-1,50,0
6203,-1,60,0
6203,-1,70,0
6204,-1,50,0
6204,-1,60,0
6204,-1,70,0
6205,-1,50,0
6205,-1,60,0
6205,-1,70,1
6206,-1,50,0
6206,-1,60,1
6206,-1,70,1
6207,-1,50,0
6207,-1,60,1
6207,-1,70,1
6208,-1,50,0
6208,-1,60,0
6208,-1,70,0
6209,-1,50,0
6209,-1,60,0
6209,-1,70,0
6210,-1,50,0
6210,-1,60,0
6210,-1,70,1
6211,-1,50,0
6211,-1,60,0
6211,-1,70,0
6212,-1,50,0
6212,-1,60,0
6212,-1,70,0
6213,62.13680728,50,0
6213,62.13680728,60,1
6213,62.13680728,70,1
6214,78.47803775,50,1
6214,78.47803775,60,3
6214,78.47803775,70,3
6215,-1,50,0
6215,-1,60,1
6215,-1,70,1
6216,-1,50,0
6216,-1,60,0
6216,-1,70,1
6217,76.15564055,50,1
6217,76.15564055,60,1
6217,76.15564055,70,2
6218,-1,50,0
6218,-1,60,0
6218,-1,70,0
6219,66.27564648,50,1
6219,66.27564648,60,1
6219,66.27564648,70,1
6220,-1,50,0
6220,-1,60,0
6220,-1,70,0
6221,-1,50,0
6221,-1,60,0
6221,-1,70,0
6222,-1,50,0
6222,-1,60,1
6222,-1,70,1
6223,-1,50,0
6223,-1,60,0
6223,-1,70,0
6224,-1,50,0
6224,-1,60,0
6224,-1,70,0
6225,-1,50,0
6225,-1,60,0
6225,-1,70,0
6226,-1,50,0
6226,-1,60,0
6226,-1,70,0
6227,-1,50,0
6227,-1,60,0
6227,-1,70,0
6228,-1,50,0
6228,-1,60,1
6228,-1,70,1
6229,50.98143588,50,0
6229,50.98143588,60,1
6229,50.98143588,70,0
6230,-1,50,0
6230,-1,60,0
6230,-1,70,0
6231,-1,50,0
6231,-1,60,0
6231,-1,70,1
6232,-1,50,0
6232,-1,60,0
6232,-1,70,0
6233,-1,50,0
6233,-1,60,1
6233,-1,70,1
6234,-1,50,0
6234,-1,60,0
6234,-1,70,0
6235,-1,50,0
6235,-1,60,0
6235,-1,70,1
6236,-1,50,0
6236,-1,60,0
6236,-1,70,0
6237,-1,50,0
6237,-1,60,1
6237,-1,70,1
6238,-1,50,0
6238,-1,60,0
6238,-1,70,1
6239,-1,50,0
6239,-1,60,2
6239,-1,70,2
6240,-1,50,0
6240,-1,60,0
6240,-1,70,0
6241,-1,50,0
6241,-1,60,0
6241,-1,70,0
6242,-1,50,0
6242,-1,60,0
6242,-1,70,2
6243,-1,50,0
6243,-1,60,0
6243,-1,70,1
6244,-1,50,0
6244,-1,60,0
6244,-1,70,0
6245,-1,50,0
6245,-1,60,0
6245,-1,70,0
6246,48.72382489,50,1
6246,48.72382489,60,0
6246,48.72382489,70,0
6247,-1,50,0
6247,-1,60,0
6247,-1,70,0
6248,-1,50,0
6248,-1,60,0
6248,-1,70,0
6249,-1,50,0
6249,-1,60,0
6249,-1,70,0
6250,77.57667716,50,0
6250,77.57667716,60,0
6250,77.57667716,70,1
6251,-1,50,0
6251,-1,60,1
6251,-1,70,1
6252,-1,50,0
6252,-1,60,0
6252,-1,70,0
6253,-1,50,0
6253,-1,60,0
6253,-1,70,0
6254,-1,50,0
6254,-1,60,0
6254,-1,70,0
6255,-1,50,0
6255,-1,60,0
6255,-1,70,1
6256,-1,50,0
6256,-1,60,0
6256,-1,70,0
6257,-1,50,0
6257,-1,60,0
6257,-1,70,0
6258,-1,50,1
6258,-1,60,2
6258,-1,70,2
6259,-1,50,0
6259,-1,60,0
6259,-1,70,1
6260,-1,50,0
6260,-1,60,0
6260,-1,70,0
6261,67.40484676,50,0
6261,67.40484676,60,1
6261,67.40484676,70,1
6262,65.93514533,50,1
6262,65.93514533,60,1
6262,65.93514533,70,2
6263,-1,50,0
6263,-1,60,0
6263,-1,70,0
6264,-1,50,0
6264,-1,60,0
6264,-1,70,1
6265,-1,50,0
6265,-1,60,0
6265,-1,70,1
6266,-1,50,0
6266,-1,60,0
6266,-1,70,1
6267,-1,50,0
6267,-1,60,0
6267,-1,70,1
6268,-1,50,0
6268,-1,60,0
6268,-1,70,0
6269,76.39274229,50,1
6269,76.39274229,60,1
6269,76.39274229,70,2
6270,-1,50,0
6270,-1,60,0
6270,-1,70,1
6271,-1,50,0
6271,-1,60,0
6271,-1,70,0
6272,72.31329897,50,0
6272,72.31329897,60,1
6272,72.31329897,70,2
6273,69.5131782,50,0
6273,69.5131782,60,1
6273,69.5131782,70,2
6274,-1,50,0
6274,-1,60,0
6274,-1,70,0
6275,-1,50,0
6275,-1,60,0
6275,-1,70,0
6276,-1,50,0
6276,-1,60,0
6276,-1,70,0
6277,68.42114452,50,1
6277,68.42114452,60,1
6277,68.42114452,70,1
6278,-1,50,0
6278,-1,60,0
6278,-1,70,0
6279,-1,50,0
6279,-1,60,0
6279,-1,70,0
6280,-1,50,0
6280,-1,60,0
6280,-1,70,0
6281,-1,50,0
6281,-1,60,1
6281,-1,70,1
6282,-1,50,1
6282,-1,60,1
6282,-1,70,1
6283,-1,50,0
6283,-1,60,0
6283,-1,70,0
6284,-1,50,0
6284,-1,60,0
6284,-1,70,1
6285,76.8646706,50,1
6285,76.8646706,60,1
6285,76.8646706,70,2
6286,-1,50,0
6286,-1,60,1
6286,-1,70,1
6287,-1,50,0
6287,-1,60,0
6287,-1,70,1
6288,-1,50,0
6288,-1,60,1
6288,-1,70,1
6289,-1,50,0
6289,-1,60,0
6289,-1,70,0
6290,-1,50,0
6290,-1,60,0
6290,-1,70,0
6291,-1,50,0
6291,-1,60,0
6291,-1,70,0
6292,-1,50,0
6292,-1,60,0
6292,-1,70,0
6293,-1,50,0
6293,-1,60,0
6293,-1,70,0
6294,-1,50,0
6294,-1,60,0
6294,-1,70,2
6295,-1,50,0
6295,-1,60,1
6295,-1,70,1
6296,-1,50,0
6296,-1,60,0
6296,-1,70,0
6297,-1,50,0
6297,-1,60,0
6297,-1,70,0
6298,-1,50,0
6298,-1,60,0
6298,-1,70,0
6299,67.44093407,50,1
6299,67.44093407,60,2
6299,67.44093407,70,2
6300,76.13846146,50,1
6300,76.13846146,60,2
6300,76.13846146,70,2
6301,-1,50,0
6301,-1,60,0
6301,-1,70,0
6302,-1,50,0
6302,-1,60,0
6302,-1,70,3
6303,-1,50,0
6303,-1,60,0
6303,-1,70,1
6304,-1,50,0
6304,-1,60,0
6304,-1,70,1
6305,-1,50,0
6305,-1,60,0
6305,-1,70,0
6306,-1,50,0
6306,-1,60,0
6306,-1,70,0
6307,-1,50,0
6307,-1,60,0
6307,-1,70,0
6308,-1,50,0
6308,-1,60,1
6308,-1,70,1
6309,79.16941171,50,1
6309,79.16941171,60,2
6309,79.16941171,70,2
6310,-1,50,0
6310,-1,60,0
6310,-1,70,0
6311,-1,50,0
6311,-1,60,0
6311,-1,70,0
6312,-1,50,0
6312,-1,60,0
6312,-1,70,0
6313,-1,50,0
6313,-1,60,1
6313,-1,70,1
6314,-1,50,0
6314,-1,60,0
6314,-1,70,1
6315,-1,50,0
6315,-1,60,0
6315,-1,70,1
6316,-1,50,0
6316,-1,60,0
6316,-1,70,0
6317,59.07617184,50,0
6317,59.07617184,60,2
6317,59.07617184,70,0
6318,-1,50,0
6318,-1,60,1
6318,-1,70,1
6319,-1,50,0
6319,-1,60,0
6319,-1,70,0
6320,-1,50,0
6320,-1,60,0
6320,-1,70,0
6321,79.39474053,50,0
6321,79.39474053,60,0
6321,79.39474053,70,1
6322,-1,50,0
6322,-1,60,0
6322,-1,70,3
6323,-1,50,0
6323,-1,60,0
6323,-1,70,2
6324,-1,50,0
6324,-1,60,1
6324,-1,70,1
6325,-1,50,0
6325,-1,60,0
6325,-1,70,2
6326,-1,50,0
6326,-1,60,0
6326,-1,70,0
6327,-1,50,0
6327,-1,60,0
6327,-1,70,0
6328,-1,50,0
6328,-1,60,0
6328,-1,70,0
6329,-1,50,0
6329,-1,60,0
6329,-1,70,0
6330,79.42827406,50,0
6330,79.42827406,60,1
6330,79.42827406,70,2
6331,77.99389557,50,1
6331,77.99389557,60,1
6331,77.99389557,70,1
6332,-1,50,0
6332,-1,60,0
6332,-1,70,1
6333,-1,50,0
6333,-1,60,0
6333,-1,70,0
6334,54.02937902,50,0
6334,54.02937902,60,0
6334,54.02937902,70,0
6335,-1,50,0
6335,-1,60,1
6335,-1,70,1
6336,69.18186857,50,0
6336,69.18186857,60,2
6336,69.18186857,70,2
6337,73.32609651,50,0
6337,73.32609651,60,1
6337,73.32609651,70,1
6338,53.54699778,50,1
6338,53.54699778,60,1
6338,53.54699778,70,0
6339,-1,50,0
6339,-1,60,0
6339,-1,70,0
6340,-1,50,0
6340,-1,60,0
6340,-1,70,0
6341,-1,50,0
6341,-1,60,0
6341,-1,70,0
6342,-1,50,0
6342,-1,60,0
6342,-1,70,0
6343,74.72033888,50,1
6343,74.72033888,60,1
6343,74.72033888,70,3
6344,-1,50,0
6344,-1,60,1
6344,-1,70,1
6345,-1,50,0
6345,-1,60,0
6345,-1,70,0
6346,76.10156414,50,0
6346,76.10156414,60,1
6346,76.10156414,70,1
6347,53.88431105,50,1
6347,53.88431105,60,1
6347,53.88431105,70,0
6348,-1,50,0
6348,-1,60,0
6348,-1,70,0
6349,-1,50,0
6349,-1,60,0
6349,-1,70,0
6350,-1,50,0
6350,-1,60,0
6350,-1,70,0
6351,-1,50,0
6351,-1,60,0
6351,-1,70,0
6352,-1,50,0
6352,-1,60,0
6352,-1,70,0
6353,-1,50,1
6353,-1,60,2
6353,-1,70,2
6354,-1,50,0
6354,-1,60,0
6354,-1,70,0
6355,-1,50,0
6355,-1,60,0
6355,-1,70,0
6356,76.30023412,50,0
6356,76.30023412,60,2
6356,76.30023412,70,2
6357,-1,50,0
6357,-1,60,0
6357,-1,70,0
6358,-1,50,0
6358,-1,60,0
6358,-1,70,0
6359,-1,50,0
6359,-1,60,0
6359,-1,70,0
6360,-1,50,0
6360,-1,60,0
6360,-1,70,0
6361,-1,50,0
6361,-1,60,0
6361,-1,70,1
6362,-1,50,0
6362,-1,60,0
6362,-1,70,0
6363,-1,50,0
6363,-1,60,0
6363,-1,70,0
6364,-1,50,0
6364,-1,60,0
6364,-1,70,0
6365,-1,50,0
6365,-1,60,0
6365,-1,70,1
6366,-1,50,0
6366,-1,60,0
6366,-1,70,0
6367,-1,50,1
6367,-1,60,1
6367,-1,70,2
6368,-1,50,0
6368,-1,60,0
6368,-1,70,0
6369,78.13322983,50,1
6369,78.13322983,60,1
6369,78.13322983,70,1
6370,-1,50,1
6370,-1,60,1
6370,-1,70,1
6371,-1,50,0
6371,-1,60,0
6371,-1,70,0
6372,-1,50,1
6372,-1,60,1
6372,-1,70,1
6373,-1,50,0
6373,-1,60,0
6373,-1,70,0
6374,53.77857923,50,1
6374,53.77857923,60,1
6374,53.77857923,70,0
6375,-1,50,0
6375,-1,60,0
6375,-1,70,1
6376,-1,50,0
6376,-1,60,0
6376,-1,70,2
6377,-1,50,0
6377,-1,60,0
6377,-1,70,0
6378,-1,50,0
6378,-1,60,0
6378,-1,70,0
6379,-1,50,0
6379,-1,60,1
6379,-1,70,1
6380,-1,50,0
6380,-1,60,2
6380,-1,70,2
6381,-1,50,0
6381,-1,60,0
6381,-1,70,0
6382,76.52082994,50,2
6382,76.52082994,60,2
6382,76.52082994,70,2
6383,-1,50,0
6383,-1,60,0
6383,-1,70,0
6384,-1,50,0
6384,-1,60,1
6384,-1,70,1
6385,-1,50,0
6385,-1,60,0
6385,-1,70,0
6386,-1,50,0
6386,-1,60,0
6386,-1,70,0
6387,-1,50,0
6387,-1,60,0
6387,-1,70,0
6388,76.25173266,50,1
6388,76.25173266,60,1
6388,76.25173266,70,1
6389,-1,50,0
6389,-1,60,0
6389,-1,70,1
6390,-1,50,0
6390,-1,60,0
6390,-1,70,0
6391,-1,50,0
6391,-1,60,0
6391,-1,70,0
6392,-1,50,0
6392,-1,60,0
6392,-1,70,1
6393,-1,50,0
6393,-1,60,0
6393,-1,70,0
6394,-1,50,0
6394,-1,60,0
6394,-1,70,2
6395,-1,50,0
6395,-1,60,0
6395,-1,70,0
6396,-1,50,0
6396,-1,60,0
6396,-1,70,0
6397,72.01325812,50,0
6397,72.01325812,60,1
6397,72.01325812,70,2
6398,-1,50,0
6398,-1,60,1
6398,-1,70,1
6399,-1,50,0
6399,-1,60,0
6399,-1,70,0
6400,-1,50,0
6400,-1,60,0
6400,-1,70,0
6401,-1,50,0
6401,-1,60,0
6401,-1,70,0
6402,-1,50,0
6402,-1,60,0
6402,-1,70,0
6403,-1,50,0
6403,-1,60,0
6403,-1,70,0
6404,-1,50,0
6404,-1,60,0
6404,-1,70,0
6405,-1,50,0
6405,-1,60,0
6405,-1,70,0
6406,-1,50,0
6406,-1,60,0
6406,-1,70,0
6407,-1,50,0
6407,-1,60,1
6407,-1,70,1
6408,63.38400798,50,0
6408,63.38400798,60,1
6408,63.38400798,70,1
6409,-1,50,1
6409,-1,60,1
6409,-1,70,1
6410,-1,50,0
6410,-1,60,0
6410,-1,70,0
6411,-1,50,2
6411,-1,60,2
6411,-1,70,3
6412,-1,50,0
6412,-1,60,0
6412,-1,70,1
6413,-1,50,0
6413,-1,60,0
6413,-1,70,1
6414,-1,50,0
6414,-1,60,0
6414,-1,70,0
6415,-1,50,0
6415,-1,60,1
6415,-1,70,3
6416,-1,50,0
6416,-1,60,0
6416,-1,70,0
6417,73.90996856,50,0
6417,73.90996856,60,0
6417,73.90996856,70,1
6418,79.10106795,50,1
6418,79.10106795,60,1
6418,79.10106795,70,1
6419,-1,50,0
6419,-1,60,1
6419,-1,70,1
6420,-1,50,0
6420,-1,60,0
6420,-1,70,0
6421,-1,50,0
6421,-1,60,0
6421,-1,70,1
6422,-1,50,0
6422,-1,60,0
6422,-1,70,0
6423,-1,50,0
6423,-1,60,0
6423,-1,70,0
6424,77.61081352,50,0
6424,77.61081352,60,1
6424,77.61081352,70,1
6425,-1,50,0
6425,-1,60,0
6425,-1,70,0
6426,-1,50,0
6426,-1,60,1
6426,-1,70,1
6427,-1,50,0
6427,-1,60,0
6427,-1,70,1
6428,-1,50,0
6428,-1,60,0
6428,-1,70,0
6429,-1,50,1
6429,-1,60,2
6429,-1,70,2
6430,-1,50,0
6430,-1,60,0
6430,-1,70,0
6431,-1,50,0
6431,-1,60,0
6431,-1,70,0
6432,69.8086561,50,0
6432,69.8086561,60,1
6432,69.8086561,70,1
6433,65.83812103,50,0
6433,65.83812103,60,1
6433,65.83812103,70,1
6434,-1,50,1
6434,-1,60,1
6434,-1,70,3
6435,-1,50,0
6435,-1,60,0
6435,-1,70,0
6436,-1,50,0
6436,-1,60,0
6436,-1,70,0
6437,-1,50,0
6437,-1,60,0
6437,-1,70,1
6438,68.17329191,50,0
6438,68.17329191,60,1
6438,68.17329191,70,2
6439,79.28999872,50,1
6439,79.28999872,60,1
6439,79.28999872,70,1
6440,78.74416208,50,0
6440,78.74416208,60,0
6440,78.74416208,70,0
6441,-1,50,1
6441,-1,60,1
6441,-1,70,2
6442,-1,50,0
6442,-1,60,0
6442,-1,70,0
6443,-1,50,0
6443,-1,60,1
6443,-1,70,1
6444,70.52869371,50,0
6444,70.52869371,60,2
6444,70.52869371,70,2
6445,-1,50,0
6445,-1,60,0
6445,-1,70,0
6446,-1,50,0
6446,-1,60,0
6446,-1,70,0
6447,-1,50,0
6447,-1,60,0
6447,-1,70,0
6448,-1,50,0
6448,-1,60,0
6448,-1,70,0
6449,-1,50,0
6449,-1,60,0
6449,-1,70,0
6450,-1,50,0
6450,-1,60,2
6450,-1,70,2
6451,65.11407889,50,1
6451,65.11407889,60,2
6451,65.11407889,70,2
6452,-1,50,0
6452,-1,60,1
6452,-1,70,2
6453,-1,50,0
6453,-1,60,0
6453,-1,70,1
6454,-1,50,0
6454,-1,60,0
6454,-1,70,0
6455,78.19702522,50,1
6455,78.19702522,60,1
6455,78.19702522,70,1
6456,-1,50,0
6456,-1,60,0
6456,-1,70,0
6457,-1,50,0
6457,-1,60,0
6457,-1,70,0
6458,-1,50,0
6458,-1,60,0
6458,-1,70,1
6459,-1,50,0
6459,-1,60,0
6459,-1,70,0
6460,-1,50,0
6460,-1,60,0
6460,-1,70,0
6461,-1,50,0
6461,-1,60,0
6461,-1,70,0
6462,-1,50,0
6462,-1,60,0
6462,-1,70,0
6463,-1,50,0
6463,-1,60,0
6463,-1,70,1
6464,-1,50,0
6464,-1,60,0
6464,-1,70,1
6465,71.4106084,50,0
6465,71.4106084,60,0
6465,71.4106084,70,1
6466,-1,50,0
6466,-1,60,0
6466,-1,70,0
6467,-1,50,0
6467,-1,60,0
6467,-1,70,0
6468,-1,50,0
6468,-1,60,0
6468,-1,70,0
6469,-1,50,0
6469,-1,60,0
6469,-1,70,0
6470,-1,50,0
6470,-1,60,0
6470,-1,70,1
6471,-1,50,1
6471,-1,60,1
6471,-1,70,1
6472,-1,50,1
6472,-1,60,1
6472,-1,70,1
6473,69.05900452,50,1
6473,69.05900452,60,1
6473,69.05900452,70,1
6474,-1,50,0
6474,-1,60,1
6474,-1,70,3
6475,68.12879896,50,1
6475,68.12879896,60,1
6475,68.12879896,70,1
6476,-1,50,0
6476,-1,60,0
6476,-1,70,0
6477,-1,50,0
6477,-1,60,0
6477,-1,70,0
6478,-1,50,0
6478,-1,60,0
6478,-1,70,1
6479,-1,50,0
6479,-1,60,0
6479,-1,70,0
6480,-1,50,1
6480,-1,60,1
6480,-1,70,1
6481,-1,50,0
6481,-1,60,0
6481,-1,70,0
6482,-1,50,0
6482,-1,60,0
6482,-1,70,0
6483,53.93166821,50,1
6483,53.93166821,60,1
6483,53.93166821,70,0
6484,49.93287897,50,1
6484,49.93287897,60,0
6484,49.93287897,70,0
6485,-1,50,0
6485,-1,60,0
6485,-1,70,1
6486,-1,50,0
6486,-1,60,0
6486,-1,70,0
6487,-1,50,0
6487,-1,60,0
6487,-1,70,1
6488,-1,50,0
6488,-1,60,0
6488,-1,70,0
6489,-1,50,0
6489,-1,60,0
6489,-1,70,0
6490,-1,50,0
6490,-1,60,1
6490,-1,70,1
6491,75.51306313,50,1
6491,75.51306313,60,1
6491,75.51306313,70,1
6492,-1,50,0
6492,-1,60,0
6492,-1,70,0
6493,-1,50,0
6493,-1,60,0
6493,-1,70,0
6494,-1,50,0
6494,-1,60,0
6494,-1,70,0
6495,-1,50,0
6495,-1,60,1
6495,-1,70,1
6496,-1,50,0
6496,-1,60,0
6496,-1,70,0
6497,-1,50,0
6497,-1,60,0
6497,-1,70,1
6498,-1,50,0
6498,-1,60,1
6498,-1,70,1
6499,-1,50,0
6499,-1,60,0
6499,-1,70,0
6500,-1,50,0
6500,-1,60,0
6500,-1,70,0
6501,-1,50,0
6501,-1,60,0
6501,-1,70,0
6502,-1,50,0
6502,-1,60,0
6502,-1,70,0
6503,79.28822093,50,1
6503,79.28822093,60,1
6503,79.28822093,70,1
6504,-1,50,0
6504,-1,60,0
6504,-1,70,0
6505,-1,50,0
6505,-1,60,0
6505,-1,70,0
6506,-1,50,0
6506,-1,60,0
6506,-1,70,0
6507,-1,50,0
6507,-1,60,0
6507,-1,70,1
6508,-1,50,0
6508,-1,60,0
6508,-1,70,1
6509,-1,50,0
6509,-1,60,0
6509,-1,70,0
6510,-1,50,1
6510,-1,60,1
6510,-1,70,1
6511,-1,50,0
6511,-1,60,1
6511,-1,70,1
6512,-1,50,1
6512,-1,60,1
6512,-1,70,1
6513,-1,50,0
6513,-1,60,0
6513,-1,70,1
6514,-1,50,0
6514,-1,60,0
6514,-1,70,0
6515,-1,50,0
6515,-1,60,0
6515,-1,70,0
6516,-1,50,0
6516,-1,60,1
6516,-1,70,2
6517,-1,50,0
6517,-1,60,0
6517,-1,70,0
6518,-1,50,0
6518,-1,60,0
6518,-1,70,0
6519,65.3678089,50,0
6519,65.3678089,60,1
6519,65.3678089,70,3
6520,-1,50,0
6520,-1,60,0
6520,-1,70,0
6521,67.31425572,50,2
6521,67.31425572,60,2
6521,67.31425572,70,2
6522,-1,50,0
6522,-1,60,0
6522,-1,70,0
6523,-1,50,0
6523,-1,60,0
6523,-1,70,0
6524,-1,50,0
6524,-1,60,0
6524,-1,70,1
6525,78.59102374,50,1
6525,78.59102374,60,1
6525,78.59102374,70,1
6526,-1,50,0
6526,-1,60,0
6526,-1,70,1
6527,-1,50,0
6527,-1,60,0
6527,-1,70,0
6528,-1,50,0
6528,-1,60,2
6528,-1,70,3
6529,-1,50,0
6529,-1,60,0
6529,-1,70,0
6530,-1,50,0
6530,-1,60,0
6530,-1,70,1
6531,-1,50,0
6531,-1,60,0
6531,-1,70,0
6532,-1,50,0
6532,-1,60,0
6532,-1,70,0
6533,-1,50,0
6533,-1,60,0
6533,-1,70,0
6534,-1,50,0
6534,-1,60,0
6534,-1,70,0
6535,-1,50,0
6535,-1,60,0
6535,-1,70,0
6536,-1,50,0
6536,-1,60,0
6536,-1,70,1
6537,70.24302542,50,1
6537,70.24302542,60,1
6537,70.24302542,70,1
6538,-1,50,0
6538,-1,60,0
6538,-1,70,0
6539,-1,50,0
6539,-1,60,0
6539,-1,70,0
6540,-1,50,0
6540,-1,60,0
6540,-1,70,0
6541,-1,50,0
6541,-1,60,0
6541,-1,70,0
6542,71.14865846,50,0
6542,71.14865846,60,0
6542,71.14865846,70,0
6543,-1,50,0
6543,-1,60,0
6543,-1,70,0
6544,73.23241245,50,1
6544,73.23241245,60,1
6544,73.23241245,70,1
6545,-1,50,0
6545,-1,60,0
6545,-1,70,0
6546,-1,50,0
6546,-1,60,0
6546,-1,70,0
6547,-1,50,0
6547,-1,60,0
6547,-1,70,0
6548,-1,50,0
6548,-1,60,0
6548,-1,70,0
6549,-1,50,0
6549,-1,60,0
6549,-1,70,2
6550,-1,50,0
6550,-1,60,0
6550,-1,70,1
6551,-1,50,0
6551,-1,60,0
6551,-1,70,0
6552,-1,50,0
6552,-1,60,0
6552,-1,70,1
6553,63.7496901,50,0
6553,63.7496901,60,2
6553,63.7496901,70,3
6554,-1,50,0
6554,-1,60,1
6554,-1,70,1
6555,-1,50,0
6555,-1,60,0
6555,-1,70,0
6556,-1,50,0
6556,-1,60,0
6556,-1,70,1
6557,-1,50,0
6557,-1,60,0
6557,-1,70,0
6558,79.66867509,50,0
6558,79.66867509,60,0
6558,79.66867509,70,1
6559,-1,50,0
6559,-1,60,0
6559,-1,70,1
6560,-1,50,0
6560,-1,60,0
6560,-1,70,1
6561,78.37622329,50,1
6561,78.37622329,60,1
6561,78.37622329,70,1
6562,79.56305352,50,0
6562,79.56305352,60,1
6562,79.56305352,70,2
6563,-1,50,0
6563,-1,60,0
6563,-1,70,0
6564,-1,50,0
6564,-1,60,0
6564,-1,70,0
6565,-1,50,0
6565,-1,60,0
6565,-1,70,1
6566,-1,50,0
6566,-1,60,1
6566,-1,70,1
6567,-1,50,0
6567,-1,60,0
6567,-1,70,0
6568,-1,50,0
6568,-1,60,0
6568,-1,70,0
6569,-1,50,0
6569,-1,60,0
6569,-1,70,0
6570,-1,50,0
6570,-1,60,0
6570,-1,70,1
6571,-1,50,0
6571,-1,60,1
6571,-1,70,1
6572,-1,50,0
6572,-1,60,0
6572,-1,70,0
6573,-1,50,0
6573,-1,60,0
6573,-1,70,1
6574,-1,50,0
6574,-1,60,0
6574,-1,70,0
6575,-1,50,0
6575,-1,60,0
6575,-1,70,0
6576,75.69847899,50,0
6576,75.69847899,60,1
6576,75.69847899,70,1
6577,-1,50,0
6577,-1,60,0
6577,-1,70,0
6578,-1,50,0
6578,-1,60,0
6578,-1,70,0
6579,77.74920649,50,1
6579,77.74920649,60,1
6579,77.74920649,70,1
6580,71.92522883,50,0
6580,71.92522883,60,2
6580,71.92522883,70,2
6581,-1,50,0
6581,-1,60,0
6581,-1,70,0
6582,-1,50,0
6582,-1,60,0
6582,-1,70,0
6583,-1,50,0
6583,-1,60,0
6583,-1,70,0
6584,-1,50,0
6584,-1,60,0
6584,-1,70,0
6585,-1,50,0
6585,-1,60,0
6585,-1,70,3
6586,-1,50,1
6586,-1,60,1
6586,-1,70,2
6587,-1,50,1
6587,-1,60,1
6587,-1,70,2
6588,75.37410832,50,0
6588,75.37410832,60,1
6588,75.37410832,70,1
6589,-1,50,1
6589,-1,60,2
6589,-1,70,2
6590,78.8175629,50,0
6590,78.8175629,60,0
6590,78.8175629,70,3
6591,-1,50,0
6591,-1,60,0
6591,-1,70,0
6592,-1,50,1
6592,-1,60,1
6592,-1,70,1
6593,78.30233888,50,1
6593,78.30233888,60,1
6593,78.30233888,70,1
6594,-1,50,0
6594,-1,60,0
6594,-1,70,1
6595,-1,50,0
6595,-1,60,0
6595,-1,70,0
6596,-1,50,0
6596,-1,60,1
6596,-1,70,2
6597,-1,50,0
6597,-1,60,0
6597,-1,70,0
6598,64.97583831,50,0
6598,64.97583831,60,0
6598,64.97583831,70,0
6599,-1,50,0
6599,-1,60,1
6599,-1,70,1
6600,79.49433186,50,1
6600,79.49433186,60,2
6600,79.49433186,70,2
6601,-1,50,0
6601,-1,60,0
6601,-1,70,0
6602,68.76580527,50,1
6602,68.76580527,60,1
6602,68.76580527,70,2
6603,-1,50,0
6603,-1,60,0
6603,-1,70,0
6604,-1,50,0
6604,-1,60,1
6604,-1,70,1
6605,-1,50,0
6605,-1,60,0
6605,-1,70,1
6606,77.95802667,50,0
6606,77.95802667,60,0
6606,77.95802667,70,1
6607,57.76340075,50,1
6607,57.76340075,60,2
6607,57.76340075,70,0
6608,-1,50,0
6608,-1,60,0
6608,-1,70,0
6609,78.55197085,50,1
6609,78.55197085,60,2
6609,78.55197085,70,2
6610,-1,50,0
6610,-1,60,0
6610,-1,70,0
6611,-1,50,0
6611,-1,60,2
6611,-1,70,2
6612,-1,50,0
6612,-1,60,0
6612,-1,70,0
6613,-1,50,0
6613,-1,60,0
6613,-1,70,0
6614,-1,50,0
6614,-1,60,0
6614,-1,70,0
6615,-1,50,0
6615,-1,60,0
6615,-1,70,0
6616,75.64201684,50,1
6616,75.64201684,60,1
6616,75.64201684,70,1
6617,51.38237383,50,1
6617,51.38237383,60,1
6617,51.38237383,70,0
6618,-1,50,1
6618,-1,60,1
6618,-1,70,1
6619,-1,50,0
6619,-1,60,1
6619,-1,70,1
6620,36.53056851,50,1
6620,36.53056851,60,0
6620,36.53056851,70,0
6621,-1,50,1
6621,-1,60,1
6621,-1,70,2
6622,-1,50,0
6622,-1,60,0
6622,-1,70,1
6623,-1,50,0
6623,-1,60,0
6623,-1,70,0
6624,-1,50,0
6624,-1,60,0
6624,-1,70,0
6625,-1,50,0
6625,-1,60,0
6625,-1,70,0
6626,-1,50,0
6626,-1,60,0
6626,-1,70,0
6627,-1,50,0
6627,-1,60,0
6627,-1,70,0
6628,-1,50,0
6628,-1,60,0
6628,-1,70,0
6629,-1,50,0
6629,-1,60,0
6629,-1,70,0
6630,-1,50,0
6630,-1,60,0
6630,-1,70,0
6631,79.91150305,50,1
6631,79.91150305,60,2
6631,79.91150305,70,2
6632,-1,50,0
6632,-1,60,0
6632,-1,70,0
6633,79.09377699,50,0
6633,79.09377699,60,0
6633,79.09377699,70,0
6634,-1,50,0
6634,-1,60,0
6634,-1,70,0
6635,-1,50,0
6635,-1,60,0
6635,-1,70,0
6636,-1,50,0
6636,-1,60,0
6636,-1,70,0
6637,-1,50,0
6637,-1,60,0
6637,-1,70,0
6638,-1,50,0
6638,-1,60,0
6638,-1,70,0
6639,-1,50,0
6639,-1,60,0
6639,-1,70,0
6640,-1,50,0
6640,-1,60,1
6640,-1,70,1
6641,-1,50,0
6641,-1,60,0
6641,-1,70,0
6642,-1,50,1
6642,-1,60,1
6642,-1,70,1
6643,-1,50,0
6643,-1,60,0
6643,-1,70,1
6644,-1,50,0
6644,-1,60,0
6644,-1,70,0
6645,-1,50,0
6645,-1,60,0
6645,-1,70,0
6646,79.96881736,50,0
6646,79.96881736,60,0
6646,79.96881736,70,0
6647,72.34333011,50,0
6647,72.34333011,60,1
6647,72.34333011,70,2
6648,70.09421672,50,2
6648,70.09421672,60,2
6648,70.09421672,70,2
6649,-1,50,0
6649,-1,60,0
6649,-1,70,1
6650,-1,50,0
6650,-1,60,0
6650,-1,70,0
6651,-1,50,0
6651,-1,60,0
6651,-1,70,0
6652,-1,50,0
6652,-1,60,0
6652,-1,70,0
6653,-1,50,0
6653,-1,60,0
6653,-1,70,1
6654,-1,50,0
6654,-1,60,1
6654,-1,70,1
6655,-1,50,0
6655,-1,60,0
6655,-1,70,1
6656,64.05347958,50,2
6656,64.05347958,60,2
6656,64.05347958,70,2
6657,-1,50,0
6657,-1,60,0
6657,-1,70,0
6658,-1,50,0
6658,-1,60,0
6658,-1,70,0
6659,-1,50,0
6659,-1,60,0
6659,-1,70,1
6660,-1,50,0
6660,-1,60,0
6660,-1,70,0
6661,-1,50,0
6661,-1,60,0
6661,-1,70,0
6662,-1,50,0
6662,-1,60,0
6662,-1,70,0
6663,-1,50,0
6663,-1,60,0
6663,-1,70,0
6664,-1,50,0
6664,-1,60,1
6664,-1,70,1
6665,70.50312431,50,1
6665,70.50312431,60,1
6665,70.50312431,70,1
6666,-1,50,0
6666,-1,60,0
6666,-1,70,0
6667,-1,50,0
6667,-1,60,0
6667,-1,70,1
6668,-1,50,0
6668,-1,60,0
6668,-1,70,0
6669,-1,50,0
6669,-1,60,0
6669,-1,70,0
6670,-1,50,1
6670,-1,60,1
6670,-1,70,1
6671,-1,50,0
6671,-1,60,0
6671,-1,70,2
6672,-1,50,0
6672,-1,60,0
6672,-1,70,0
6673,76.61125262,50,0
6673,76.61125262,60,1
6673,76.61125262,70,2
6674,-1,50,1
6674,-1,60,1
6674,-1,70,1
6675,-1,50,0
6675,-1,60,0
6675,-1,70,0
6676,-1,50,0
6676,-1,60,0
6676,-1,70,0
6677,-1,50,0
6677,-1,60,0
6677,-1,70,0
6678,-1,50,0
6678,-1,60,0
6678,-1,70,0
6679,-1,50,0
6679,-1,60,0
6679,-1,70,0
6680,-1,50,0
6680,-1,60,0
6680,-1,70,0
6681,-1,50,0
6681,-1,60,1
6681,-1,70,1
6682,-1,50,0
6682,-1,60,0
6682,-1,70,0
6683,-1,50,1
6683,-1,60,2
6683,-1,70,2
6684,58.49753147,50,0
6684,58.49753147,60,0
6684,58.49753147,70,0
6685,-1,50,0
6685,-1,60,0
6685,-1,70,1
6686,-1,50,0
6686,-1,60,1
6686,-1,70,1
6687,-1,50,0
6687,-1,60,0
6687,-1,70,1
6688,-1,50,1
6688,-1,60,1
6688,-1,70,2
6689,-1,50,0
6689,-1,60,0
6689,-1,70,0
6690,-1,50,0
6690,-1,60,0
6690,-1,70,0
6691,-1,50,1
6691,-1,60,2
6691,-1,70,2
6692,68.52849725,50,1
6692,68.52849725,60,1
6692,68.52849725,70,1
6693,-1,50,0
6693,-1,60,1
6693,-1,70,1
6694,-1,50,1
6694,-1,60,1
6694,-1,70,1
6695,-1,50,0
6695,-1,60,0
6695,-1,70,2
6696,-1,50,0
6696,-1,60,0
6696,-1,70,0
6697,-1,50,0
6697,-1,60,0
6697,-1,70,0
6698,-1,50,0
6698,-1,60,1
6698,-1,70,1
6699,-1,50,0
6699,-1,60,0
6699,-1,70,0
6700,-1,50,0
6700,-1,60,1
6700,-1,70,1
6701,-1,50,0
6701,-1,60,0
6701,-1,70,0
6702,-1,50,0
6702,-1,60,0
6702,-1,70,0
6703,-1,50,0
6703,-1,60,0
6703,-1,70,1
6704,-1,50,0
6704,-1,60,0
6704,-1,70,0
6705,-1,50,0
6705,-1,60,1
6705,-1,70,1
6706,-1,50,1
6706,-1,60,1
6706,-1,70,1
6707,-1,50,0
6707,-1,60,0
6707,-1,70,3
6708,60.21852688,50,0
6708,60.21852688,60,1
6708,60.21852688,70,1
6709,-1,50,0
6709,-1,60,0
6709,-1,70,0
6710,-1,50,0
6710,-1,60,0
6710,-1,70,2
6711,-1,50,0
6711,-1,60,0
6711,-1,70,0
6712,-1,50,1
6712,-1,60,1
6712,-1,70,1
6713,-1,50,0
6713,-1,60,0
6713,-1,70,0
6714,-1,50,0
6714,-1,60,0
6714,-1,70,0
6715,-1,50,0
6715,-1,60,0
6715,-1,70,0
6716,-1,50,0
6716,-1,60,0
6716,-1,70,0
6717,-1,50,0
6717,-1,60,0
6717,-1,70,1
6718,-1,50,1
6718,-1,60,1
6718,-1,70,1
6719,-1,50,0
6719,-1,60,0
6719,-1,70,0
6720,-1,50,0
6720,-1,60,0
6720,-1,70,0
6721,-1,50,0
6721,-1,60,0
6721,-1,70,0
6722,-1,50,0
6722,-1,60,0
6722,-1,70,1
6723,-1,50,0
6723,-1,60,0
6723,-1,70,0
6724,-1,50,1
6724,-1,60,2
6724,-1,70,2
6725,-1,50,0
6725,-1,60,0
6725,-1,70,1
6726,-1,50,0
6726,-1,60,0
6726,-1,70,0
6727,-1,50,0
6727,-1,60,0
6727,-1,70,0
6728,-1,50,2
6728,-1,60,2
6728,-1,70,3
6729,-1,50,0
6729,-1,60,0
6729,-1,70,1
6730,58.92925643,50,0
6730,58.92925643,60,1
6730,58.92925643,70,0
6731,79.31650712,50,0
6731,79.31650712,60,1
6731,79.31650712,70,1
6732,63.66308834,50,0
6732,63.66308834,60,0
6732,63.66308834,70,1
6733,-1,50,0
6733,-1,60,0
6733,-1,70,0
6734,-1,50,0
6734,-1,60,0
6734,-1,70,0
6735,-1,50,0
6735,-1,60,0
6735,-1,70,1
6736,-1,50,0
6736,-1,60,1
6736,-1,70,1
6737,65.36424772,50,1
6737,65.36424772,60,1
6737,65.36424772,70,1
6738,-1,50,0
6738,-1,60,0
6738,-1,70,0
6739,-1,50,0
6739,-1,60,0
6739,-1,70,0
6740,-1,50,0
6740,-1,60,1
6740,-1,70,1
6741,-1,50,0
6741,-1,60,0
6741,-1,70,0
6742,-1,50,0
6742,-1,60,0
6742,-1,70,1
6743,-1,50,0
6743,-1,60,0
6743,-1,70,0
6744,-1,50,0
6744,-1,60,0
6744,-1,70,0
6745,-1,50,0
6745,-1,60,2
6745,-1,70,3
6746,-1,50,0
6746,-1,60,0
6746,-1,70,0
6747,-1,50,0
6747,-1,60,0
6747,-1,70,0
6748,-1,50,0
6748,-1,60,0
6748,-1,70,0
6749,-1,50,0
6749,-1,60,0
6749,-1,70,0
6750,-1,50,0
6750,-1,60,0
6750,-1,70,0
6751,-1,50,1
6751,-1,60,1
6751,-1,70,1
6752,-1,50,0
6752,-1,60,0
6752,-1,70,0
6753,-1,50,0
6753,-1,60,0
6753,-1,70,0
6754,-1,50,0
6754,-1,60,0
6754,-1,70,1
6755,-1,50,0
6755,-1,60,0
6755,-1,70,1
6756,-1,50,0
6756,-1,60,0
6756,-1,70,1
6757,-1,50,0
6757,-1,60,0
6757,-1,70,0
6758,-1,50,0
6758,-1,60,0
6758,-1,70,0
6759,77.03545969,50,0
6759,77.03545969,60,0
6759,77.03545969,70,2
6760,-1,50,0
6760,-1,60,0
6760,-1,70,0
6761,-1,50,0
6761,-1,60,1
6761,-1,70,1
6762,-1,50,0
6762,-1,60,0
6762,-1,70,0
6763,74.05789206,50,1
6763,74.05789206,60,1
6763,74.05789206,70,1
6764,-1,50,0
6764,-1,60,0
6764,-1,70,1
6765,69.40351306,50,1
6765,69.40351306,60,1
6765,69.40351306,70,1
6766,-1,50,0
6766,-1,60,0
6766,-1,70,0
6767,72.53184367,50,0
6767,72.53184367,60,0
6767,72.53184367,70,2
6768,-1,50,0
6768,-1,60,0
6768,-1,70,0
6769,69.49112362,50,1
6769,69.49112362,60,1
6769,69.49112362,70,1
6770,-1,50,0
6770,-1,60,0
6770,-1,70,0
6771,-1,50,0
6771,-1,60,0
6771,-1,70,1
6772,-1,50,0
6772,-1,60,1
6772,-1,70,1
6773,-1,50,0
6773,-1,60,0
6773,-1,70,0
6774,-1,50,0
6774,-1,60,0
6774,-1,70,0
6775,-1,50,0
6775,-1,60,0
6775,-1,70,0
6776,-1,50,1
6776,-1,60,1
6776,-1,70,1
6777,-1,50,0
6777,-1,60,0
6777,-1,70,0
6778,-1,50,0
6778,-1,60,0
6778,-1,70,0
6779,-1,50,0
6779,-1,60,0
6779,-1,70,0
6780,-1,50,0
6780,-1,60,0
6780,-1,70,0
6781,-1,50,0
6781,-1,60,0
6781,-1,70,0
6782,-1,50,0
6782,-1,60,0
6782,-1,70,0
6783,-1,50,0
6783,-1,60,0
6783,-1,70,0
6784,-1,50,0
6784,-1,60,0
6784,-1,70,1
6785,-1,50,0
6785,-1,60,0
6785,-1,70,0
6786,-1,50,0
6786,-1,60,0
6786,-1,70,0
6787,-1,50,0
6787,-1,60,0
6787,-1,70,0
6788,-1,50,0
6788,-1,60,0
6788,-1,70,2
6789,-1,50,0
6789,-1,60,0
6789,-1,70,0
6790,-1,50,0
6790,-1,60,0
6790,-1,70,3
6791,-1,50,0
6791,-1,60,0
6791,-1,70,0
6792,-1,50,1
6792,-1,60,1
6792,-1,70,1
6793,-1,50,0
6793,-1,60,0
6793,-1,70,1
6794,-1,50,0
6794,-1,60,1
6794,-1,70,1
6795,72.09055795,50,1
6795,72.09055795,60,2
6795,72.09055795,70,2
6796,-1,50,0
6796,-1,60,0
6796,-1,70,0
6797,-1,50,0
6797,-1,60,0
6797,-1,70,1
6798,-1,50,0
6798,-1,60,0
6798,-1,70,0
6799,69.9464978,50,1
6799,69.9464978,60,1
6799,69.9464978,70,1
6800,-1,50,0
6800,-1,60,0
6800,-1,70,0
6801,77.76330271,50,0
6801,77.76330271,60,1
6801,77.76330271,70,1
6802,-1,50,0
6802,-1,60,0
6802,-1,70,0
6803,-1,50,0
6803,-1,60,0
6803,-1,70,0
6804,-1,50,0
6804,-1,60,1
6804,-1,70,1
6805,-1,50,0
6805,-1,60,1
6805,-1,70,1
6806,-1,50,0
6806,-1,60,0
6806,-1,70,0
6807,-1,50,0
6807,-1,60,1
6807,-1,70,1
6808,-1,50,0
6808,-1,60,1
6808,-1,70,1
6809,-1,50,0
6809,-1,60,0
6809,-1,70,0
6810,-1,50,1
6810,-1,60,1
6810,-1,70,1
6811,64.08936143,50,1
6811,64.08936143,60,3
6811,64.08936143,70,3
6812,-1,50,0
6812,-1,60,0
6812,-1,70,0
6813,-1,50,0
6813,-1,60,2
6813,-1,70,2
6814,-1,50,0
6814,-1,60,0
6814,-1,70,0
6815,-1,50,0
6815,-1,60,0
6815,-1,70,0
6816,-1,50,0
6816,-1,60,0
6816,-1,70,0
6817,-1,50,0
6817,-1,60,0
6817,-1,70,1
6818,62.39078905,50,0
6818,62.39078905,60,0
6818,62.39078905,70,2
6819,78.90979095,50,1
6819,78.90979095,60,1
6819,78.90979095,70,2
6820,-1,50,0
6820,-1,60,0
6820,-1,70,0
6821,-1,50,0
6821,-1,60,0
6821,-1,70,0
6822,-1,50,0
6822,-1,60,0
6822,-1,70,0
6823,-1,50,0
6823,-1,60,0
6823,-1,70,0
6824,-1,50,0
6824,-1,60,0
6824,-1,70,0
6825,-1,50,0
6825,-1,60,1
6825,-1,70,1
6826,-1,50,0
6826,-1,60,1
6826,-1,70,1
6827,-1,50,2
6827,-1,60,2
6827,-1,70,2
6828,-1,50,0
6828,-1,60,0
6828,-1,70,0
6829,-1,50,0
6829,-1,60,0
6829,-1,70,1
6830,-1,50,0
6830,-1,60,0
6830,-1,70,0
6831,-1,50,0
6831,-1,60,0
6831,-1,70,0
6832,-1,50,0
6832,-1,60,0
6832,-1,70,1
6833,-1,50,1
6833,-1,60,1
6833,-1,70,3
6834,-1,50,0
6834,-1,60,1
6834,-1,70,1
6835,75.4709879,50,1
6835,75.4709879,60,1
6835,75.4709879,70,1
6836,-1,50,0
6836,-1,60,0
6836,-1,70,1
6837,-1,50,0
6837,-1,60,0
6837,-1,70,1
6838,-1,50,0
6838,-1,60,0
6838,-1,70,1
6839,-1,50,0
6839,-1,60,0
6839,-1,70,0
6840,56.04608639,50,0
6840,56.04608639,60,2
6840,56.04608639,70,0
6841,-1,50,0
6841,-1,60,0
6841,-1,70,0
6842,-1,50,0
6842,-1,60,0
6842,-1,70,0
6843,-1,50,0
6843,-1,60,0
6843,-1,70,0
6844,-1,50,0
6844,-1,60,0
6844,-1,70,0
6845,58.54402082,50,0
6845,58.54402082,60,0
6845,58.54402082,70,0
6846,-1,50,0
6846,-1,60,0
6846,-1,70,0
6847,-1,50,0
6847,-1,60,0
6847,-1,70,0
6848,71.60675994,50,0
6848,71.60675994,60,1
6848,71.60675994,70,1
6849,76.6580517,50,0
6849,76.6580517,60,1
6849,76.6580517,70,1
6850,-1,50,0
6850,-1,60,0
6850,-1,70,0
6851,75.66710704,50,0
6851,75.66710704,60,0
6851,75.66710704,70,1
6852,77.61835488,50,2
6852,77.61835488,60,3
6852,77.61835488,70,3
6853,65.74011404,50,1
6853,65.74011404,60,1
6853,65.74011404,70,1
6854,-1,50,0
6854,-1,60,0
6854,-1,70,0
6855,-1,50,0
6855,-1,60,0
6855,-1,70,1
6856,-1,50,0
6856,-1,60,1
6856,-1,70,2
6857,-1,50,0
6857,-1,60,0
6857,-1,70,1
6858,77.56391066,50,2
6858,77.56391066,60,2
6858,77.56391066,70,2
6859,-1,50,1
6859,-1,60,1
6859,-1,70,1
6860,-1,50,0
6860,-1,60,1
6860,-1,70,3
6861,-1,50,1
6861,-1,60,1
6861,-1,70,1
6862,-1,50,0
6862,-1,60,1
6862,-1,70,2
6863,-1,50,0
6863,-1,60,0
6863,-1,70,0
6864,-1,50,0
6864,-1,60,2
6864,-1,70,4
6865,-1,50,0
6865,-1,60,0
6865,-1,70,0
6866,-1,50,0
6866,-1,60,0
6866,-1,70,1
6867,-1,50,0
6867,-1,60,0
6867,-1,70,0
6868,-1,50,0
6868,-1,60,1
6868,-1,70,1
6869,-1,50,0
6869,-1,60,0
6869,-1,70,1
6870,69.02823864,50,1
6870,69.02823864,60,1
6870,69.02823864,70,1
6871,-1,50,0
6871,-1,60,2
6871,-1,70,2
6872,-1,50,0
6872,-1,60,0
6872,-1,70,2
6873,-1,50,0
6873,-1,60,0
6873,-1,70,0
6874,-1,50,0
6874,-1,60,0
6874,-1,70,0
6875,-1,50,0
6875,-1,60,0
6875,-1,70,0
6876,-1,50,0
6876,-1,60,0
6876,-1,70,0
6877,-1,50,0
6877,-1,60,0
6877,-1,70,2
6878,-1,50,0
6878,-1,60,0
6878,-1,70,0
6879,-1,50,0
6879,-1,60,0
6879,-1,70,1
6880,45.39216004,50,1
6880,45.39216004,60,0
6880,45.39216004,70,0
6881,-1,50,0
6881,-1,60,0
6881,-1,70,0
6882,-1,50,1
6882,-1,60,1
6882,-1,70,1
6883,76.85529755,50,0
6883,76.85529755,60,2
6883,76.85529755,70,2
6884,-1,50,0
6884,-1,60,0
6884,-1,70,0
6885,-1,50,0
6885,-1,60,1
6885,-1,70,2
6886,-1,50,0
6886,-1,60,1
6886,-1,70,1
6887,-1,50,0
6887,-1,60,0
6887,-1,70,0
6888,-1,50,0
6888,-1,60,1
6888,-1,70,1
6889,-1,50,0
6889,-1,60,0
6889,-1,70,0
6890,-1,50,0
6890,-1,60,0
6890,-1,70,0
6891,-1,50,0
6891,-1,60,0
6891,-1,70,0
6892,68.88676089,50,0
6892,68.88676089,60,1
6892,68.88676089,70,1
6893,-1,50,1
6893,-1,60,1
6893,-1,70,2
6894,-1,50,0
6894,-1,60,0
6894,-1,70,0
6895,-1,50,0
6895,-1,60,0
6895,-1,70,0
6896,-1,50,0
6896,-1,60,1
6896,-1,70,1
6897,54.77629605,50,2
6897,54.77629605,60,2
6897,54.77629605,70,0
6898,-1,50,0
6898,-1,60,1
6898,-1,70,1
6899,68.05512053,50,1
6899,68.05512053,60,1
6899,68.05512053,70,1
6900,-1,50,0
6900,-1,60,0
6900,-1,70,0
6901,-1,50,0
6901,-1,60,0
6901,-1,70,0
6902,-1,50,1
6902,-1,60,2
6902,-1,70,2
6903,-1,50,0
6903,-1,60,0
6903,-1,70,0
6904,-1,50,0
6904,-1,60,0
6904,-1,70,0
6905,-1,50,0
6905,-1,60,0
6905,-1,70,0
6906,-1,50,0
6906,-1,60,0
6906,-1,70,0
6907,-1,50,0
6907,-1,60,0
6907,-1,70,0
6908,-1,50,0
6908,-1,60,0
6908,-1,70,1
6909,-1,50,0
6909,-1,60,0
6909,-1,70,0
6910,61.23744799,50,0
6910,61.23744799,60,0
6910,61.23744799,70,2
6911,-1,50,0
6911,-1,60,0
6911,-1,70,0
6912,76.52916519,50,1
6912,76.52916519,60,1
6912,76.52916519,70,1
6913,-1,50,0
6913,-1,60,0
6913,-1,70,1
6914,-1,50,0
6914,-1,60,0
6914,-1,70,0
6915,-1,50,0
6915,-1,60,0
6915,-1,70,0
6916,-1,50,0
6916,-1,60,1
6916,-1,70,1
6917,69.44116223,50,1
6917,69.44116223,60,1
6917,69.44116223,70,1
6918,-1,50,0
6918,-1,60,0
6918,-1,70,0
6919,-1,50,0
6919,-1,60,0
6919,-1,70,0
6920,-1,50,0
6920,-1,60,0
6920,-1,70,1
6921,-1,50,0
6921,-1,60,0
6921,-1,70,1
6922,-1,50,0
6922,-1,60,0
6922,-1,70,0
6923,-1,50,0
6923,-1,60,0
6923,-1,70,0
6924,-1,50,0
6924,-1,60,0
6924,-1,70,0
6925,53.56363139,50,1
6925,53.56363139,60,1
6925,53.56363139,70,0
6926,-1,50,0
6926,-1,60,0
6926,-1,70,0
6927,-1,50,0
6927,-1,60,1
6927,-1,70,1
6928,-1,50,0
6928,-1,60,0
6928,-1,70,0
6929,-1,50,0
6929,-1,60,0
6929,-1,70,0
6930,-1,50,0
6930,-1,60,0
6930,-1,70,0
6931,-1,50,0
6931,-1,60,0
6931,-1,70,0
6932,-1,50,0
6932,-1,60,0
6932,-1,70,0
6933,-1,50,0
6933,-1,60,0
6933,-1,70,0
6934,76.24921641,50,0
6934,76.24921641,60,0
6934,76.24921641,70,1
6935,52.31474218,50,0
6935,52.31474218,60,1
6935,52.31474218,70,0
6936,-1,50,0
6936,-1,60,0
6936,-1,70,0
6937,-1,50,0
6937,-1,60,0
6937,-1,70,0
6938,-1,50,0
6938,-1,60,0
6938,-1,70,0
6939,-1,50,0
6939,-1,60,2
6939,-1,70,2
6940,-1,50,0
6940,-1,60,0
6940,-1,70,0
6941,-1,50,0
6941,-1,60,0
6941,-1,70,0
6942,-1,50,0
6942,-1,60,0
6942,-1,70,0
6943,-1,50,0
6943,-1,60,0
6943,-1,70,2
6944,73.7160126,50,0
6944,73.7160126,60,0
6944,73.7160126,70,1
6945,-1,50,0
6945,-1,60,0
6945,-1,70,0
6946,-1,50,0
6946,-1,60,0
6946,-1,70,0
6947,-1,50,0
6947,-1,60,0
6947,-1,70,1
6948,79.07053958,50,0
6948,79.07053958,60,1
6948,79.07053958,70,1
6949,-1,50,0
6949,-1,60,0
6949,-1,70,0
6950,-1,50,0
6950,-1,60,1
6950,-1,70,1
6951,-1,50,0
6951,-1,60,0
6951,-1,70,0
6952,73.37196883,50,1
6952,73.37196883,60,1
6952,73.37196883,70,1
6953,-1,50,0
6953,-1,60,0
6953,-1,70,0
6954,76.19611543,50,0
6954,76.19611543,60,1
6954,76.19611543,70,1
6955,-1,50,0
6955,-1,60,0
6955,-1,70,0
6956,-1,50,0
6956,-1,60,1
6956,-1,70,2
6957,-1,50,1
6957,-1,60,1
6957,-1,70,1
6958,-1,50,0
6958,-1,60,0
6958,-1,70,0
6959,-1,50,0
6959,-1,60,0
6959,-1,70,0
6960,-1,50,0
6960,-1,60,0
6960,-1,70,2
6961,-1,50,0
6961,-1,60,1
6961,-1,70,1
6962,-1,50,0
6962,-1,60,0
6962,-1,70,0
6963,-1,50,0
6963,-1,60,0
6963,-1,70,2
6964,-1,50,0
6964,-1,60,0
6964,-1,70,0
6965,72.18720665,50,1
6965,72.18720665,60,1
6965,72.18720665,70,2
6966,-1,50,0
6966,-1,60,0
6966,-1,70,0
6967,-1,50,0
6967,-1,60,0
6967,-1,70,1
6968,-1,50,0
6968,-1,60,0
6968,-1,70,0
6969,78.98563441,50,2
6969,78.98563441,60,2
6969,78.98563441,70,2
6970,60.56175523,50,1
6970,60.56175523,60,1
6970,60.56175523,70,2
6971,-1,50,0
6971,-1,60,0
6971,-1,70,0
6972,-1,50,1
6972,-1,60,2
6972,-1,70,2
6973,-1,50,0
6973,-1,60,0
6973,-1,70,0
6974,68.26970984,50,1
6974,68.26970984,60,1
6974,68.26970984,70,1
6975,70.15672502,50,0
6975,70.15672502,60,1
6975,70.15672502,70,1
6976,-1,50,0
6976,-1,60,1
6976,-1,70,1
6977,-1,50,0
6977,-1,60,0
6977,-1,70,0
6978,-1,50,0
6978,-1,60,0
6978,-1,70,0
6979,-1,50,0
6979,-1,60,0
6979,-1,70,0
6980,-1,50,0
6980,-1,60,0
6980,-1,70,0
6981,-1,50,0
6981,-1,60,0
6981,-1,70,0
6982,75.35040588,50,1
6982,75.35040588,60,1
6982,75.35040588,70,1
6983,-1,50,0
6983,-1,60,0
6983,-1,70,1
6984,67.85826863,50,0
6984,67.85826863,60,0
6984,67.85826863,70,1
6985,-1,50,0
6985,-1,60,1
6985,-1,70,1
6986,-1,50,0
6986,-1,60,0
6986,-1,70,0
6987,-1,50,0
6987,-1,60,0
6987,-1,70,0
6988,-1,50,0
6988,-1,60,0
6988,-1,70,0
6989,64.09326228,50,1
6989,64.09326228,60,1
6989,64.09326228,70,2
6990,-1,50,0
6990,-1,60,0
6990,-1,70,1
6991,-1,50,0
6991,-1,60,0
6991,-1,70,1
6992,-1,50,0
6992,-1,60,0
6992,-1,70,0
6993,-1,50,0
6993,-1,60,0
6993,-1,70,0
6994,-1,50,0
6994,-1,60,0
6994,-1,70,0
6995,-1,50,0
6995,-1,60,0
6995,-1,70,0
6996,-1,50,0
6996,-1,60,0
6996,-1,70,1
6997,-1,50,0
6997,-1,60,0
6997,-1,70,0
6998,-1,50,0
6998,-1,60,0
6998,-1,70,0
6999,75.54864389,50,0
6999,75.54864389,60,1
6999,75.54864389,70,1
7000,-1,50,0
7000,-1,60,0
7000,-1,70,0
7001,-1,50,0
7001,-1,60,0
7001,-1,70,1
7002,66.47442986,50,0
7002,66.47442986,60,1
7002,66.47442986,70,1
7003,67.17142877,50,1
7003,67.17142877,60,2
7003,67.17142877,70,2
7004,-1,50,0
7004,-1,60,0
7004,-1,70,0
7005,-1,50,0
7005,-1,60,0
7005,-1,70,0
7006,-1,50,0
7006,-1,60,0
7006,-1,70,1
7007,-1,50,1
7007,-1,60,1
7007,-1,70,1
7008,-1,50,0
7008,-1,60,0
7008,-1,70,0
7009,-1,50,0
7009,-1,60,0
7009,-1,70,0
7010,-1,50,1
7010,-1,60,1
7010,-1,70,1
7011,-1,50,0
7011,-1,60,0
7011,-1,70,1
7012,59.14635215,50,1
7012,59.14635215,60,1
7012,59.14635215,70,0
7013,77.95268278,50,0
7013,77.95268278,60,1
7013,77.95268278,70,1
7014,-1,50,0
7014,-1,60,1
7014,-1,70,1
7015,-1,50,0
7015,-1,60,0
7015,-1,70,0
7016,-1,50,0
7016,-1,60,0
7016,-1,70,0
7017,-1,50,0
7017,-1,60,0
7017,-1,70,0
7018,67.6569549,50,1
7018,67.6569549,60,1
7018,67.6569549,70,1
7019,-1,50,0
7019,-1,60,0
7019,-1,70,1
7020,-1,50,0
7020,-1,60,0
7020,-1,70,0
7021,-1,50,1
7021,-1,60,1
7021,-1,70,2
7022,-1,50,0
7022,-1,60,1
7022,-1,70,1
7023,-1,50,0
7023,-1,60,0
7023,-1,70,0
7024,-1,50,0
7024,-1,60,0
7024,-1,70,0
7025,67.71126758,50,2
7025,67.71126758,60,3
7025,67.71126758,70,3
7026,-1,50,0
7026,-1,60,0
7026,-1,70,0
7027,-1,50,0
7027,-1,60,0
7027,-1,70,1
7028,-1,50,0
7028,-1,60,0
7028,-1,70,0
7029,-1,50,0
7029,-1,60,0
7029,-1,70,0
7030,-1,50,0
7030,-1,60,0
7030,-1,70,0
7031,79.1173974,50,1
7031,79.1173974,60,2
7031,79.1173974,70,2
7032,-1,50,1
7032,-1,60,1
7032,-1,70,1
7033,-1,50,0
7033,-1,60,2
7033,-1,70,2
7034,-1,50,0
7034,-1,60,1
7034,-1,70,2
7035,-1,50,0
7035,-1,60,1
7035,-1,70,1
7036,-1,50,0
7036,-1,60,0
7036,-1,70,0
7037,-1,50,0
7037,-1,60,0
7037,-1,70,0
7038,-1,50,0
7038,-1,60,0
7038,-1,70,0
7039,62.91971562,50,1
7039,62.91971562,60,1
7039,62.91971562,70,1
7040,-1,50,0
7040,-1,60,0
7040,-1,70,0
7041,-1,50,0
7041,-1,60,0
7041,-1,70,1
7042,-1,50,0
7042,-1,60,1
7042,-1,70,1
7043,-1,50,0
7043,-1,60,0
7043,-1,70,0
7044,-1,50,0
7044,-1,60,0
7044,-1,70,0
7045,-1,50,0
7045,-1,60,0
7045,-1,70,0
7046,-1,50,0
7046,-1,60,1
7046,-1,70,1
7047,-1,50,0
7047,-1,60,0
7047,-1,70,0
7048,-1,50,0
7048,-1,60,0
7048,-1,70,0
7049,-1,50,0
7049,-1,60,0
7049,-1,70,0
7050,79.19037862,50,1
7050,79.19037862,60,1
7050,79.19037862,70,2
7051,-1,50,0
7051,-1,60,0
7051,-1,70,0
7052,-1,50,0
7052,-1,60,0
7052,-1,70,0
7053,71.3390791,50,0
7053,71.3390791,60,0
7053,71.3390791,70,0
7054,-1,50,0
7054,-1,60,0
7054,-1,70,0
7055,-1,50,0
7055,-1,60,0
7055,-1,70,1
7056,68.01502435,50,0
7056,68.01502435,60,1
7056,68.01502435,70,2
7057,61.95286814,50,0
7057,61.95286814,60,2
7057,61.95286814,70,3
7058,-1,50,0
7058,-1,60,1
7058,-1,70,1
7059,-1,50,0
7059,-1,60,0
7059,-1,70,0
7060,-1,50,1
7060,-1,60,1
7060,-1,70,1
7061,-1,50,0
7061,-1,60,0
7061,-1,70,1
7062,-1,50,0
7062,-1,60,0
7062,-1,70,0
7063,66.47901882,50,1
7063,66.47901882,60,1
7063,66.47901882,70,1
7064,-1,50,0
7064,-1,60,0
7064,-1,70,0
7065,-1,50,0
7065,-1,60,0
7065,-1,70,0
7066,-1,50,0
7066,-1,60,0
7066,-1,70,2
7067,-1,50,0
7067,-1,60,0
7067,-1,70,0
7068,-1,50,0
7068,-1,60,0
7068,-1,70,0
7069,-1,50,0
7069,-1,60,0
7069,-1,70,1
7070,-1,50,0
7070,-1,60,1
7070,-1,70,1
7071,-1,50,0
7071,-1,60,0
7071,-1,70,1
7072,-1,50,1
7072,-1,60,1
7072,-1,70,2
7073,-1,50,0
7073,-1,60,0
7073,-1,70,0
7074,-1,50,0
7074,-1,60,0
7074,-1,70,0
7075,-1,50,0
7075,-1,60,0
7075,-1,70,0
7076,-1,50,0
7076,-1,60,0
7076,-1,70,1
7077,-1,50,0
7077,-1,60,0
7077,-1,70,1
7078,-1,50,0
7078,-1,60,0
7078,-1,70,0
7079,-1,50,0
7079,-1,60,2
7079,-1,70,3
7080,-1,50,0
7080,-1,60,0
7080,-1,70,0
7081,74.10931414,50,0
7081,74.10931414,60,0
7081,74.10931414,70,1
7082,-1,50,0
7082,-1,60,1
7082,-1,70,1
7083,38.60505376,50,0
7083,38.60505376,60,0
7083,38.60505376,70,0
7084,-1,50,0
7084,-1,60,0
7084,-1,70,0
7085,77.00202958,50,0
7085,77.00202958,60,1
7085,77.00202958,70,1
7086,-1,50,0
7086,-1,60,0
7086,-1,70,0
7087,-1,50,0
7087,-1,60,0
7087,-1,70,1
7088,-1,50,1
7088,-1,60,2
7088,-1,70,2
7089,-1,50,0
7089,-1,60,0
7089,-1,70,0
7090,-1,50,0
7090,-1,60,0
7090,-1,70,0
7091,-1,50,0
7091,-1,60,1
7091,-1,70,2
7092,75.59966198,50,1
7092,75.59966198,60,2
7092,75.59966198,70,2
7093,-1,50,0
7093,-1,60,0
7093,-1,70,0
7094,-1,50,1
7094,-1,60,1
7094,-1,70,1
7095,-1,50,1
7095,-1,60,2
7095,-1,70,2
7096,-1,50,0
7096,-1,60,0
7096,-1,70,0
7097,-1,50,0
7097,-1,60,0
7097,-1,70,0
7098,-1,50,0
7098,-1,60,0
7098,-1,70,0
7099,-1,50,0
7099,-1,60,0
7099,-1,70,1
7100,-1,50,0
7100,-1,60,0
7100,-1,70,0
7101,74.5145365,50,1
7101,74.5145365,60,1
7101,74.5145365,70,1
7102,-1,50,1
7102,-1,60,1
7102,-1,70,1
7103,-1,50,0
7103,-1,60,2
7103,-1,70,2
7104,-1,50,0
7104,-1,60,1
7104,-1,70,2
7105,58.66373696,50,0
7105,58.66373696,60,0
7105,58.66373696,70,0
7106,-1,50,0
7106,-1,60,1
7106,-1,70,2
7107,-1,50,0
7107,-1,60,0
7107,-1,70,0
7108,-1,50,0
7108,-1,60,0
7108,-1,70,1
7109,73.7490345,50,1
7109,73.7490345,60,1
7109,73.7490345,70,1
7110,74.80115325,50,0
7110,74.80115325,60,1
7110,74.80115325,70,1
7111,68.14385399,50,1
7111,68.14385399,60,1
7111,68.14385399,70,1
7112,-1,50,0
7112,-1,60,0
7112,-1,70,1
7113,69.65450427,50,1
7113,69.65450427,60,3
7113,69.65450427,70,3
7114,-1,50,0
7114,-1,60,0
7114,-1,70,0
7115,-1,50,0
7115,-1,60,1
7115,-1,70,1
7116,-1,50,0
7116,-1,60,0
7116,-1,70,0
7117,-1,50,0
7117,-1,60,0
7117,-1,70,0
7118,-1,50,0
7118,-1,60,0
7118,-1,70,0
7119,-1,50,0
7119,-1,60,1
7119,-1,70,1
7120,-1,50,0
7120,-1,60,0
7120,-1,70,0
7121,-1,50,0
7121,-1,60,0
7121,-1,70,0
7122,58.30046896,50,1
7122,58.30046896,60,1
7122,58.30046896,70,0
7123,-1,50,0
7123,-1,60,0
7123,-1,70,0
7124,-1,50,0
7124,-1,60,0
7124,-1,70,0
7125,-1,50,0
7125,-1,60,0
7125,-1,70,1
7126,-1,50,0
7126,-1,60,0
7126,-1,70,0
7127,-1,50,0
7127,-1,60,0
7127,-1,70,0
7128,-1,50,0
7128,-1,60,0
7128,-1,70,1
7129,-1,50,1
7129,-1,60,1
7129,-1,70,1
7130,-1,50,0
7130,-1,60,0
7130,-1,70,0
7131,-1,50,0
7131,-1,60,0
7131,-1,70,0
7132,-1,50,0
7132,-1,60,0
7132,-1,70,0
7133,-1,50,0
7133,-1,60,0
7133,-1,70,1
7134,-1,50,0
7134,-1,60,0
7134,-1,70,0
7135,64.11279009,50,1
7135,64.11279009,60,1
7135,64.11279009,70,1
7136,-1,50,0
7136,-1,60,0
7136,-1,70,1
7137,-1,50,0
7137,-1,60,0
7137,-1,70,0
7138,-1,50,0
7138,-1,60,0
7138,-1,70,0
7139,48.10461654,50,1
7139,48.10461654,60,0
7139,48.10461654,70,0
7140,-1,50,0
7140,-1,60,0
7140,-1,70,0
7141,-1,50,0
7141,-1,60,0
7141,-1,70,0
7142,-1,50,0
7142,-1,60,2
7142,-1,70,2
7143,-1,50,0
7143,-1,60,0
7143,-1,70,0
7144,-1,50,0
7144,-1,60,0
7144,-1,70,1
7145,-1,50,0
7145,-1,60,0
7145,-1,70,0
7146,-1,50,0
7146,-1,60,0
7146,-1,70,0
7147,-1,50,0
7147,-1,60,0
7147,-1,70,0
7148,-1,50,0
7148,-1,60,0
7148,-1,70,0
7149,-1,50,0
7149,-1,60,0
7149,-1,70,1
7150,-1,50,0
7150,-1,60,0
7150,-1,70,0
7151,-1,50,0
7151,-1,60,0
7151,-1,70,1
7152,-1,50,0
7152,-1,60,1
7152,-1,70,1
7153,-1,50,0
7153,-1,60,0
7153,-1,70,1
7154,-1,50,0
7154,-1,60,0
7154,-1,70,1
7155,-1,50,0
7155,-1,60,1
7155,-1,70,1
7156,-1,50,0
7156,-1,60,0
7156,-1,70,0
7157,-1,50,0
7157,-1,60,0
7157,-1,70,0
7158,-1,50,2
7158,-1,60,2
7158,-1,70,2
7159,-1,50,0
7159,-1,60,1
7159,-1,70,2
7160,55.51580261,50,0
7160,55.51580261,60,1
7160,55.51580261,70,0
7161,-1,50,0
7161,-1,60,0
7161,-1,70,0
7162,-1,50,0
7162,-1,60,0
7162,-1,70,0
7163,79.66889238,50,0
7163,79.66889238,60,0
7163,79.66889238,70,0
7164,-1,50,0
7164,-1,60,0
7164,-1,70,0
7165,-1,50,1
7165,-1,60,1
7165,-1,70,2
7166,75.8533171,50,0
7166,75.8533171,60,0
7166,75.8533171,70,0
7167,-1,50,1
7167,-1,60,2
7167,-1,70,2
7168,-1,50,0
7168,-1,60,0
7168,-1,70,0
7169,-1,50,0
7169,-1,60,0
7169,-1,70,0
7170,-1,50,0
7170,-1,60,1
7170,-1,70,1
7171,-1,50,0
7171,-1,60,0
7171,-1,70,0
7172,-1,50,0
7172,-1,60,0
7172,-1,70,0
7173,-1,50,0
7173,-1,60,0
7173,-1,70,0
7174,50.12054834,50,2
7174,50.12054834,60,2
7174,50.12054834,70,0
7175,-1,50,0
7175,-1,60,0
7175,-1,70,0
7176,-1,50,0
7176,-1,60,1
7176,-1,70,1
7177,-1,50,0
7177,-1,60,0
7177,-1,70,0
7178,-1,50,0
7178,-1,60,0
7178,-1,70,0
7179,-1,50,0
7179,-1,60,0
7179,-1,70,0
7180,-1,50,0
7180,-1,60,0
7180,-1,70,0
7181,-1,50,0
7181,-1,60,2
7181,-1,70,2
7182,44.98688743,50,2
7182,44.98688743,60,0
7182,44.98688743,70,0
7183,-1,50,0
7183,-1,60,0
7183,-1,70,0
7184,-1,50,0
7184,-1,60,0
7184,-1,70,0
7185,50.80398934,50,0
7185,50.80398934,60,1
7185,50.80398934,70,0
7186,67.86422892,50,1
7186,67.86422892,60,1
7186,67.86422892,70,1
7187,79.61809733,50,1
7187,79.61809733,60,1
7187,79.61809733,70,1
7188,-1,50,0
7188,-1,60,1
7188,-1,70,2
7189,-1,50,0
7189,-1,60,0
7189,-1,70,0
7190,-1,50,0
7190,-1,60,0
7190,-1,70,0
7191,-1,50,0
7191,-1,60,0
7191,-1,70,2
7192,-1,50,0
7192,-1,60,0
7192,-1,70,0
7193,68.35305958,50,3
7193,68.35305958,60,3
7193,68.35305958,70,3
7194,-1,50,0
7194,-1,60,0
7194,-1,70,0
7195,-1,50,0
7195,-1,60,0
7195,-1,70,0
7196,75.49923833,50,1
7196,75.49923833,60,1
7196,75.49923833,70,1
7197,-1,50,0
7197,-1,60,0
7197,-1,70,0
7198,-1,50,0
7198,-1,60,0
7198,-1,70,1
7199,75.40982253,50,0
7199,75.40982253,60,0
7199,75.40982253,70,0
7200,-1,50,0
7200,-1,60,0
7200,-1,70,0
7201,-1,50,0
7201,-1,60,0
7201,-1,70,0
7202,-1,50,0
7202,-1,60,0
7202,-1,70,0
7203,-1,50,0
7203,-1,60,0
7203,-1,70,0
7204,-1,50,0
7204,-1,60,1
7204,-1,70,1
7205,-1,50,0
7205,-1,60,0
7205,-1,70,0
7206,79.88942996,50,0
7206,79.88942996,60,3
7206,79.88942996,70,4
7207,-1,50,0
7207,-1,60,0
7207,-1,70,0
7208,-1,50,1
7208,-1,60,1
7208,-1,70,1
7209,-1,50,0
7209,-1,60,0
7209,-1,70,0
7210,-1,50,0
7210,-1,60,0
7210,-1,70,0
7211,-1,50,0
7211,-1,60,0
7211,-1,70,0
7212,-1,50,0
7212,-1,60,0
7212,-1,70,0
7213,78.22620171,50,0
7213,78.22620171,60,1
7213,78.22620171,70,2
7214,73.27631631,50,0
7214,73.27631631,60,0
7214,73.27631631,70,2
7215,-1,50,0
7215,-1,60,0
7215,-1,70,0
7216,-1,50,0
7216,-1,60,1
7216,-1,70,1
7217,-1,50,0
7217,-1,60,0
7217,-1,70,0
7218,-1,50,0
7218,-1,60,0
7218,-1,70,0
7219,-1,50,0
7219,-1,60,0
7219,-1,70,0
7220,-1,50,1
7220,-1,60,2
7220,-1,70,2
7221,-1,50,0
7221,-1,60,0
7221,-1,70,0
7222,69.48678482,50,0
7222,69.48678482,60,1
7222,69.48678482,70,1
7223,-1,50,0
7223,-1,60,0
7223,-1,70,0
7224,-1,50,0
7224,-1,60,1
7224,-1,70,1
7225,-1,50,0
7225,-1,60,0
7225,-1,70,0
7226,-1,50,0
7226,-1,60,1
7226,-1,70,1
7227,-1,50,0
7227,-1,60,0
7227,-1,70,0
7228,-1,50,0
7228,-1,60,1
7228,-1,70,1
7229,-1,50,0
7229,-1,60,0
7229,-1,70,0
7230,-1,50,0
7230,-1,60,0
7230,-1,70,0
7231,-1,50,0
7231,-1,60,0
7231,-1,70,0
7232,-1,50,0
7232,-1,60,1
7232,-1,70,2
7233,-1,50,0
7233,-1,60,1
7233,-1,70,1
7234,-1,50,0
7234,-1,60,0
7234,-1,70,1
7235,-1,50,0
7235,-1,60,0
7235,-1,70,0
7236,79.16800657,50,1
7236,79.16800657,60,1
7236,79.16800657,70,2
7237,-1,50,1
7237,-1,60,2
7237,-1,70,2
7238,78.72105151,50,0
7238,78.72105151,60,0
7238,78.72105151,70,1
7239,-1,50,0
7239,-1,60,0
7239,-1,70,0
7240,-1,50,0
7240,-1,60,0
7240,-1,70,0
7241,-1,50,0
7241,-1,60,0
7241,-1,70,0
7242,-1,50,0
7242,-1,60,0
7242,-1,70,0
7243,-1,50,0
7243,-1,60,0
7243,-1,70,0
7244,-1,50,0
7244,-1,60,0
7244,-1,70,0
7245,-1,50,0
7245,-1,60,0
7245,-1,70,0
7246,73.25957809,50,0
7246,73.25957809,60,0
7246,73.25957809,70,1
7247,-1,50,0
7247,-1,60,0
7247,-1,70,0
7248,72.45706074,50,1
7248,72.45706074,60,1
7248,72.45706074,70,1
7249,-1,50,0
7249,-1,60,0
7249,-1,70,0
7250,-1,50,0
7250,-1,60,1
7250,-1,70,1
7251,-1,50,0
7251,-1,60,0
7251,-1,70,1
7252,-1,50,0
7252,-1,60,0
7252,-1,70,0
7253,-1,50,0
7253,-1,60,0
7253,-1,70,1
7254,-1,50,0
7254,-1,60,1
7254,-1,70,1
7255,75.364733,50,1
7255,75.364733,60,1
7255,75.364733,70,1
7256,-1,50,0
7256,-1,60,0
7256,-1,70,0
7257,-1,50,1
7257,-1,60,1
7257,-1,70,2
7258,-1,50,0
7258,-1,60,0
7258,-1,70,0
7259,-1,50,1
7259,-1,60,1
7259,-1,70,1
7260,-1,50,1
7260,-1,60,2
7260,-1,70,2
7261,-1,50,0
7261,-1,60,0
7261,-1,70,0
7262,-1,50,0
7262,-1,60,0
7262,-1,70,1
7263,53.47847245,50,1
7263,53.47847245,60,2
7263,53.47847245,70,0
7264,-1,50,0
7264,-1,60,3
7264,-1,70,3
7265,-1,50,0
7265,-1,60,0
7265,-1,70,0
7266,-1,50,0
7266,-1,60,0
7266,-1,70,2
7267,-1,50,0
7267,-1,60,3
7267,-1,70,5
7268,-1,50,0
7268,-1,60,1
7268,-1,70,1
7269,58.38240339,50,1
7269,58.38240339,60,2
7269,58.38240339,70,0
7270,76.39155087,50,0
7270,76.39155087,60,0
7270,76.39155087,70,0
7271,-1,50,0
7271,-1,60,0
7271,-1,70,0
7272,68.9689643,50,1
7272,68.9689643,60,1
7272,68.9689643,70,3
7273,-1,50,0
7273,-1,60,1
7273,-1,70,1
7274,-1,50,0
7274,-1,60,0
7274,-1,70,0
7275,-1,50,0
7275,-1,60,0
7275,-1,70,1
7276,-1,50,0
7276,-1,60,0
7276,-1,70,0
7277,-1,50,0
7277,-1,60,0
7277,-1,70,0
7278,61.49762714,50,1
7278,61.49762714,60,1
7278,61.49762714,70,2
7279,-1,50,0
7279,-1,60,1
7279,-1,70,2
7280,-1,50,0
7280,-1,60,0
7280,-1,70,0
7281,-1,50,0
7281,-1,60,1
7281,-1,70,3
7282,-1,50,0
7282,-1,60,0
7282,-1,70,0
7283,-1,50,0
7283,-1,60,0
7283,-1,70,0
7284,-1,50,0
7284,-1,60,0
7284,-1,70,0
7285,-1,50,0
7285,-1,60,0
7285,-1,70,0
7286,69.667052,50,0
7286,69.667052,60,0
7286,69.667052,70,0
7287,-1,50,0
7287,-1,60,1
7287,-1,70,1
7288,-1,50,0
7288,-1,60,0
7288,-1,70,0
7289,-1,50,0
7289,-1,60,0
7289,-1,70,0
7290,-1,50,1
7290,-1,60,1
7290,-1,70,1
7291,-1,50,0
7291,-1,60,0
7291,-1,70,0
7292,-1,50,0
7292,-1,60,0
7292,-1,70,0
7293,-1,50,0
7293,-1,60,0
7293,-1,70,0
7294,-1,50,0
7294,-1,60,2
7294,-1,70,2
7295,-1,50,0
7295,-1,60,0
7295,-1,70,0
7296,-1,50,0
7296,-1,60,0
7296,-1,70,0
7297,-1,50,0
7297,-1,60,0
7297,-1,70,0
7298,54.98021164,50,0
7298,54.98021164,60,0
7298,54.98021164,70,0
7299,-1,50,0
7299,-1,60,1
7299,-1,70,2
7300,-1,50,0
7300,-1,60,0
7300,-1,70,0
7301,-1,50,0
7301,-1,60,0
7301,-1,70,0
7302,-1,50,0
7302,-1,60,2
7302,-1,70,2
7303,-1,50,0
7303,-1,60,0
7303,-1,70,1
7304,-1,50,0
7304,-1,60,1
7304,-1,70,1
7305,-1,50,0
7305,-1,60,0
7305,-1,70,0
7306,-1,50,0
7306,-1,60,0
7306,-1,70,0
7307,-1,50,0
7307,-1,60,1
7307,-1,70,2
7308,-1,50,0
7308,-1,60,0
7308,-1,70,0
7309,-1,50,0
7309,-1,60,0
7309,-1,70,0
7310,65.51190909,50,1
7310,65.51190909,60,4
7310,65.51190909,70,5
7311,-1,50,0
7311,-1,60,0
7311,-1,70,0
7312,-1,50,0
7312,-1,60,1
7312,-1,70,1
7313,-1,50,0
7313,-1,60,1
7313,-1,70,1
7314,-1,50,1
7314,-1,60,1
7314,-1,70,1
7315,-1,50,0
7315,-1,60,0
7315,-1,70,0
7316,-1,50,0
7316,-1,60,0
7316,-1,70,1
7317,-1,50,0
7317,-1,60,0
7317,-1,70,0
7318,-1,50,0
7318,-1,60,0
7318,-1,70,0
7319,-1,50,0
7319,-1,60,0
7319,-1,70,0
7320,-1,50,0
7320,-1,60,0
7320,-1,70,1
7321,-1,50,0
7321,-1,60,0
7321,-1,70,0
7322,-1,50,0
7322,-1,60,0
7322,-1,70,0
7323,-1,50,0
7323,-1,60,0
7323,-1,70,0
7324,-1,50,0
7324,-1,60,0
7324,-1,70,0
7325,78.5121744,50,0
7325,78.5121744,60,1
7325,78.5121744,70,1
7326,79.15304264,50,1
7326,79.15304264,60,2
7326,79.15304264,70,2
7327,-1,50,1
7327,-1,60,1
7327,-1,70,1
7328,-1,50,0
7328,-1,60,0
7328,-1,70,1
7329,-1,50,0
7329,-1,60,0
7329,-1,70,0
7330,-1,50,0
7330,-1,60,1
7330,-1,70,1
7331,78.42222302,50,1
7331,78.42222302,60,1
7331,78.42222302,70,1
7332,75.0331521,50,2
7332,75.0331521,60,2
7332,75.0331521,70,2
7333,-1,50,0
7333,-1,60,0
7333,-1,70,0
7334,-1,50,0
7334,-1,60,0
7334,-1,70,1
7335,29.99737597,50,1
7335,29.99737597,60,0
7335,29.99737597,70,0
7336,-1,50,0
7336,-1,60,0
7336,-1,70,0
7337,-1,50,0
7337,-1,60,0
7337,-1,70,0
7338,-1,50,0
7338,-1,60,1
7338,-1,70,2
7339,-1,50,0
7339,-1,60,0
7339,-1,70,1
7340,-1,50,0
7340,-1,60,0
7340,-1,70,0
7341,-1,50,1
7341,-1,60,1
7341,-1,70,3
7342,52.52980403,50,1
7342,52.52980403,60,1
7342,52.52980403,70,0
7343,-1,50,1
7343,-1,60,1
7343,-1,70,1
7344,-1,50,0
7344,-1,60,0
7344,-1,70,0
7345,-1,50,0
7345,-1,60,1
7345,-1,70,1
7346,-1,50,0
7346,-1,60,0
7346,-1,70,1
7347,-1,50,0
7347,-1,60,0
7347,-1,70,0
7348,-1,50,0
7348,-1,60,0
7348,-1,70,1
7349,-1,50,2
7349,-1,60,2
7349,-1,70,3
7350,-1,50,0
7350,-1,60,0
7350,-1,70,0
7351,-1,50,0
7351,-1,60,0
7351,-1,70,0
7352,56.093252,50,1
7352,56.093252,60,1
7352,56.093252,70,0
7353,-1,50,0
7353,-1,60,0
7353,-1,70,1
7354,-1,50,0
7354,-1,60,0
7354,-1,70,0
7355,-1,50,0
7355,-1,60,0
7355,-1,70,0
7356,-1,50,0
7356,-1,60,0
7356,-1,70,0
7357,68.03872579,50,0
7357,68.03872579,60,0
7357,68.03872579,70,2
7358,-1,50,0
7358,-1,60,1
7358,-1,70,1
7359,-1,50,0
7359,-1,60,1
7359,-1,70,1
7360,-1,50,0
7360,-1,60,0
7360,-1,70,1
7361,-1,50,0
7361,-1,60,0
7361,-1,70,1
7362,-1,50,0
7362,-1,60,0
7362,-1,70,0
7363,77.26606739,50,1
7363,77.26606739,60,1
7363,77.26606739,70,2
7364,79.8043578,50,1
7364,79.8043578,60,1
7364,79.8043578,70,2
7365,-1,50,0
7365,-1,60,0
7365,-1,70,0
7366,-1,50,1
7366,-1,60,1
7366,-1,70,1
7367,-1,50,0
7367,-1,60,0
7367,-1,70,0
7368,-1,50,0
7368,-1,60,0
7368,-1,70,0
7369,-1,50,0
7369,-1,60,0
7369,-1,70,2
7370,-1,50,0
7370,-1,60,0
7370,-1,70,0
7371,-1,50,0
7371,-1,60,1
7371,-1,70,1
7372,-1,50,0
7372,-1,60,0
7372,-1,70,0
7373,-1,50,0
7373,-1,60,0
7373,-1,70,0
7374,-1,50,0
7374,-1,60,1
7374,-1,70,1
7375,-1,50,0
7375,-1,60,0
7375,-1,70,1
7376,-1,50,1
7376,-1,60,1
7376,-1,70,1
7377,-1,50,0
7377,-1,60,0
7377,-1,70,1
7378,-1,50,0
7378,-1,60,0
7378,-1,70,0
7379,-1,50,0
7379,-1,60,1
7379,-1,70,1
7380,-1,50,0
7380,-1,60,0
7380,-1,70,0
7381,55.58775626,50,1
7381,55.58775626,60,1
7381,55.58775626,70,0
7382,60.71575838,50,2
7382,60.71575838,60,4
7382,60.71575838,70,4
7383,64.5903799,50,1
7383,64.5903799,60,1
7383,64.5903799,70,1
7384,-1,50,0
7384,-1,60,1
7384,-1,70,2
7385,-1,50,0
7385,-1,60,0
7385,-1,70,0
7386,-1,50,0
7386,-1,60,0
7386,-1,70,0
7387,-1,50,0
7387,-1,60,1
7387,-1,70,1
7388,-1,50,0
7388,-1,60,0
7388,-1,70,1
7389,-1,50,0
7389,-1,60,0
7389,-1,70,0
7390,-1,50,0
7390,-1,60,0
7390,-1,70,1
7391,-1,50,1
7391,-1,60,1
7391,-1,70,1
7392,-1,50,0
7392,-1,60,0
7392,-1,70,0
7393,-1,50,0
7393,-1,60,0
7393,-1,70,0
7394,-1,50,0
7394,-1,60,0
7394,-1,70,0
7395,-1,50,0
7395,-1,60,0
7395,-1,70,0
7396,59.30562116,50,1
7396,59.30562116,60,1
7396,59.30562116,70,0
7397,-1,50,0
7397,-1,60,0
7397,-1,70,0
7398,78.12269904,50,1
7398,78.12269904,60,1
7398,78.12269904,70,1
7399,-1,50,1
7399,-1,60,2
7399,-1,70,3
7400,-1,50,0
7400,-1,60,0
7400,-1,70,0
7401,-1,50,0
7401,-1,60,0
7401,-1,70,0
7402,-1,50,0
7402,-1,60,0
7402,-1,70,0
7403,-1,50,0
7403,-1,60,0
7403,-1,70,0
7404,-1,50,0
7404,-1,60,0
7404,-1,70,0
7405,-1,50,0
7405,-1,60,0
7405,-1,70,1
7406,-1,50,0
7406,-1,60,0
7406,-1,70,0
7407,-1,50,0
7407,-1,60,0
7407,-1,70,0
7408,-1,50,1
7408,-1,60,1
7408,-1,70,1
7409,78.77830031,50,0
7409,78.77830031,60,1
7409,78.77830031,70,1
7410,-1,50,0
7410,-1,60,2
7410,-1,70,2
7411,78.83149476,50,1
7411,78.83149476,60,1
7411,78.83149476,70,2
7412,-1,50,0
7412,-1,60,0
7412,-1,70,0
7413,-1,50,0
7413,-1,60,0
7413,-1,70,0
7414,-1,50,0
7414,-1,60,0
7414,-1,70,0
7415,-1,50,0
7415,-1,60,0
7415,-1,70,0
7416,-1,50,0
7416,-1,60,0
7416,-1,70,1
7417,-1,50,0
7417,-1,60,0
7417,-1,70,0
7418,-1,50,0
7418,-1,60,0
7418,-1,70,0
7419,-1,50,0
7419,-1,60,0
7419,-1,70,1
7420,-1,50,0
7420,-1,60,0
7420,-1,70,0
7421,-1,50,0
7421,-1,60,0
7421,-1,70,1
7422,-1,50,1
7422,-1,60,1
7422,-1,70,1
7423,-1,50,0
7423,-1,60,0
7423,-1,70,1
7424,-1,50,0
7424,-1,60,0
7424,-1,70,0
7425,-1,50,0
7425,-1,60,0
7425,-1,70,0
7426,-1,50,0
7426,-1,60,0
7426,-1,70,0
7427,-1,50,0
7427,-1,60,1
7427,-1,70,1
7428,-1,50,0
7428,-1,60,0
7428,-1,70,1
7429,-1,50,0
7429,-1,60,0
7429,-1,70,0
7430,-1,50,0
7430,-1,60,0
7430,-1,70,0
7431,-1,50,0
7431,-1,60,0
7431,-1,70,0
7432,-1,50,0
7432,-1,60,0
7432,-1,70,0
7433,-1,50,0
7433,-1,60,0
7433,-1,70,0
7434,-1,50,0
7434,-1,60,0
7434,-1,70,0
7435,71.98698105,50,0
7435,71.98698105,60,0
7435,71.98698105,70,0
7436,-1,50,0
7436,-1,60,0
7436,-1,70,0
7437,56.20400126,50,2
7437,56.20400126,60,2
7437,56.20400126,70,0
7438,-1,50,0
7438,-1,60,0
7438,-1,70,0
7439,-1,50,0
7439,-1,60,0
7439,-1,70,0
7440,-1,50,0
7440,-1,60,0
7440,-1,70,0
7441,-1,50,0
7441,-1,60,0
7441,-1,70,1
7442,-1,50,0
7442,-1,60,2
7442,-1,70,2
7443,-1,50,0
7443,-1,60,0
7443,-1,70,0
7444,-1,50,0
7444,-1,60,0
7444,-1,70,0
7445,-1,50,0
7445,-1,60,1
7445,-1,70,1
7446,-1,50,0
7446,-1,60,0
7446,-1,70,0
7447,-1,50,0
7447,-1,60,0
7447,-1,70,1
7448,75.13872437,50,1
7448,75.13872437,60,1
7448,75.13872437,70,2
7449,-1,50,0
7449,-1,60,0
7449,-1,70,0
7450,-1,50,0
7450,-1,60,0
7450,-1,70,0
7451,-1,50,0
7451,-1,60,0
7451,-1,70,0
7452,-1,50,0
7452,-1,60,1
7452,-1,70,1
7453,-1,50,0
7453,-1,60,0
7453,-1,70,0
7454,-1,50,0
7454,-1,60,0
7454,-1,70,0
7455,63.11697456,50,1
7455,63.11697456,60,1
7455,63.11697456,70,2
7456,-1,50,0
7456,-1,60,0
7456,-1,70,0
7457,-1,50,0
7457,-1,60,1
7457,-1,70,2
7458,-1,50,0
7458,-1,60,1
7458,-1,70,1
7459,-1,50,0
7459,-1,60,0
7459,-1,70,1
7460,-1,50,1
7460,-1,60,1
7460,-1,70,2
7461,73.86889014,50,1
7461,73.86889014,60,1
7461,73.86889014,70,2
7462,-1,50,0
7462,-1,60,0
7462,-1,70,1
7463,-1,50,0
7463,-1,60,0
7463,-1,70,0
7464,-1,50,0
7464,-1,60,0
7464,-1,70,1
7465,-1,50,0
7465,-1,60,0
7465,-1,70,0
7466,-1,50,0
7466,-1,60,0
7466,-1,70,0
7467,-1,50,0
7467,-1,60,0
7467,-1,70,0
7468,-1,50,0
7468,-1,60,1
7468,-1,70,2
7469,-1,50,0
7469,-1,60,0
7469,-1,70,1
7470,79.95823666,50,0
7470,79.95823666,60,1
7470,79.95823666,70,1
7471,-1,50,0
7471,-1,60,0
7471,-1,70,0
7472,-1,50,0
7472,-1,60,0
7472,-1,70,1
7473,-1,50,0
7473,-1,60,0
7473,-1,70,0
7474,-1,50,0
7474,-1,60,0
7474,-1,70,0
7475,-1,50,0
7475,-1,60,0
7475,-1,70,1
7476,-1,50,0
7476,-1,60,0
7476,-1,70,0
7477,77.77909448,50,1
7477,77.77909448,60,1
7477,77.77909448,70,1
7478,-1,50,0
7478,-1,60,0
7478,-1,70,1
7479,-1,50,0
7479,-1,60,1
7479,-1,70,2
7480,-1,50,0
7480,-1,60,0
7480,-1,70,0
7481,-1,50,0
7481,-1,60,1
7481,-1,70,1
7482,-1,50,0
7482,-1,60,0
7482,-1,70,0
7483,-1,50,0
7483,-1,60,0
7483,-1,70,0
7484,-1,50,0
7484,-1,60,0
7484,-1,70,0
7485,-1,50,0
7485,-1,60,0
7485,-1,70,0
7486,65.29387201,50,1
7486,65.29387201,60,1
7486,65.29387201,70,1
7487,-1,50,0
7487,-1,60,0
7487,-1,70,2
7488,-1,50,0
7488,-1,60,0
7488,-1,70,2
7489,-1,50,0
7489,-1,60,0
7489,-1,70,0
7490,-1,50,0
7490,-1,60,0
7490,-1,70,1
7491,38.3647695,50,0
7491,38.3647695,60,0
7491,38.3647695,70,0
7492,-1,50,0
7492,-1,60,0
7492,-1,70,0
7493,-1,50,0
7493,-1,60,0
7493,-1,70,1
7494,-1,50,0
7494,-1,60,1
7494,-1,70,1
7495,-1,50,0
7495,-1,60,0
7495,-1,70,0
7496,-1,50,0
7496,-1,60,0
7496,-1,70,0
7497,-1,50,0
7497,-1,60,0
7497,-1,70,0
7498,71.19198748,50,0
7498,71.19198748,60,0
7498,71.19198748,70,1
7499,-1,50,0
7499,-1,60,0
7499,-1,70,1
7500,-1,50,0
7500,-1,60,0
7500,-1,70,0
7501,-1,50,0
7501,-1,60,0
7501,-1,70,0
7502,-1,50,1
7502,-1,60,1
7502,-1,70,1
7503,-1,50,0
7503,-1,60,0
7503,-1,70,1
7504,-1,50,0
7504,-1,60,0
7504,-1,70,0
7505,-1,50,0
7505,-1,60,0
7505,-1,70,0
7506,-1,50,0
7506,-1,60,0
7506,-1,70,0
7507,-1,50,0
7507,-1,60,1
7507,-1,70,1
7508,-1,50,0
7508,-1,60,0
7508,-1,70,0
7509,-1,50,0
7509,-1,60,0
7509,-1,70,0
7510,54.78368117,50,1
7510,54.78368117,60,1
7510,54.78368117,70,0
7511,66.2674892,50,1
7511,66.2674892,60,1
7511,66.2674892,70,2
7512,-1,50,0
7512,-1,60,0
7512,-1,70,0
7513,-1,50,0
7513,-1,60,0
7513,-1,70,0
7514,-1,50,0
7514,-1,60,0
7514,-1,70,0
7515,-1,50,0
7515,-1,60,0
7515,-1,70,1
7516,-1,50,0
7516,-1,60,0
7516,-1,70,1
7517,-1,50,1
7517,-1,60,1
7517,-1,70,1
7518,-1,50,0
7518,-1,60,0
7518,-1,70,0
7519,-1,50,0
7519,-1,60,0
7519,-1,70,0
7520,-1,50,0
7520,-1,60,0
7520,-1,70,0
7521,61.51498255,50,1
7521,61.51498255,60,2
7521,61.51498255,70,2
7522,-1,50,0
7522,-1,60,0
7522,-1,70,0
7523,-1,50,0
7523,-1,60,0
7523,-1,70,0
7524,-1,50,0
7524,-1,60,0
7524,-1,70,0
7525,52.08165142,50,0
7525,52.08165142,60,1
7525,52.08165142,70,0
7526,-1,50,0
7526,-1,60,1
7526,-1,70,1
7527,-1,50,1
7527,-1,60,1
7527,-1,70,1
7528,67.21911919,50,0
7528,67.21911919,60,0
7528,67.21911919,70,1
7529,77.06688921,50,1
7529,77.06688921,60,1
7529,77.06688921,70,1
7530,-1,50,0
7530,-1,60,0
7530,-1,70,0
7531,-1,50,0
7531,-1,60,0
7531,-1,70,1
7532,-1,50,0
7532,-1,60,0
7532,-1,70,0
7533,-1,50,0
7533,-1,60,0
7533,-1,70,0
7534,-1,50,0
7534,-1,60,0
7534,-1,70,1
7535,-1,50,0
7535,-1,60,0
7535,-1,70,0
7536,78.21494696,50,0
7536,78.21494696,60,0
7536,78.21494696,70,0
7537,-1,50,0
7537,-1,60,0
7537,-1,70,0
7538,-1,50,0
7538,-1,60,0
7538,-1,70,1
7539,-1,50,0
7539,-1,60,0
7539,-1,70,0
7540,-1,50,1
7540,-1,60,1
7540,-1,70,2
7541,-1,50,0
7541,-1,60,0
7541,-1,70,0
7542,-1,50,0
7542,-1,60,0
7542,-1,70,0
7543,-1,50,0
7543,-1,60,1
7543,-1,70,1
7544,-1,50,0
7544,-1,60,0
7544,-1,70,0
7545,-1,50,0
7545,-1,60,0
7545,-1,70,2
7546,-1,50,0
7546,-1,60,0
7546,-1,70,1
7547,-1,50,0
7547,-1,60,0
7547,-1,70,1
7548,-1,50,0
7548,-1,60,0
7548,-1,70,0
7549,-1,50,1
7549,-1,60,1
7549,-1,70,3
7550,-1,50,0
7550,-1,60,0
7550,-1,70,0
7551,-1,50,0
7551,-1,60,0
7551,-1,70,0
7552,77.873296,50,1
7552,77.873296,60,1
7552,77.873296,70,2
7553,-1,50,0
7553,-1,60,0
7553,-1,70,0
7554,59.91811783,50,0
7554,59.91811783,60,1
7554,59.91811783,70,0
7555,-1,50,0
7555,-1,60,0
7555,-1,70,0
7556,79.98842377,50,1
7556,79.98842377,60,1
7556,79.98842377,70,1
7557,-1,50,0
7557,-1,60,0
7557,-1,70,0
7558,-1,50,0
7558,-1,60,0
7558,-1,70,0
7559,-1,50,0
7559,-1,60,0
7559,-1,70,1
7560,-1,50,0
7560,-1,60,1
7560,-1,70,1
7561,52.36658852,50,0
7561,52.36658852,60,1
7561,52.36658852,70,0
7562,-1,50,0
7562,-1,60,0
7562,-1,70,0
7563,-1,50,0
7563,-1,60,0
7563,-1,70,0
7564,-1,50,1
7564,-1,60,1
7564,-1,70,2
7565,-1,50,0
7565,-1,60,0
7565,-1,70,0
7566,-1,50,0
7566,-1,60,0
7566,-1,70,0
7567,-1,50,1
7567,-1,60,1
7567,-1,70,1
7568,-1,50,0
7568,-1,60,0
7568,-1,70,0
7569,-1,50,0
7569,-1,60,0
7569,-1,70,0
7570,73.07928065,50,1
7570,73.07928065,60,1
7570,73.07928065,70,1
7571,-1,50,0
7571,-1,60,0
7571,-1,70,0
7572,-1,50,0
7572,-1,60,0
7572,-1,70,0
7573,-1,50,0
7573,-1,60,0
7573,-1,70,0
7574,-1,50,0
7574,-1,60,0
7574,-1,70,0
7575,-1,50,0
7575,-1,60,0
7575,-1,70,0
7576,-1,50,0
7576,-1,60,0
7576,-1,70,0
7577,76.23823535,50,1
7577,76.23823535,60,1
7577,76.23823535,70,1
7578,67.43155654,50,1
7578,67.43155654,60,1
7578,67.43155654,70,1
7579,-1,50,1
7579,-1,60,1
7579,-1,70,1
7580,-1,50,0
7580,-1,60,0
7580,-1,70,1
7581,-1,50,0
7581,-1,60,0
7581,-1,70,0
7582,-1,50,0
7582,-1,60,1
7582,-1,70,1
7583,-1,50,0
7583,-1,60,0
7583,-1,70,1
7584,-1,50,0
7584,-1,60,0
7584,-1,70,0
7585,69.92594467,50,1
7585,69.92594467,60,1
7585,69.92594467,70,1
7586,-1,50,0
7586,-1,60,0
7586,-1,70,1
7587,-1,50,0
7587,-1,60,0
7587,-1,70,1
7588,-1,50,1
7588,-1,60,1
7588,-1,70,2
7589,-1,50,0
7589,-1,60,0
7589,-1,70,0
7590,-1,50,0
7590,-1,60,0
7590,-1,70,0
7591,-1,50,0
7591,-1,60,0
7591,-1,70,0
7592,-1,50,0
7592,-1,60,0
7592,-1,70,0
7593,-1,50,0
7593,-1,60,0
7593,-1,70,1
7594,-1,50,0
7594,-1,60,0
7594,-1,70,0
7595,-1,50,0
7595,-1,60,0
7595,-1,70,0
7596,-1,50,0
7596,-1,60,0
7596,-1,70,0
7597,-1,50,1
7597,-1,60,2
7597,-1,70,2
7598,-1,50,0
7598,-1,60,0
7598,-1,70,0
7599,-1,50,1
7599,-1,60,1
7599,-1,70,2
7600,-1,50,0
7600,-1,60,0
7600,-1,70,0
7601,-1,50,0
7601,-1,60,0
7601,-1,70,1
7602,-1,50,0
7602,-1,60,1
7602,-1,70,3
7603,-1,50,0
7603,-1,60,0
7603,-1,70,0
7604,-1,50,0
7604,-1,60,0
7604,-1,70,0
7605,-1,50,0
7605,-1,60,0
7605,-1,70,0
7606,-1,50,0
7606,-1,60,0
7606,-1,70,0
7607,-1,50,0
7607,-1,60,0
7607,-1,70,0
7608,-1,50,0
7608,-1,60,0
7608,-1,70,0
7609,-1,50,0
7609,-1,60,0
7609,-1,70,0
7610,-1,50,0
7610,-1,60,0
7610,-1,70,2
7611,-1,50,0
7611,-1,60,1
7611,-1,70,1
7612,-1,50,0
7612,-1,60,0
7612,-1,70,0
7613,-1,50,0
7613,-1,60,0
7613,-1,70,1
7614,-1,50,0
7614,-1,60,0
7614,-1,70,0
7615,-1,50,0
7615,-1,60,0
7615,-1,70,1
7616,-1,50,0
7616,-1,60,1
7616,-1,70,1
7617,-1,50,0
7617,-1,60,0
7617,-1,70,0
7618,-1,50,0
7618,-1,60,0
7618,-1,70,0
7619,-1,50,0
7619,-1,60,0
7619,-1,70,0
7620,-1,50,0
7620,-1,60,0
7620,-1,70,1
7621,-1,50,0
7621,-1,60,0
7621,-1,70,1
7622,-1,50,0
7622,-1,60,1
7622,-1,70,1
7623,-1,50,0
7623,-1,60,0
7623,-1,70,0
7624,-1,50,0
7624,-1,60,0
7624,-1,70,0
7625,-1,50,0
7625,-1,60,0
7625,-1,70,0
7626,-1,50,0
7626,-1,60,0
7626,-1,70,0
7627,-1,50,0
7627,-1,60,0
7627,-1,70,0
7628,-1,50,0
7628,-1,60,0
7628,-1,70,0
7629,-1,50,0
7629,-1,60,0
7629,-1,70,0
7630,-1,50,0
7630,-1,60,1
7630,-1,70,1
7631,-1,50,0
7631,-1,60,0
7631,-1,70,0
7632,-1,50,0
7632,-1,60,0
7632,-1,70,0
7633,-1,50,0
7633,-1,60,0
7633,-1,70,0
7634,-1,50,0
7634,-1,60,0
7634,-1,70,0
7635,-1,50,0
7635,-1,60,1
7635,-1,70,2
7636,-1,50,0
7636,-1,60,1
7636,-1,70,2
7637,-1,50,0
7637,-1,60,0
7637,-1,70,0
7638,-1,50,0
7638,-1,60,0
7638,-1,70,0
7639,73.69057434,50,1
7639,73.69057434,60,1
7639,73.69057434,70,1
7640,-1,50,0
7640,-1,60,0
7640,-1,70,0
7641,-1,50,0
7641,-1,60,0
7641,-1,70,0
7642,-1,50,0
7642,-1,60,0
7642,-1,70,0
7643,-1,50,0
7643,-1,60,0
7643,-1,70,0
7644,-1,50,0
7644,-1,60,0
7644,-1,70,0
7645,77.03876823,50,0
7645,77.03876823,60,1
7645,77.03876823,70,1
7646,77.36820709,50,0
7646,77.36820709,60,1
7646,77.36820709,70,1
7647,-1,50,0
7647,-1,60,0
7647,-1,70,0
7648,-1,50,1
7648,-1,60,1
7648,-1,70,2
7649,74.25146332,50,2
7649,74.25146332,60,2
7649,74.25146332,70,2
7650,-1,50,0
7650,-1,60,0
7650,-1,70,0
7651,-1,50,0
7651,-1,60,0
7651,-1,70,0
7652,-1,50,0
7652,-1,60,1
7652,-1,70,2
7653,-1,50,0
7653,-1,60,0
7653,-1,70,0
7654,-1,50,0
7654,-1,60,0
7654,-1,70,0
7655,-1,50,0
7655,-1,60,0
7655,-1,70,0
7656,-1,50,0
7656,-1,60,0
7656,-1,70,0
7657,64.49247993,50,0
7657,64.49247993,60,0
7657,64.49247993,70,0
7658,-1,50,0
7658,-1,60,1
7658,-1,70,2
7659,-1,50,0
7659,-1,60,0
7659,-1,70,1
7660,-1,50,0
7660,-1,60,0
7660,-1,70,0
7661,63.95921291,50,0
7661,63.95921291,60,1
7661,63.95921291,70,1
7662,75.14849935,50,1
7662,75.14849935,60,2
7662,75.14849935,70,2
7663,-1,50,0
7663,-1,60,1
7663,-1,70,1
7664,-1,50,0
7664,-1,60,0
7664,-1,70,0
7665,-1,50,0
7665,-1,60,0
7665,-1,70,0
7666,-1,50,0
7666,-1,60,0
7666,-1,70,0
7667,-1,50,0
7667,-1,60,0
7667,-1,70,0
7668,-1,50,1
7668,-1,60,1
7668,-1,70,1
7669,-1,50,0
7669,-1,60,0
7669,-1,70,0
7670,-1,50,0
7670,-1,60,0
7670,-1,70,0
7671,-1,50,0
7671,-1,60,0
7671,-1,70,0
7672,76.67876677,50,1
7672,76.67876677,60,1
7672,76.67876677,70,1
7673,-1,50,0
7673,-1,60,0
7673,-1,70,0
7674,-1,50,0
7674,-1,60,1
7674,-1,70,1
7675,-1,50,0
7675,-1,60,0
7675,-1,70,0
7676,-1,50,1
7676,-1,60,1
7676,-1,70,1
7677,-1,50,0
7677,-1,60,0
7677,-1,70,0
7678,-1,50,1
7678,-1,60,1
7678,-1,70,2
7679,-1,50,1
7679,-1,60,1
7679,-1,70,1
7680,-1,50,0
7680,-1,60,1
7680,-1,70,2
7681,-1,50,0
7681,-1,60,0
7681,-1,70,0
7682,-1,50,0
7682,-1,60,0
7682,-1,70,1
7683,-1,50,0
7683,-1,60,0
7683,-1,70,0
7684,-1,50,0
7684,-1,60,0
7684,-1,70,0
7685,-1,50,0
7685,-1,60,0
7685,-1,70,1
7686,58.45355715,50,1
7686,58.45355715,60,2
7686,58.45355715,70,0
7687,-1,50,0
7687,-1,60,1
7687,-1,70,1
7688,-1,50,0
7688,-1,60,0
7688,-1,70,0
7689,-1,50,1
7689,-1,60,1
7689,-1,70,1
7690,70.6704479,50,0
7690,70.6704479,60,2
7690,70.6704479,70,2
7691,-1,50,0
7691,-1,60,1
7691,-1,70,3
7692,-1,50,0
7692,-1,60,0
7692,-1,70,0
7693,-1,50,0
7693,-1,60,1
7693,-1,70,1
7694,-1,50,0
7694,-1,60,0
7694,-1,70,1
7695,-1,50,0
7695,-1,60,1
7695,-1,70,1
7696,-1,50,0
7696,-1,60,0
7696,-1,70,0
7697,-1,50,0
7697,-1,60,0
7697,-1,70,1
7698,-1,50,0
7698,-1,60,0
7698,-1,70,0
7699,79.29165316,50,1
7699,79.29165316,60,1
7699,79.29165316,70,1
7700,-1,50,0
7700,-1,60,0
7700,-1,70,1
7701,-1,50,0
7701,-1,60,0
7701,-1,70,0
7702,70.74327496,50,0
7702,70.74327496,60,1
7702,70.74327496,70,2
7703,-1,50,0
7703,-1,60,1
7703,-1,70,1
7704,-1,50,0
7704,-1,60,0
7704,-1,70,0
7705,-1,50,0
7705,-1,60,0
7705,-1,70,0
7706,57.10376348,50,1
7706,57.10376348,60,1
7706,57.10376348,70,0
7707,-1,50,0
7707,-1,60,0
7707,-1,70,0
7708,-1,50,0
7708,-1,60,1
7708,-1,70,1
7709,-1,50,0
7709,-1,60,0
7709,-1,70,1
7710,-1,50,0
7710,-1,60,0
7710,-1,70,0
7711,-1,50,0
7711,-1,60,0
7711,-1,70,1
7712,-1,50,0
7712,-1,60,0
7712,-1,70,1
7713,70.82501077,50,1
7713,70.82501077,60,2
7713,70.82501077,70,2
7714,77.03919236,50,0
7714,77.03919236,60,1
7714,77.03919236,70,1
7715,-1,50,1
7715,-1,60,1
7715,-1,70,2
7716,-1,50,0
7716,-1,60,0
7716,-1,70,0
7717,-1,50,0
7717,-1,60,0
7717,-1,70,0
7718,-1,50,0
7718,-1,60,0
7718,-1,70,1
7719,-1,50,0
7719,-1,60,1
7719,-1,70,1
7720,-1,50,0
7720,-1,60,1
7720,-1,70,1
7721,-1,50,0
7721,-1,60,0
7721,-1,70,1
7722,-1,50,0
7722,-1,60,0
7722,-1,70,0
7723,-1,50,0
7723,-1,60,0
7723,-1,70,0
7724,-1,50,0
7724,-1,60,1
7724,-1,70,1
7725,-1,50,0
7725,-1,60,1
7725,-1,70,1
7726,-1,50,0
7726,-1,60,0
7726,-1,70,1
7727,-1,50,0
7727,-1,60,0
7727,-1,70,0
7728,79.59503781,50,0
7728,79.59503781,60,1
7728,79.59503781,70,1
7729,63.1518651,50,0
7729,63.1518651,60,1
7729,63.1518651,70,1
7730,-1,50,0
7730,-1,60,0
7730,-1,70,0
7731,-1,50,0
7731,-1,60,0
7731,-1,70,0
7732,-1,50,0
7732,-1,60,0
7732,-1,70,0
7733,-1,50,0
7733,-1,60,0
7733,-1,70,0
7734,-1,50,0
7734,-1,60,0
7734,-1,70,0
7735,-1,50,0
7735,-1,60,0
7735,-1,70,0
7736,-1,50,0
7736,-1,60,0
7736,-1,70,0
7737,55.32314617,50,1
7737,55.32314617,60,3
7737,55.32314617,70,0
7738,-1,50,0
7738,-1,60,0
7738,-1,70,0
7739,-1,50,1
7739,-1,60,1
7739,-1,70,2
7740,-1,50,0
7740,-1,60,0
7740,-1,70,1
7741,-1,50,0
7741,-1,60,0
7741,-1,70,0
7742,-1,50,0
7742,-1,60,0
7742,-1,70,0
7743,-1,50,0
7743,-1,60,0
7743,-1,70,1
7744,69.19058801,50,1
7744,69.19058801,60,1
7744,69.19058801,70,3
7745,-1,50,0
7745,-1,60,0
7745,-1,70,0
7746,68.05741658,50,1
7746,68.05741658,60,2
7746,68.05741658,70,2
7747,-1,50,0
7747,-1,60,0
7747,-1,70,0
7748,-1,50,0
7748,-1,60,1
7748,-1,70,1
7749,-1,50,0
7749,-1,60,1
7749,-1,70,1
7750,-1,50,0
7750,-1,60,0
7750,-1,70,0
7751,-1,50,0
7751,-1,60,0
7751,-1,70,0
7752,-1,50,0
7752,-1,60,0
7752,-1,70,0
7753,-1,50,0
7753,-1,60,0
7753,-1,70,0
7754,-1,50,0
7754,-1,60,0
7754,-1,70,0
7755,-1,50,0
7755,-1,60,0
7755,-1,70,0
7756,-1,50,0
7756,-1,60,1
7756,-1,70,1
7757,-1,50,0
7757,-1,60,0
7757,-1,70,2
7758,-1,50,0
7758,-1,60,0
7758,-1,70,0
7759,-1,50,0
7759,-1,60,0
7759,-1,70,0
7760,-1,50,0
7760,-1,60,0
7760,-1,70,1
7761,-1,50,0
7761,-1,60,0
7761,-1,70,0
7762,67.5505231,50,0
7762,67.5505231,60,0
7762,67.5505231,70,1
7763,-1,50,0
7763,-1,60,1
7763,-1,70,1
7764,-1,50,1
7764,-1,60,1
7764,-1,70,1
7765,-1,50,0
7765,-1,60,0
7765,-1,70,0
7766,70.7385319,50,1
7766,70.7385319,60,3
7766,70.7385319,70,5
7767,-1,50,0
7767,-1,60,0
7767,-1,70,0
7768,-1,50,0
7768,-1,60,0
7768,-1,70,1
7769,-1,50,0
7769,-1,60,0
7769,-1,70,0
7770,-1,50,0
7770,-1,60,0
7770,-1,70,0
7771,-1,50,0
7771,-1,60,0
7771,-1,70,0
7772,-1,50,0
7772,-1,60,0
7772,-1,70,1
7773,77.53669355,50,0
7773,77.53669355,60,0
7773,77.53669355,70,1
7774,-1,50,0
7774,-1,60,0
7774,-1,70,1
7775,-1,50,1
7775,-1,60,1
7775,-1,70,3
7776,-1,50,0
7776,-1,60,0
7776,-1,70,0
7777,71.93424991,50,1
7777,71.93424991,60,1
7777,71.93424991,70,1
7778,-1,50,0
7778,-1,60,0
7778,-1,70,1
7779,-1,50,0
7779,-1,60,0
7779,-1,70,0
7780,72.73838703,50,2
7780,72.73838703,60,2
7780,72.73838703,70,2
7781,-1,50,0
7781,-1,60,0
7781,-1,70,0
7782,-1,50,0
7782,-1,60,0
7782,-1,70,0
7783,-1,50,0
7783,-1,60,0
7783,-1,70,0
7784,-1,50,0
7784,-1,60,0
7784,-1,70,0
7785,-1,50,0
7785,-1,60,0
7785,-1,70,1
7786,-1,50,0
7786,-1,60,0
7786,-1,70,0
7787,58.32931927,50,1
7787,58.32931927,60,1
7787,58.32931927,70,0
7788,-1,50,0
7788,-1,60,0
7788,-1,70,0
7789,-1,50,0
7789,-1,60,0
7789,-1,70,0
7790,-1,50,0
7790,-1,60,1
7790,-1,70,2
7791,-1,50,0
7791,-1,60,0
7791,-1,70,0
7792,-1,50,0
7792,-1,60,0
7792,-1,70,1
7793,-1,50,0
7793,-1,60,0
7793,-1,70,0
7794,-1,50,0
7794,-1,60,0
7794,-1,70,2
7795,-1,50,0
7795,-1,60,1
7795,-1,70,1
7796,-1,50,0
7796,-1,60,0
7796,-1,70,2
7797,-1,50,0
7797,-1,60,0
7797,-1,70,0
7798,-1,50,0
7798,-1,60,0
7798,-1,70,0
7799,-1,50,0
7799,-1,60,0
7799,-1,70,0
7800,-1,50,0
7800,-1,60,0
7800,-1,70,0
7801,-1,50,0
7801,-1,60,0
7801,-1,70,1
7802,-1,50,0
7802,-1,60,0
7802,-1,70,0
7803,-1,50,0
7803,-1,60,0
7803,-1,70,1
7804,-1,50,0
7804,-1,60,0
7804,-1,70,1
7805,74.40567889,50,0
7805,74.40567889,60,1
7805,74.40567889,70,1
7806,78.99964959,50,0
7806,78.99964959,60,0
7806,78.99964959,70,1
7807,67.52016784,50,1
7807,67.52016784,60,1
7807,67.52016784,70,1
7808,-1,50,1
7808,-1,60,1
7808,-1,70,1
7809,-1,50,2
7809,-1,60,2
7809,-1,70,2
7810,66.86611392,50,0
7810,66.86611392,60,0
7810,66.86611392,70,0
7811,79.61414981,50,1
7811,79.61414981,60,1
7811,79.61414981,70,1
7812,-1,50,1
7812,-1,60,1
7812,-1,70,2
7813,77.84541484,50,1
7813,77.84541484,60,1
7813,77.84541484,70,1
7814,-1,50,0
7814,-1,60,1
7814,-1,70,2
7815,-1,50,0
7815,-1,60,0
7815,-1,70,0
7816,75.38002249,50,1
7816,75.38002249,60,1
7816,75.38002249,70,1
7817,-1,50,0
7817,-1,60,1
7817,-1,70,1
7818,75.04229994,50,1
7818,75.04229994,60,1
7818,75.04229994,70,1
7819,-1,50,0
7819,-1,60,1
7819,-1,70,1
7820,-1,50,0
7820,-1,60,1
7820,-1,70,1
7821,-1,50,0
7821,-1,60,0
7821,-1,70,0
7822,-1,50,0
7822,-1,60,1
7822,-1,70,1
7823,61.37680387,50,1
7823,61.37680387,60,1
7823,61.37680387,70,1
7824,-1,50,0
7824,-1,60,0
7824,-1,70,0
7825,-1,50,0
7825,-1,60,0
7825,-1,70,0
7826,-1,50,0
7826,-1,60,0
7826,-1,70,0
7827,-1,50,0
7827,-1,60,0
7827,-1,70,1
7828,-1,50,0
7828,-1,60,0
7828,-1,70,1
7829,61.53758577,50,0
7829,61.53758577,60,1
7829,61.53758577,70,2
7830,-1,50,0
7830,-1,60,1
7830,-1,70,1
7831,-1,50,0
7831,-1,60,0
7831,-1,70,1
7832,74.28969603,50,0
7832,74.28969603,60,2
7832,74.28969603,70,3
7833,-1,50,0
7833,-1,60,1
7833,-1,70,1
7834,-1,50,0
7834,-1,60,0
7834,-1,70,0
7835,-1,50,0
7835,-1,60,0
7835,-1,70,0
7836,-1,50,0
7836,-1,60,1
7836,-1,70,1
7837,-1,50,0
7837,-1,60,0
7837,-1,70,1
7838,-1,50,0
7838,-1,60,0
7838,-1,70,1
7839,68.25707821,50,1
7839,68.25707821,60,1
7839,68.25707821,70,1
7840,-1,50,0
7840,-1,60,0
7840,-1,70,0
7841,-1,50,0
7841,-1,60,0
7841,-1,70,0
7842,-1,50,1
7842,-1,60,1
7842,-1,70,1
7843,78.83961526,50,2
7843,78.83961526,60,2
7843,78.83961526,70,2
7844,-1,50,0
7844,-1,60,0
7844,-1,70,0
7845,-1,50,0
7845,-1,60,1
7845,-1,70,2
7846,-1,50,0
7846,-1,60,2
7846,-1,70,2
7847,-1,50,0
7847,-1,60,0
7847,-1,70,0
7848,-1,50,0
7848,-1,60,1
7848,-1,70,1
7849,-1,50,0
7849,-1,60,1
7849,-1,70,1
7850,-1,50,1
7850,-1,60,1
7850,-1,70,2
7851,-1,50,0
7851,-1,60,0
7851,-1,70,0
7852,-1,50,0
7852,-1,60,0
7852,-1,70,0
7853,-1,50,0
7853,-1,60,0
7853,-1,70,1
7854,-1,50,0
7854,-1,60,0
7854,-1,70,0
7855,-1,50,0
7855,-1,60,0
7855,-1,70,0
7856,-1,50,0
7856,-1,60,0
7856,-1,70,0
7857,-1,50,0
7857,-1,60,0
7857,-1,70,1
7858,-1,50,0
7858,-1,60,1
7858,-1,70,1
7859,-1,50,0
7859,-1,60,0
7859,-1,70,0
7860,-1,50,0
7860,-1,60,0
7860,-1,70,0
7861,-1,50,0
7861,-1,60,0
7861,-1,70,1
7862,-1,50,1
7862,-1,60,2
7862,-1,70,2
7863,-1,50,0
7863,-1,60,0
7863,-1,70,0
7864,-1,50,0
7864,-1,60,0
7864,-1,70,0
7865,-1,50,0
7865,-1,60,0
7865,-1,70,0
7866,-1,50,0
7866,-1,60,1
7866,-1,70,1
7867,-1,50,0
7867,-1,60,0
7867,-1,70,0
7868,-1,50,0
7868,-1,60,1
7868,-1,70,1
7869,-1,50,0
7869,-1,60,1
7869,-1,70,1
7870,-1,50,1
7870,-1,60,1
7870,-1,70,1
7871,-1,50,0
7871,-1,60,0
7871,-1,70,0
7872,-1,50,0
7872,-1,60,0
7872,-1,70,0
7873,-1,50,0
7873,-1,60,1
7873,-1,70,1
7874,-1,50,0
7874,-1,60,0
7874,-1,70,0
7875,76.26060711,50,1
7875,76.26060711,60,1
7875,76.26060711,70,1
7876,-1,50,0
7876,-1,60,0
7876,-1,70,0
7877,-1,50,0
7877,-1,60,0
7877,-1,70,0
7878,-1,50,0
7878,-1,60,0
7878,-1,70,0
7879,-1,50,0
7879,-1,60,0
7879,-1,70,0
7880,60.67922138,50,1
7880,60.67922138,60,1
7880,60.67922138,70,1
7881,-1,50,0
7881,-1,60,0
7881,-1,70,0
7882,-1,50,0
7882,-1,60,0
7882,-1,70,0
7883,-1,50,0
7883,-1,60,0
7883,-1,70,0
7884,-1,50,0
7884,-1,60,0
7884,-1,70,1
7885,46.63463971,50,1
7885,46.63463971,60,0
7885,46.63463971,70,0
7886,-1,50,0
7886,-1,60,0
7886,-1,70,0
7887,-1,50,0
7887,-1,60,0
7887,-1,70,1
7888,-1,50,0
7888,-1,60,0
7888,-1,70,0
7889,-1,50,0
7889,-1,60,0
7889,-1,70,1
7890,-1,50,0
7890,-1,60,0
7890,-1,70,0
7891,69.61500094,50,0
7891,69.61500094,60,1
7891,69.61500094,70,1
7892,-1,50,0
7892,-1,60,1
7892,-1,70,1
7893,-1,50,1
7893,-1,60,1
7893,-1,70,1
7894,-1,50,0
7894,-1,60,0
7894,-1,70,0
7895,73.6475741,50,0
7895,73.6475741,60,1
7895,73.6475741,70,1
7896,-1,50,0
7896,-1,60,0
7896,-1,70,0
7897,-1,50,0
7897,-1,60,0
7897,-1,70,0
7898,-1,50,0
7898,-1,60,0
7898,-1,70,0
7899,-1,50,0
7899,-1,60,0
7899,-1,70,0
7900,53.69898843,50,0
7900,53.69898843,60,1
7900,53.69898843,70,0
7901,-1,50,0
7901,-1,60,0
7901,-1,70,0
7902,-1,50,1
7902,-1,60,1
7902,-1,70,2
7903,-1,50,0
7903,-1,60,0
7903,-1,70,1
7904,-1,50,0
7904,-1,60,0
7904,-1,70,0
7905,-1,50,0
7905,-1,60,0
7905,-1,70,0
7906,-1,50,1
7906,-1,60,2
7906,-1,70,2
7907,-1,50,0
7907,-1,60,0
7907,-1,70,0
7908,-1,50,0
7908,-1,60,0
7908,-1,70,1
7909,60.65249372,50,0
7909,60.65249372,60,1
7909,60.65249372,70,2
7910,54.60836354,50,0
7910,54.60836354,60,1
7910,54.60836354,70,0
7911,-1,50,0
7911,-1,60,0
7911,-1,70,0
7912,-1,50,0
7912,-1,60,0
7912,-1,70,0
7913,-1,50,0
7913,-1,60,0
7913,-1,70,0
7914,-1,50,0
7914,-1,60,0
7914,-1,70,0
7915,-1,50,0
7915,-1,60,0
7915,-1,70,0
7916,-1,50,1
7916,-1,60,2
7916,-1,70,2
7917,-1,50,0
7917,-1,60,0
7917,-1,70,0
7918,-1,50,0
7918,-1,60,0
7918,-1,70,0
7919,-1,50,0
7919,-1,60,0
7919,-1,70,0
7920,-1,50,0
7920,-1,60,0
7920,-1,70,0
7921,-1,50,0
7921,-1,60,0
7921,-1,70,0
7922,61.32914385,50,1
7922,61.32914385,60,3
7922,61.32914385,70,3
7923,71.07811675,50,1
7923,71.07811675,60,1
7923,71.07811675,70,1
7924,-1,50,0
7924,-1,60,0
7924,-1,70,0
7925,-1,50,0
7925,-1,60,0
7925,-1,70,2
7926,-1,50,0
7926,-1,60,0
7926,-1,70,0
7927,-1,50,0
7927,-1,60,0
7927,-1,70,0
7928,-1,50,0
7928,-1,60,1
7928,-1,70,1
7929,-1,50,0
7929,-1,60,0
7929,-1,70,0
7930,-1,50,1
7930,-1,60,1
7930,-1,70,1
7931,-1,50,0
7931,-1,60,0
7931,-1,70,0
7932,-1,50,0
7932,-1,60,1
7932,-1,70,1
7933,-1,50,0
7933,-1,60,0
7933,-1,70,0
7934,-1,50,1
7934,-1,60,1
7934,-1,70,2
7935,-1,50,0
7935,-1,60,0
7935,-1,70,1
7936,47.66396505,50,1
7936,47.66396505,60,0
7936,47.66396505,70,0
7937,-1,50,0
7937,-1,60,0
7937,-1,70,0
7938,-1,50,0
7938,-1,60,1
7938,-1,70,1
7939,-1,50,0
7939,-1,60,1
7939,-1,70,1
7940,-1,50,1
7940,-1,60,1
7940,-1,70,1
7941,-1,50,0
7941,-1,60,0
7941,-1,70,0
7942,-1,50,0
7942,-1,60,0
7942,-1,70,1
7943,-1,50,0
7943,-1,60,1
7943,-1,70,1
7944,64.09910151,50,1
7944,64.09910151,60,2
7944,64.09910151,70,2
7945,-1,50,0
7945,-1,60,0
7945,-1,70,0
7946,64.25060642,50,1
7946,64.25060642,60,1
7946,64.25060642,70,1
7947,-1,50,0
7947,-1,60,0
7947,-1,70,0
7948,-1,50,0
7948,-1,60,1
7948,-1,70,1
7949,-1,50,0
7949,-1,60,0
7949,-1,70,0
7950,-1,50,0
7950,-1,60,0
7950,-1,70,0
7951,-1,50,0
7951,-1,60,0
7951,-1,70,0
7952,-1,50,0
7952,-1,60,0
7952,-1,70,0
7953,-1,50,0
7953,-1,60,1
7953,-1,70,2
7954,78.24143827,50,0
7954,78.24143827,60,0
7954,78.24143827,70,1
7955,-1,50,1
7955,-1,60,1
7955,-1,70,1
7956,-1,50,0
7956,-1,60,0
7956,-1,70,1
7957,-1,50,0
7957,-1,60,0
7957,-1,70,1
7958,74.93720265,50,1
7958,74.93720265,60,1
7958,74.93720265,70,1
7959,-1,50,0
7959,-1,60,0
7959,-1,70,0
7960,-1,50,0
7960,-1,60,1
7960,-1,70,1
7961,74.99531922,50,0
7961,74.99531922,60,0
7961,74.99531922,70,0
7962,-1,50,0
7962,-1,60,0
7962,-1,70,0
7963,-1,50,0
7963,-1,60,1
7963,-1,70,1
7964,-1,50,0
7964,-1,60,0
7964,-1,70,0
7965,-1,50,0
7965,-1,60,0
7965,-1,70,2
7966,-1,50,1
7966,-1,60,1
7966,-1,70,1
7967,-1,50,0
7967,-1,60,0
7967,-1,70,1
7968,-1,50,0
7968,-1,60,0
7968,-1,70,2
7969,-1,50,0
7969,-1,60,0
7969,-1,70,0
7970,-1,50,0
7970,-1,60,0
7970,-1,70,0
7971,-1,50,0
7971,-1,60,0
7971,-1,70,1
7972,-1,50,0
7972,-1,60,0
7972,-1,70,0
7973,-1,50,0
7973,-1,60,0
7973,-1,70,0
7974,-1,50,0
7974,-1,60,1
7974,-1,70,1
7975,-1,50,0
7975,-1,60,0
7975,-1,70,0
7976,-1,50,0
7976,-1,60,0
7976,-1,70,0
7977,-1,50,0
7977,-1,60,0
7977,-1,70,0
7978,-1,50,0
7978,-1,60,0
7978,-1,70,2
7979,78.35182625,50,1
7979,78.35182625,60,1
7979,78.35182625,70,1
7980,-1,50,0
7980,-1,60,2
7980,-1,70,3
7981,-1,50,0
7981,-1,60,0
7981,-1,70,0
7982,-1,50,1
7982,-1,60,1
7982,-1,70,1
7983,-1,50,0
7983,-1,60,0
7983,-1,70,1
7984,-1,50,0
7984,-1,60,0
7984,-1,70,0
7985,-1,50,0
7985,-1,60,0
7985,-1,70,0
7986,-1,50,0
7986,-1,60,0
7986,-1,70,0
7987,76.87435756,50,1
7987,76.87435756,60,1
7987,76.87435756,70,2
7988,67.66831627,50,0
7988,67.66831627,60,0
7988,67.66831627,70,2
7989,-1,50,0
7989,-1,60,0
7989,-1,70,0
7990,74.1740401,50,0
7990,74.1740401,60,1
7990,74.1740401,70,1
7991,-1,50,0
7991,-1,60,0
7991,-1,70,1
7992,-1,50,0
7992,-1,60,0
7992,-1,70,0
7993,-1,50,0
7993,-1,60,0
7993,-1,70,0
7994,-1,50,0
7994,-1,60,0
7994,-1,70,0
7995,-1,50,0
7995,-1,60,0
7995,-1,70,0
7996,-1,50,0
7996,-1,60,1
7996,-1,70,1
7997,-1,50,0
7997,-1,60,0
7997,-1,70,0
7998,77.49534824,50,1
7998,77.49534824,60,1
7998,77.49534824,70,1
7999,-1,50,0
7999,-1,60,0
7999,-1,70,0
8000,57.35786367,50,0
8000,57.35786367,60,1
8000,57.35786367,70,0
8001,-1,50,0
8001,-1,60,0
8001,-1,70,0
8002,64.60041898,50,0
8002,64.60041898,60,0
8002,64.60041898,70,1
8003,-1,50,1
8003,-1,60,2
8003,-1,70,3
8004,-1,50,0
8004,-1,60,0
8004,-1,70,0
8005,-1,50,0
8005,-1,60,1
8005,-1,70,1
8006,-1,50,0
8006,-1,60,0
8006,-1,70,0
8007,-1,50,0
8007,-1,60,0
8007,-1,70,0
8008,-1,50,0
8008,-1,60,0
8008,-1,70,2
8009,-1,50,0
8009,-1,60,0
8009,-1,70,0
8010,-1,50,0
8010,-1,60,0
8010,-1,70,0
8011,-1,50,0
8011,-1,60,0
8011,-1,70,1
8012,-1,50,0
8012,-1,60,0
8012,-1,70,0
8013,-1,50,0
8013,-1,60,0
8013,-1,70,0
8014,-1,50,0
8014,-1,60,0
8014,-1,70,0
8015,-1,50,0
8015,-1,60,1
8015,-1,70,3
8016,-1,50,0
8016,-1,60,0
8016,-1,70,0
8017,-1,50,0
8017,-1,60,0
8017,-1,70,0
8018,-1,50,0
8018,-1,60,0
8018,-1,70,1
8019,-1,50,0
8019,-1,60,0
8019,-1,70,0
8020,-1,50,0
8020,-1,60,0
8020,-1,70,0
8021,-1,50,0
8021,-1,60,0
8021,-1,70,0
8022,-1,50,0
8022,-1,60,0
8022,-1,70,0
8023,-1,50,0
8023,-1,60,0
8023,-1,70,0
8024,-1,50,0
8024,-1,60,0
8024,-1,70,1
8025,-1,50,0
8025,-1,60,1
8025,-1,70,1
8026,-1,50,0
8026,-1,60,0
8026,-1,70,0
8027,-1,50,0
8027,-1,60,0
8027,-1,70,0
8028,-1,50,0
8028,-1,60,0
8028,-1,70,0
8029,-1,50,0
8029,-1,60,1
8029,-1,70,1
8030,-1,50,0
8030,-1,60,0
8030,-1,70,0
8031,-1,50,0
8031,-1,60,0
8031,-1,70,0
8032,59.9616793,50,0
8032,59.9616793,60,2
8032,59.9616793,70,0
8033,-1,50,0
8033,-1,60,0
8033,-1,70,0
8034,-1,50,0
8034,-1,60,0
8034,-1,70,1
8035,-1,50,0
8035,-1,60,0
8035,-1,70,1
8036,-1,50,0
8036,-1,60,0
8036,-1,70,0
8037,-1,50,0
8037,-1,60,0
8037,-1,70,0
8038,-1,50,0
8038,-1,60,0
8038,-1,70,1
8039,-1,50,0
8039,-1,60,0
8039,-1,70,0
8040,-1,50,0
8040,-1,60,0
8040,-1,70,1
8041,-1,50,0
8041,-1,60,1
8041,-1,70,1
8042,-1,50,0
8042,-1,60,0
8042,-1,70,0
8043,-1,50,0
8043,-1,60,0
8043,-1,70,1
8044,-1,50,0
8044,-1,60,0
8044,-1,70,0
8045,-1,50,0
8045,-1,60,0
8045,-1,70,0
8046,-1,50,0
8046,-1,60,0
8046,-1,70,0
8047,-1,50,0
8047,-1,60,0
8047,-1,70,0
8048,-1,50,2
8048,-1,60,2
8048,-1,70,2
8049,73.42230853,50,1
8049,73.42230853,60,2
8049,73.42230853,70,2
8050,-1,50,0
8050,-1,60,0
8050,-1,70,0
8051,-1,50,0
8051,-1,60,0
8051,-1,70,0
8052,76.62815634,50,1
8052,76.62815634,60,1
8052,76.62815634,70,1
8053,-1,50,0
8053,-1,60,0
8053,-1,70,2
8054,-1,50,0
8054,-1,60,0
8054,-1,70,0
8055,-1,50,0
8055,-1,60,0
8055,-1,70,1
8056,-1,50,0
8056,-1,60,0
8056,-1,70,0
8057,-1,50,0
8057,-1,60,0
8057,-1,70,0
8058,-1,50,0
8058,-1,60,0
8058,-1,70,0
8059,-1,50,1
8059,-1,60,1
8059,-1,70,1
8060,-1,50,0
8060,-1,60,0
8060,-1,70,0
8061,-1,50,0
8061,-1,60,1
8061,-1,70,1
8062,-1,50,0
8062,-1,60,0
8062,-1,70,1
8063,-1,50,0
8063,-1,60,0
8063,-1,70,0
8064,-1,50,0
8064,-1,60,0
8064,-1,70,0
8065,-1,50,0
8065,-1,60,0
8065,-1,70,0
8066,-1,50,0
8066,-1,60,0
8066,-1,70,0
8067,-1,50,0
8067,-1,60,0
8067,-1,70,1
8068,-1,50,0
8068,-1,60,0
8068,-1,70,0
8069,-1,50,0
8069,-1,60,0
8069,-1,70,0
8070,-1,50,0
8070,-1,60,1
8070,-1,70,1
8071,-1,50,0
8071,-1,60,0
8071,-1,70,0
8072,-1,50,2
8072,-1,60,3
8072,-1,70,4
8073,-1,50,0
8073,-1,60,0
8073,-1,70,0
8074,-1,50,1
8074,-1,60,1
8074,-1,70,1
8075,66.99207065,50,1
8075,66.99207065,60,2
8075,66.99207065,70,2
8076,62.69378376,50,1
8076,62.69378376,60,1
8076,62.69378376,70,2
8077,-1,50,0
8077,-1,60,0
8077,-1,70,0
8078,-1,50,0
8078,-1,60,0
8078,-1,70,0
8079,-1,50,0
8079,-1,60,0
8079,-1,70,0
8080,-1,50,0
8080,-1,60,0
8080,-1,70,1
8081,72.08640274,50,1
8081,72.08640274,60,2
8081,72.08640274,70,2
8082,67.57886827,50,2
8082,67.57886827,60,2
8082,67.57886827,70,2
8083,-1,50,0
8083,-1,60,0
8083,-1,70,0
8084,65.67296386,50,1
8084,65.67296386,60,1
8084,65.67296386,70,1
8085,-1,50,0
8085,-1,60,0
8085,-1,70,0
8086,-1,50,0
8086,-1,60,0
8086,-1,70,0
8087,58.51955878,50,0
8087,58.51955878,60,1
8087,58.51955878,70,0
8088,-1,50,0
8088,-1,60,0
8088,-1,70,0
8089,79.7194938,50,0
8089,79.7194938,60,1
8089,79.7194938,70,1
8090,-1,50,0
8090,-1,60,0
8090,-1,70,1
8091,-1,50,0
8091,-1,60,0
8091,-1,70,1
8092,-1,50,0
8092,-1,60,0
8092,-1,70,0
8093,-1,50,0
8093,-1,60,0
8093,-1,70,1
8094,-1,50,0
8094,-1,60,0
8094,-1,70,1
8095,-1,50,0
8095,-1,60,0
8095,-1,70,1
8096,-1,50,0
8096,-1,60,2
8096,-1,70,2
8097,-1,50,0
8097,-1,60,0
8097,-1,70,0
8098,-1,50,0
8098,-1,60,1
8098,-1,70,1
8099,-1,50,0
8099,-1,60,1
8099,-1,70,1
8100,-1,50,0
8100,-1,60,1
8100,-1,70,2
8101,-1,50,0
8101,-1,60,0
8101,-1,70,0
8102,-1,50,0
8102,-1,60,0
8102,-1,70,0
8103,64.03547165,50,0
8103,64.03547165,60,1
8103,64.03547165,70,1
8104,-1,50,0
8104,-1,60,0
8104,-1,70,0
8105,-1,50,0
8105,-1,60,0
8105,-1,70,1
8106,-1,50,0
8106,-1,60,1
8106,-1,70,1
8107,-1,50,0
8107,-1,60,0
8107,-1,70,1
8108,-1,50,0
8108,-1,60,0
8108,-1,70,0
8109,-1,50,1
8109,-1,60,1
8109,-1,70,1
8110,-1,50,0
8110,-1,60,1
8110,-1,70,1
8111,-1,50,0
8111,-1,60,0
8111,-1,70,0
8112,-1,50,0
8112,-1,60,0
8112,-1,70,0
8113,-1,50,0
8113,-1,60,0
8113,-1,70,0
8114,-1,50,0
8114,-1,60,0
8114,-1,70,1
8115,-1,50,0
8115,-1,60,0
8115,-1,70,0
8116,-1,50,0
8116,-1,60,0
8116,-1,70,0
8117,-1,50,0
8117,-1,60,0
8117,-1,70,0
8118,75.4599082,50,0
8118,75.4599082,60,1
8118,75.4599082,70,1
8119,-1,50,0
8119,-1,60,0
8119,-1,70,1
8120,-1,50,0
8120,-1,60,0
8120,-1,70,0
8121,66.58330803,50,1
8121,66.58330803,60,1
8121,66.58330803,70,1
8122,-1,50,0
8122,-1,60,1
8122,-1,70,2
8123,-1,50,0
8123,-1,60,0
8123,-1,70,0
8124,-1,50,0
8124,-1,60,0
8124,-1,70,0
8125,-1,50,0
8125,-1,60,0
8125,-1,70,0
8126,-1,50,0
8126,-1,60,0
8126,-1,70,0
8127,-1,50,0
8127,-1,60,0
8127,-1,70,1
8128,-1,50,0
8128,-1,60,0
8128,-1,70,0
8129,-1,50,1
8129,-1,60,1
8129,-1,70,2
8130,-1,50,0
8130,-1,60,0
8130,-1,70,2
8131,-1,50,0
8131,-1,60,1
8131,-1,70,1
8132,-1,50,0
8132,-1,60,0
8132,-1,70,0
8133,-1,50,1
8133,-1,60,1
8133,-1,70,1
8134,-1,50,0
8134,-1,60,0
8134,-1,70,0
8135,-1,50,1
8135,-1,60,1
8135,-1,70,1
8136,-1,50,0
8136,-1,60,0
8136,-1,70,0
8137,71.76055481,50,1
8137,71.76055481,60,2
8137,71.76055481,70,2
8138,-1,50,0
8138,-1,60,0
8138,-1,70,0
8139,69.59359084,50,1
8139,69.59359084,60,1
8139,69.59359084,70,1
8140,-1,50,0
8140,-1,60,1
8140,-1,70,2
8141,-1,50,0
8141,-1,60,0
8141,-1,70,1
8142,-1,50,0
8142,-1,60,0
8142,-1,70,0
8143,71.88967124,50,0
8143,71.88967124,60,0
8143,71.88967124,70,1
8144,-1,50,0
8144,-1,60,0
8144,-1,70,1
8145,-1,50,0
8145,-1,60,0
8145,-1,70,1
8146,-1,50,1
8146,-1,60,2
8146,-1,70,2
8147,-1,50,0
8147,-1,60,0
8147,-1,70,0
8148,-1,50,0
8148,-1,60,0
8148,-1,70,0
8149,-1,50,0
8149,-1,60,0
8149,-1,70,0
8150,-1,50,0
8150,-1,60,0
8150,-1,70,0
8151,-1,50,0
8151,-1,60,0
8151,-1,70,0
8152,75.04143042,50,1
8152,75.04143042,60,1
8152,75.04143042,70,2
8153,-1,50,0
8153,-1,60,1
8153,-1,70,1
8154,-1,50,0
8154,-1,60,0
8154,-1,70,0
8155,-1,50,0
8155,-1,60,0
8155,-1,70,1
8156,42.65027297,50,0
8156,42.65027297,60,0
8156,42.65027297,70,0
8157,-1,50,0
8157,-1,60,0
8157,-1,70,1
8158,-1,50,0
8158,-1,60,0
8158,-1,70,0
8159,-1,50,0
8159,-1,60,0
8159,-1,70,0
8160,-1,50,0
8160,-1,60,1
8160,-1,70,1
8161,-1,50,0
8161,-1,60,0
8161,-1,70,0
8162,-1,50,0
8162,-1,60,1
8162,-1,70,2
8163,-1,50,1
8163,-1,60,1
8163,-1,70,1
8164,-1,50,0
8164,-1,60,0
8164,-1,70,0
8165,73.87644676,50,1
8165,73.87644676,60,2
8165,73.87644676,70,3
8166,-1,50,0
8166,-1,60,0
8166,-1,70,0
8167,-1,50,0
8167,-1,60,0
8167,-1,70,0
8168,-1,50,0
8168,-1,60,0
8168,-1,70,0
8169,-1,50,0
8169,-1,60,0
8169,-1,70,0
8170,-1,50,0
8170,-1,60,0
8170,-1,70,0
8171,-1,50,0
8171,-1,60,0
8171,-1,70,0
8172,-1,50,0
8172,-1,60,1
8172,-1,70,1
8173,-1,50,0
8173,-1,60,0
8173,-1,70,0
8174,-1,50,0
8174,-1,60,0
8174,-1,70,0
8175,-1,50,1
8175,-1,60,1
8175,-1,70,1
8176,-1,50,0
8176,-1,60,0
8176,-1,70,0
8177,-1,50,0
8177,-1,60,0
8177,-1,70,0
8178,77.28787429,50,1
8178,77.28787429,60,4
8178,77.28787429,70,4
8179,-1,50,0
8179,-1,60,0
8179,-1,70,2
8180,69.05892638,50,1
8180,69.05892638,60,1
8180,69.05892638,70,1
8181,-1,50,0
8181,-1,60,0
8181,-1,70,1
8182,-1,50,0
8182,-1,60,0
8182,-1,70,0
8183,-1,50,0
8183,-1,60,0
8183,-1,70,0
8184,-1,50,0
8184,-1,60,0
8184,-1,70,0
8185,-1,50,0
8185,-1,60,0
8185,-1,70,0
8186,-1,50,1
8186,-1,60,1
8186,-1,70,1
8187,-1,50,0
8187,-1,60,0
8187,-1,70,1
8188,-1,50,0
8188,-1,60,0
8188,-1,70,0
8189,-1,50,0
8189,-1,60,0
8189,-1,70,1
8190,-1,50,0
8190,-1,60,0
8190,-1,70,1
8191,-1,50,0
8191,-1,60,1
8191,-1,70,1
8192,-1,50,0
8192,-1,60,0
8192,-1,70,0
8193,-1,50,0
8193,-1,60,0
8193,-1,70,0
8194,-1,50,0
8194,-1,60,0
8194,-1,70,0
8195,-1,50,0
8195,-1,60,0
8195,-1,70,0
8196,-1,50,0
8196,-1,60,0
8196,-1,70,0
8197,-1,50,0
8197,-1,60,0
8197,-1,70,0
8198,43.02737946,50,1
8198,43.02737946,60,0
8198,43.02737946,70,0
8199,-1,50,0
8199,-1,60,0
8199,-1,70,0
8200,78.82669582,50,0
8200,78.82669582,60,1
8200,78.82669582,70,1
8201,-1,50,0
8201,-1,60,0
8201,-1,70,0
8202,-1,50,1
8202,-1,60,1
8202,-1,70,1
8203,-1,50,0
8203,-1,60,0
8203,-1,70,0
8204,-1,50,0
8204,-1,60,0
8204,-1,70,0
8205,-1,50,0
8205,-1,60,1
8205,-1,70,1
8206,-1,50,0
8206,-1,60,0
8206,-1,70,2
8207,-1,50,0
8207,-1,60,0
8207,-1,70,0
8208,-1,50,0
8208,-1,60,0
8208,-1,70,1
8209,-1,50,0
8209,-1,60,0
8209,-1,70,0
8210,-1,50,0
8210,-1,60,0
8210,-1,70,2
8211,-1,50,0
8211,-1,60,0
8211,-1,70,0
8212,-1,50,0
8212,-1,60,0
8212,-1,70,0
8213,-1,50,0
8213,-1,60,0
8213,-1,70,0
8214,-1,50,0
8214,-1,60,1
8214,-1,70,2
8215,-1,50,0
8215,-1,60,0
8215,-1,70,0
8216,-1,50,0
8216,-1,60,0
8216,-1,70,0
8217,-1,50,0
8217,-1,60,1
8217,-1,70,1
8218,76.5961176,50,1
8218,76.5961176,60,1
8218,76.5961176,70,1
8219,54.76307823,50,1
8219,54.76307823,60,2
8219,54.76307823,70,0
8220,-1,50,0
8220,-1,60,0
8220,-1,70,0
8221,-1,50,0
8221,-1,60,0
8221,-1,70,0
8222,-1,50,0
8222,-1,60,0
8222,-1,70,0
8223,73.72856866,50,0
8223,73.72856866,60,0
8223,73.72856866,70,2
8224,-1,50,0
8224,-1,60,0
8224,-1,70,2
8225,-1,50,0
8225,-1,60,0
8225,-1,70,0
8226,-1,50,0
8226,-1,60,0
8226,-1,70,0
8227,-1,50,0
8227,-1,60,0
8227,-1,70,0
8228,68.44260717,50,1
8228,68.44260717,60,1
8228,68.44260717,70,2
8229,-1,50,0
8229,-1,60,0
8229,-1,70,0
8230,-1,50,0
8230,-1,60,0
8230,-1,70,0
8231,-1,50,0
8231,-1,60,0
8231,-1,70,0
8232,-1,50,0
8232,-1,60,0
8232,-1,70,1
8233,-1,50,2
8233,-1,60,3
8233,-1,70,3
8234,-1,50,0
8234,-1,60,0
8234,-1,70,0
8235,-1,50,0
8235,-1,60,0
8235,-1,70,0
8236,-1,50,0
8236,-1,60,0
8236,-1,70,1
8237,-1,50,0
8237,-1,60,0
8237,-1,70,0
8238,79.56010896,50,0
8238,79.56010896,60,1
8238,79.56010896,70,2
8239,-1,50,0
8239,-1,60,0
8239,-1,70,0
8240,-1,50,0
8240,-1,60,0
8240,-1,70,0
8241,-1,50,0
8241,-1,60,0
8241,-1,70,1
8242,-1,50,0
8242,-1,60,0
8242,-1,70,1
8243,-1,50,0
8243,-1,60,0
8243,-1,70,0
8244,-1,50,0
8244,-1,60,0
8244,-1,70,1
8245,-1,50,0
8245,-1,60,0
8245,-1,70,0
8246,53.81604062,50,1
8246,53.81604062,60,1
8246,53.81604062,70,0
8247,-1,50,0
8247,-1,60,0
8247,-1,70,1
8248,-1,50,0
8248,-1,60,0
8248,-1,70,0
8249,-1,50,0
8249,-1,60,0
8249,-1,70,0
8250,76.61463533,50,0
8250,76.61463533,60,1
8250,76.61463533,70,1
8251,-1,50,0
8251,-1,60,0
8251,-1,70,1
8252,-1,50,0
8252,-1,60,0
8252,-1,70,0
8253,67.57675811,50,0
8253,67.57675811,60,0
8253,67.57675811,70,2
8254,-1,50,0
8254,-1,60,0
8254,-1,70,2
8255,-1,50,0
8255,-1,60,0
8255,-1,70,0
8256,-1,50,0
8256,-1,60,0
8256,-1,70,0
8257,-1,50,0
8257,-1,60,0
8257,-1,70,0
8258,79.40252728,50,1
8258,79.40252728,60,1
8258,79.40252728,70,1
8259,64.36472142,50,0
8259,64.36472142,60,1
8259,64.36472142,70,2
8260,-1,50,0
8260,-1,60,1
8260,-1,70,1
8261,60.74616621,50,1
8261,60.74616621,60,1
8261,60.74616621,70,1
8262,-1,50,0
8262,-1,60,2
8262,-1,70,3
8263,-1,50,0
8263,-1,60,0
8263,-1,70,1
8264,-1,50,0
8264,-1,60,0
8264,-1,70,0
8265,-1,50,0
8265,-1,60,0
8265,-1,70,0
8266,-1,50,0
8266,-1,60,1
8266,-1,70,2
8267,-1,50,0
8267,-1,60,0
8267,-1,70,2
8268,48.52740353,50,1
8268,48.52740353,60,0
8268,48.52740353,70,0
8269,-1,50,0
8269,-1,60,0
8269,-1,70,0
8270,-1,50,0
8270,-1,60,0
8270,-1,70,0
8271,-1,50,0
8271,-1,60,0
8271,-1,70,0
8272,-1,50,0
8272,-1,60,0
8272,-1,70,0
8273,-1,50,1
8273,-1,60,1
8273,-1,70,1
8274,-1,50,0
8274,-1,60,0
8274,-1,70,0
8275,-1,50,0
8275,-1,60,0
8275,-1,70,0
8276,-1,50,0
8276,-1,60,0
8276,-1,70,0
8277,-1,50,0
8277,-1,60,0
8277,-1,70,0
8278,-1,50,0
8278,-1,60,0
8278,-1,70,0
8279,-1,50,0
8279,-1,60,0
8279,-1,70,1
8280,-1,50,0
8280,-1,60,0
8280,-1,70,0
8281,69.24073515,50,0
8281,69.24073515,60,0
8281,69.24073515,70,1
8282,-1,50,0
8282,-1,60,1
8282,-1,70,2
8283,-1,50,0
8283,-1,60,0
8283,-1,70,0
8284,-1,50,0
8284,-1,60,0
8284,-1,70,0
8285,-1,50,0
8285,-1,60,2
8285,-1,70,3
8286,-1,50,0
8286,-1,60,0
8286,-1,70,0
8287,-1,50,0
8287,-1,60,0
8287,-1,70,0
8288,-1,50,0
8288,-1,60,0
8288,-1,70,1
8289,-1,50,0
8289,-1,60,0
8289,-1,70,1
8290,-1,50,0
8290,-1,60,0
8290,-1,70,1
8291,-1,50,0
8291,-1,60,0
8291,-1,70,0
8292,-1,50,0
8292,-1,60,0
8292,-1,70,0
8293,-1,50,1
8293,-1,60,1
8293,-1,70,2
8294,-1,50,0
8294,-1,60,0
8294,-1,70,0
8295,-1,50,0
8295,-1,60,0
8295,-1,70,1
8296,-1,50,0
8296,-1,60,0
8296,-1,70,0
8297,-1,50,0
8297,-1,60,1
8297,-1,70,1
8298,62.55528693,50,1
8298,62.55528693,60,1
8298,62.55528693,70,2
8299,-1,50,0
8299,-1,60,0
8299,-1,70,0
8300,-1,50,0
8300,-1,60,0
8300,-1,70,0
8301,67.33035131,50,1
8301,67.33035131,60,1
8301,67.33035131,70,2
8302,-1,50,0
8302,-1,60,0
8302,-1,70,0
8303,-1,50,0
8303,-1,60,0
8303,-1,70,0
8304,-1,50,0
8304,-1,60,0
8304,-1,70,0
8305,-1,50,0
8305,-1,60,0
8305,-1,70,0
8306,-1,50,0
8306,-1,60,0
8306,-1,70,0
8307,-1,50,0
8307,-1,60,0
8307,-1,70,0
8308,-1,50,0
8308,-1,60,0
8308,-1,70,0
8309,-1,50,0
8309,-1,60,0
8309,-1,70,0
8310,-1,50,1
8310,-1,60,2
8310,-1,70,2
8311,-1,50,0
8311,-1,60,0
8311,-1,70,1
8312,73.0730454,50,1
8312,73.0730454,60,1
8312,73.0730454,70,1
8313,-1,50,0
8313,-1,60,0
8313,-1,70,1
8314,-1,50,0
8314,-1,60,0
8314,-1,70,0
8315,-1,50,0
8315,-1,60,1
8315,-1,70,1
8316,-1,50,0
8316,-1,60,0
8316,-1,70,1
8317,-1,50,1
8317,-1,60,1
8317,-1,70,1
8318,-1,50,0
8318,-1,60,0
8318,-1,70,0
8319,-1,50,0
8319,-1,60,1
8319,-1,70,3
8320,-1,50,0
8320,-1,60,0
8320,-1,70,3
8321,-1,50,0
8321,-1,60,0
8321,-1,70,1
8322,-1,50,0
8322,-1,60,0
8322,-1,70,0
8323,-1,50,0
8323,-1,60,0
8323,-1,70,0
8324,-1,50,0
8324,-1,60,0
8324,-1,70,0
8325,-1,50,1
8325,-1,60,1
8325,-1,70,3
8326,-1,50,0
8326,-1,60,0
8326,-1,70,1
8327,-1,50,0
8327,-1,60,0
8327,-1,70,0
8328,-1,50,1
8328,-1,60,1
8328,-1,70,1
8329,-1,50,0
8329,-1,60,0
8329,-1,70,0
8330,-1,50,0
8330,-1,60,0
8330,-1,70,0
8331,-1,50,0
8331,-1,60,1
8331,-1,70,1
8332,-1,50,0
8332,-1,60,0
8332,-1,70,0
8333,47.69274244,50,1
8333,47.69274244,60,0
8333,47.69274244,70,0
8334,-1,50,0
8334,-1,60,0
8334,-1,70,0
8335,-1,50,0
8335,-1,60,0
8335,-1,70,0
8336,-1,50,0
8336,-1,60,0
8336,-1,70,0
8337,73.66934533,50,1
8337,73.66934533,60,1
8337,73.66934533,70,1
8338,-1,50,0
8338,-1,60,0
8338,-1,70,0
8339,-1,50,0
8339,-1,60,0
8339,-1,70,0
8340,59.37048211,50,0
8340,59.37048211,60,0
8340,59.37048211,70,0
8341,-1,50,0
8341,-1,60,0
8341,-1,70,0
8342,-1,50,1
8342,-1,60,1
8342,-1,70,1
8343,-1,50,0
8343,-1,60,0
8343,-1,70,0
8344,-1,50,0
8344,-1,60,1
8344,-1,70,1
8345,-1,50,0
8345,-1,60,0
8345,-1,70,2
8346,-1,50,1
8346,-1,60,1
8346,-1,70,1
8347,-1,50,0
8347,-1,60,0
8347,-1,70,1
8348,-1,50,0
8348,-1,60,0
8348,-1,70,0
8349,-1,50,0
8349,-1,60,1
8349,-1,70,1
8350,-1,50,0
8350,-1,60,0
8350,-1,70,1
8351,-1,50,1
8351,-1,60,2
8351,-1,70,2
8352,64.19020226,50,0
8352,64.19020226,60,0
8352,64.19020226,70,1
8353,-1,50,0
8353,-1,60,0
8353,-1,70,0
8354,-1,50,0
8354,-1,60,0
8354,-1,70,2
8355,-1,50,0
8355,-1,60,0
8355,-1,70,1
8356,-1,50,0
8356,-1,60,0
8356,-1,70,0
8357,71.79993358,50,1
8357,71.79993358,60,1
8357,71.79993358,70,1
8358,-1,50,0
8358,-1,60,0
8358,-1,70,0
8359,-1,50,0
8359,-1,60,0
8359,-1,70,0
8360,74.92290038,50,1
8360,74.92290038,60,1
8360,74.92290038,70,1
8361,-1,50,0
8361,-1,60,2
8361,-1,70,2
8362,-1,50,0
8362,-1,60,1
8362,-1,70,1
8363,-1,50,0
8363,-1,60,0
8363,-1,70,0
8364,-1,50,0
8364,-1,60,0
8364,-1,70,0
8365,73.29291076,50,1
8365,73.29291076,60,1
8365,73.29291076,70,1
8366,-1,50,0
8366,-1,60,1
8366,-1,70,2
8367,-1,50,0
8367,-1,60,0
8367,-1,70,1
8368,71.72324678,50,1
8368,71.72324678,60,1
8368,71.72324678,70,1
8369,-1,50,0
8369,-1,60,0
8369,-1,70,1
8370,-1,50,0
8370,-1,60,1
8370,-1,70,1
8371,-1,50,0
8371,-1,60,0
8371,-1,70,0
8372,-1,50,0
8372,-1,60,0
8372,-1,70,2
8373,-1,50,0
8373,-1,60,1
8373,-1,70,3
8374,-1,50,0
8374,-1,60,1
8374,-1,70,1
8375,-1,50,1
8375,-1,60,1
8375,-1,70,1
8376,38.04161224,50,1
8376,38.04161224,60,0
8376,38.04161224,70,0
8377,-1,50,0
8377,-1,60,0
8377,-1,70,0
8378,66.910908,50,0
8378,66.910908,60,1
8378,66.910908,70,1
8379,-1,50,0
8379,-1,60,0
8379,-1,70,0
8380,-1,50,0
8380,-1,60,0
8380,-1,70,0
8381,-1,50,0
8381,-1,60,0
8381,-1,70,0
8382,-1,50,1
8382,-1,60,1
8382,-1,70,1
8383,-1,50,0
8383,-1,60,0
8383,-1,70,0
8384,-1,50,0
8384,-1,60,0
8384,-1,70,0
8385,-1,50,0
8385,-1,60,1
8385,-1,70,1
8386,-1,50,0
8386,-1,60,0
8386,-1,70,0
8387,-1,50,0
8387,-1,60,0
8387,-1,70,0
8388,-1,50,0
8388,-1,60,0
8388,-1,70,1
8389,-1,50,0
8389,-1,60,0
8389,-1,70,0
8390,-1,50,0
8390,-1,60,0
8390,-1,70,1
8391,-1,50,0
8391,-1,60,0
8391,-1,70,0
8392,68.25296325,50,2
8392,68.25296325,60,2
8392,68.25296325,70,2
8393,-1,50,0
8393,-1,60,1
8393,-1,70,1
8394,-1,50,0
8394,-1,60,0
8394,-1,70,0
8395,-1,50,0
8395,-1,60,0
8395,-1,70,0
8396,-1,50,0
8396,-1,60,0
8396,-1,70,1
8397,-1,50,0
8397,-1,60,0
8397,-1,70,0
8398,-1,50,0
8398,-1,60,0
8398,-1,70,1
8399,-1,50,0
8399,-1,60,0
8399,-1,70,1
8400,-1,50,0
8400,-1,60,0
8400,-1,70,1
8401,-1,50,0
8401,-1,60,0
8401,-1,70,0
8402,-1,50,0
8402,-1,60,0
8402,-1,70,0
8403,-1,50,0
8403,-1,60,0
8403,-1,70,0
8404,-1,50,0
8404,-1,60,0
8404,-1,70,0
8405,-1,50,0
8405,-1,60,0
8405,-1,70,0
8406,38.1994147,50,0
8406,38.1994147,60,0
8406,38.1994147,70,0
8407,-1,50,0
8407,-1,60,0
8407,-1,70,1
8408,-1,50,1
8408,-1,60,1
8408,-1,70,1
8409,69.74162062,50,1
8409,69.74162062,60,1
8409,69.74162062,70,2
8410,-1,50,0
8410,-1,60,0
8410,-1,70,0
8411,-1,50,0
8411,-1,60,0
8411,-1,70,0
8412,-1,50,0
8412,-1,60,0
8412,-1,70,0
8413,-1,50,0
8413,-1,60,0
8413,-1,70,1
8414,51.84667962,50,0
8414,51.84667962,60,2
8414,51.84667962,70,0
8415,-1,50,0
8415,-1,60,0
8415,-1,70,0
8416,-1,50,0
8416,-1,60,0
8416,-1,70,0
8417,-1,50,0
8417,-1,60,0
8417,-1,70,0
8418,-1,50,0
8418,-1,60,1
8418,-1,70,1
8419,-1,50,1
8419,-1,60,1
8419,-1,70,2
8420,-1,50,1
8420,-1,60,1
8420,-1,70,1
8421,-1,50,1
8421,-1,60,1
8421,-1,70,2
8422,-1,50,0
8422,-1,60,0
8422,-1,70,0
8423,-1,50,0
8423,-1,60,0
8423,-1,70,1
8424,78.63717857,50,0
8424,78.63717857,60,0
8424,78.63717857,70,3
8425,67.20830701,50,1
8425,67.20830701,60,1
8425,67.20830701,70,1
8426,-1,50,0
8426,-1,60,0
8426,-1,70,1
8427,-1,50,0
8427,-1,60,0
8427,-1,70,1
8428,-1,50,0
8428,-1,60,0
8428,-1,70,0
8429,-1,50,0
8429,-1,60,0
8429,-1,70,0
8430,-1,50,0
8430,-1,60,0
8430,-1,70,0
8431,-1,50,0
8431,-1,60,0
8431,-1,70,0
8432,-1,50,0
8432,-1,60,0
8432,-1,70,2
8433,-1,50,0
8433,-1,60,0
8433,-1,70,0
8434,-1,50,0
8434,-1,60,0
8434,-1,70,1
8435,-1,50,0
8435,-1,60,0
8435,-1,70,0
8436,-1,50,0
8436,-1,60,0
8436,-1,70,0
8437,-1,50,0
8437,-1,60,0
8437,-1,70,0
8438,-1,50,0
8438,-1,60,1
8438,-1,70,4
8439,-1,50,0
8439,-1,60,0
8439,-1,70,3
8440,-1,50,0
8440,-1,60,0
8440,-1,70,0
8441,-1,50,0
8441,-1,60,0
8441,-1,70,0
8442,69.74979862,50,0
8442,69.74979862,60,3
8442,69.74979862,70,3
8443,41.82183464,50,1
8443,41.82183464,60,0
8443,41.82183464,70,0
8444,71.43927993,50,1
8444,71.43927993,60,1
8444,71.43927993,70,1
8445,-1,50,0
8445,-1,60,1
8445,-1,70,1
8446,-1,50,0
8446,-1,60,0
8446,-1,70,0
8447,-1,50,0
8447,-1,60,0
8447,-1,70,0
8448,70.05662523,50,0
8448,70.05662523,60,1
8448,70.05662523,70,1
8449,-1,50,0
8449,-1,60,0
8449,-1,70,1
8450,65.58133419,50,1
8450,65.58133419,60,1
8450,65.58133419,70,1
8451,-1,50,0
8451,-1,60,0
8451,-1,70,0
8452,-1,50,0
8452,-1,60,1
8452,-1,70,2
8453,-1,50,0
8453,-1,60,0
8453,-1,70,0
8454,73.91811831,50,1
8454,73.91811831,60,1
8454,73.91811831,70,2
8455,-1,50,0
8455,-1,60,0
8455,-1,70,0
8456,-1,50,0
8456,-1,60,0
8456,-1,70,0
8457,76.01522223,50,0
8457,76.01522223,60,0
8457,76.01522223,70,0
8458,-1,50,0
8458,-1,60,1
8458,-1,70,1
8459,-1,50,1
8459,-1,60,1
8459,-1,70,2
8460,-1,50,0
8460,-1,60,0
8460,-1,70,0
8461,64.36343408,50,0
8461,64.36343408,60,0
8461,64.36343408,70,0
8462,-1,50,0
8462,-1,60,0
8462,-1,70,2
8463,-1,50,1
8463,-1,60,1
8463,-1,70,1
8464,-1,50,0
8464,-1,60,0
8464,-1,70,0
8465,-1,50,0
8465,-1,60,0
8465,-1,70,0
8466,-1,50,0
8466,-1,60,0
8466,-1,70,0
8467,77.6168344,50,2
8467,77.6168344,60,2
8467,77.6168344,70,3
8468,74.05539938,50,0
8468,74.05539938,60,0
8468,74.05539938,70,0
8469,-1,50,0
8469,-1,60,0
8469,-1,70,0
8470,-1,50,0
8470,-1,60,1
8470,-1,70,1
8471,-1,50,0
8471,-1,60,0
8471,-1,70,0
8472,-1,50,0
8472,-1,60,1
8472,-1,70,1
8473,74.66001837,50,1
8473,74.66001837,60,1
8473,74.66001837,70,1
8474,-1,50,0
8474,-1,60,1
8474,-1,70,1
8475,-1,50,1
8475,-1,60,1
8475,-1,70,1
8476,-1,50,0
8476,-1,60,0
8476,-1,70,0
8477,-1,50,0
8477,-1,60,1
8477,-1,70,3
8478,54.48727791,50,0
8478,54.48727791,60,0
8478,54.48727791,70,0
8479,-1,50,0
8479,-1,60,1
8479,-1,70,1
8480,-1,50,0
8480,-1,60,0
8480,-1,70,0
8481,-1,50,0
8481,-1,60,0
8481,-1,70,0
8482,74.16476355,50,2
8482,74.16476355,60,2
8482,74.16476355,70,2
8483,-1,50,1
8483,-1,60,2
8483,-1,70,2
8484,-1,50,0
8484,-1,60,0
8484,-1,70,0
8485,-1,50,0
8485,-1,60,0
8485,-1,70,0
8486,-1,50,0
8486,-1,60,0
8486,-1,70,0
8487,-1,50,0
8487,-1,60,0
8487,-1,70,0
8488,-1,50,0
8488,-1,60,1
8488,-1,70,1
8489,79.94688547,50,0
8489,79.94688547,60,2
8489,79.94688547,70,2
8490,-1,50,0
8490,-1,60,0
8490,-1,70,0
8491,-1,50,0
8491,-1,60,1
8491,-1,70,1
8492,-1,50,0
8492,-1,60,0
8492,-1,70,0
8493,-1,50,0
8493,-1,60,0
8493,-1,70,0
8494,76.35513068,50,1
8494,76.35513068,60,1
8494,76.35513068,70,2
8495,-1,50,0
8495,-1,60,0
8495,-1,70,0
8496,-1,50,0
8496,-1,60,0
8496,-1,70,0
8497,-1,50,0
8497,-1,60,0
8497,-1,70,1
8498,-1,50,1
8498,-1,60,2
8498,-1,70,2
8499,-1,50,0
8499,-1,60,1
8499,-1,70,2
8500,-1,50,0
8500,-1,60,0
8500,-1,70,0
8501,-1,50,0
8501,-1,60,0
8501,-1,70,0
8502,-1,50,0
8502,-1,60,0
8502,-1,70,0
8503,-1,50,1
8503,-1,60,2
8503,-1,70,2
8504,-1,50,0
8504,-1,60,0
8504,-1,70,0
8505,-1,50,0
8505,-1,60,0
8505,-1,70,0
8506,-1,50,0
8506,-1,60,0
8506,-1,70,1
8507,-1,50,0
8507,-1,60,0
8507,-1,70,0
8508,-1,50,0
8508,-1,60,0
8508,-1,70,0
8509,-1,50,0
8509,-1,60,0
8509,-1,70,1
8510,-1,50,0
8510,-1,60,0
8510,-1,70,0
8511,-1,50,0
8511,-1,60,0
8511,-1,70,0
8512,-1,50,0
8512,-1,60,0
8512,-1,70,0
8513,-1,50,0
8513,-1,60,0
8513,-1,70,0
8514,-1,50,0
8514,-1,60,0
8514,-1,70,1
8515,-1,50,0
8515,-1,60,0
8515,-1,70,1
8516,-1,50,0
8516,-1,60,0
8516,-1,70,0
8517,79.84654134,50,1
8517,79.84654134,60,1
8517,79.84654134,70,3
8518,-1,50,0
8518,-1,60,0
8518,-1,70,0
8519,-1,50,0
8519,-1,60,0
8519,-1,70,0
8520,-1,50,0
8520,-1,60,1
8520,-1,70,1
8521,65.94092112,50,1
8521,65.94092112,60,1
8521,65.94092112,70,1
8522,-1,50,0
8522,-1,60,0
8522,-1,70,0
8523,-1,50,0
8523,-1,60,0
8523,-1,70,1
8524,-1,50,0
8524,-1,60,0
8524,-1,70,0
8525,-1,50,0
8525,-1,60,0
8525,-1,70,0
8526,69.13642309,50,0
8526,69.13642309,60,1
8526,69.13642309,70,1
8527,-1,50,1
8527,-1,60,1
8527,-1,70,2
8528,-1,50,0
8528,-1,60,0
8528,-1,70,1
8529,74.88517064,50,0
8529,74.88517064,60,0
8529,74.88517064,70,0
8530,-1,50,0
8530,-1,60,0
8530,-1,70,0
8531,-1,50,0
8531,-1,60,0
8531,-1,70,1
8532,-1,50,0
8532,-1,60,0
8532,-1,70,0
8533,75.53956748,50,0
8533,75.53956748,60,0
8533,75.53956748,70,2
8534,-1,50,0
8534,-1,60,0
8534,-1,70,0
8535,-1,50,0
8535,-1,60,0
8535,-1,70,0
8536,-1,50,0
8536,-1,60,0
8536,-1,70,1
8537,-1,50,0
8537,-1,60,0
8537,-1,70,1
8538,-1,50,0
8538,-1,60,0
8538,-1,70,2
8539,-1,50,0
8539,-1,60,1
8539,-1,70,2
8540,-1,50,0
8540,-1,60,0
8540,-1,70,1
8541,-1,50,0
8541,-1,60,1
8541,-1,70,2
8542,-1,50,0
8542,-1,60,0
8542,-1,70,0
8543,-1,50,0
8543,-1,60,0
8543,-1,70,0
8544,-1,50,0
8544,-1,60,0
8544,-1,70,0
8545,-1,50,0
8545,-1,60,0
8545,-1,70,1
8546,-1,50,0
8546,-1,60,0
8546,-1,70,0
8547,-1,50,0
8547,-1,60,0
8547,-1,70,1
8548,-1,50,0
8548,-1,60,0
8548,-1,70,0
8549,-1,50,1
8549,-1,60,1
8549,-1,70,1
8550,67.8281107,50,0
8550,67.8281107,60,1
8550,67.8281107,70,3
8551,-1,50,0
8551,-1,60,0
8551,-1,70,1
8552,78.15968127,50,0
8552,78.15968127,60,2
8552,78.15968127,70,3
8553,-1,50,0
8553,-1,60,0
8553,-1,70,0
8554,-1,50,0
8554,-1,60,0
8554,-1,70,0
8555,-1,50,0
8555,-1,60,0
8555,-1,70,0
8556,-1,50,0
8556,-1,60,0
8556,-1,70,1
8557,-1,50,0
8557,-1,60,0
8557,-1,70,1
8558,-1,50,0
8558,-1,60,0
8558,-1,70,0
8559,-1,50,0
8559,-1,60,0
8559,-1,70,1
8560,-1,50,0
8560,-1,60,0
8560,-1,70,2
8561,-1,50,0
8561,-1,60,1
8561,-1,70,1
8562,-1,50,0
8562,-1,60,0
8562,-1,70,0
8563,-1,50,0
8563,-1,60,0
8563,-1,70,0
8564,-1,50,0
8564,-1,60,0
8564,-1,70,0
8565,-1,50,0
8565,-1,60,0
8565,-1,70,0
8566,-1,50,0
8566,-1,60,2
8566,-1,70,2
8567,-1,50,0
8567,-1,60,0
8567,-1,70,0
8568,-1,50,0
8568,-1,60,0
8568,-1,70,0
8569,69.90913986,50,0
8569,69.90913986,60,0
8569,69.90913986,70,1
8570,-1,50,0
8570,-1,60,0
8570,-1,70,1
8571,-1,50,0
8571,-1,60,0
8571,-1,70,0
8572,-1,50,0
8572,-1,60,0
8572,-1,70,0
8573,63.41701634,50,0
8573,63.41701634,60,1
8573,63.41701634,70,2
8574,-1,50,0
8574,-1,60,0
8574,-1,70,0
8575,-1,50,0
8575,-1,60,0
8575,-1,70,1
8576,-1,50,0
8576,-1,60,0
8576,-1,70,0
8577,-1,50,0
8577,-1,60,0
8577,-1,70,0
8578,-1,50,0
8578,-1,60,0
8578,-1,70,0
8579,-1,50,0
8579,-1,60,0
8579,-1,70,0
8580,-1,50,0
8580,-1,60,0
8580,-1,70,0
8581,-1,50,0
8581,-1,60,0
8581,-1,70,2
8582,-1,50,0
8582,-1,60,0
8582,-1,70,0
8583,-1,50,0
8583,-1,60,0
8583,-1,70,1
8584,-1,50,1
8584,-1,60,1
8584,-1,70,1
8585,-1,50,0
8585,-1,60,0
8585,-1,70,0
8586,-1,50,0
8586,-1,60,1
8586,-1,70,1
8587,-1,50,0
8587,-1,60,1
8587,-1,70,3
8588,-1,50,0
8588,-1,60,0
8588,-1,70,1
8589,-1,50,0
8589,-1,60,0
8589,-1,70,0
8590,67.23507413,50,1
8590,67.23507413,60,1
8590,67.23507413,70,3
8591,-1,50,0
8591,-1,60,0
8591,-1,70,0
8592,-1,50,0
8592,-1,60,0
8592,-1,70,0
8593,-1,50,0
8593,-1,60,0
8593,-1,70,0
8594,-1,50,0
8594,-1,60,0
8594,-1,70,0
8595,-1,50,1
8595,-1,60,1
8595,-1,70,1
8596,64.35417816,50,1
8596,64.35417816,60,1
8596,64.35417816,70,1
8597,75.82373834,50,1
8597,75.82373834,60,2
8597,75.82373834,70,3
8598,-1,50,1
8598,-1,60,1
8598,-1,70,1
8599,-1,50,0
8599,-1,60,0
8599,-1,70,0
8600,-1,50,0
8600,-1,60,0
8600,-1,70,0
8601,-1,50,1
8601,-1,60,1
8601,-1,70,1
8602,-1,50,0
8602,-1,60,0
8602,-1,70,0
8603,74.28127729,50,1
8603,74.28127729,60,1
8603,74.28127729,70,1
8604,-1,50,0
8604,-1,60,0
8604,-1,70,0
8605,-1,50,0
8605,-1,60,0
8605,-1,70,0
8606,-1,50,0
8606,-1,60,1
8606,-1,70,2
8607,-1,50,0
8607,-1,60,1
8607,-1,70,1
8608,-1,50,0
8608,-1,60,0
8608,-1,70,2
8609,-1,50,0
8609,-1,60,0
8609,-1,70,0
8610,-1,50,0
8610,-1,60,0
8610,-1,70,0
8611,-1,50,0
8611,-1,60,0
8611,-1,70,0
8612,-1,50,0
8612,-1,60,0
8612,-1,70,0
8613,-1,50,0
8613,-1,60,0
8613,-1,70,1
8614,54.79119641,50,1
8614,54.79119641,60,1
8614,54.79119641,70,0
8615,-1,50,1
8615,-1,60,1
8615,-1,70,1
8616,78.25146538,50,0
8616,78.25146538,60,1
8616,78.25146538,70,2
8617,-1,50,0
8617,-1,60,0
8617,-1,70,0
8618,-1,50,0
8618,-1,60,0
8618,-1,70,1
8619,-1,50,0
8619,-1,60,2
8619,-1,70,2
8620,70.47040844,50,1
8620,70.47040844,60,1
8620,70.47040844,70,2
8621,-1,50,0
8621,-1,60,0
8621,-1,70,0
8622,-1,50,0
8622,-1,60,0
8622,-1,70,0
8623,-1,50,0
8623,-1,60,0
8623,-1,70,0
8624,-1,50,0
8624,-1,60,0
8624,-1,70,0
8625,-1,50,0
8625,-1,60,0
8625,-1,70,0
8626,-1,50,0
8626,-1,60,0
8626,-1,70,0
8627,-1,50,0
8627,-1,60,0
8627,-1,70,0
8628,-1,50,0
8628,-1,60,1
8628,-1,70,2
8629,-1,50,0
8629,-1,60,0
8629,-1,70,2
8630,-1,50,0
8630,-1,60,0
8630,-1,70,0
8631,-1,50,0
8631,-1,60,0
8631,-1,70,0
8632,-1,50,0
8632,-1,60,0
8632,-1,70,0
8633,-1,50,0
8633,-1,60,0
8633,-1,70,1
8634,-1,50,0
8634,-1,60,0
8634,-1,70,0
8635,-1,50,0
8635,-1,60,0
8635,-1,70,0
8636,-1,50,0
8636,-1,60,1
8636,-1,70,2
8637,-1,50,0
8637,-1,60,0
8637,-1,70,0
8638,-1,50,0
8638,-1,60,0
8638,-1,70,0
8639,-1,50,0
8639,-1,60,0
8639,-1,70,1
8640,-1,50,0
8640,-1,60,0
8640,-1,70,0
8641,-1,50,0
8641,-1,60,1
8641,-1,70,2
8642,68.20103987,50,2
8642,68.20103987,60,2
8642,68.20103987,70,2
8643,-1,50,0
8643,-1,60,0
8643,-1,70,0
8644,-1,50,1
8644,-1,60,1
8644,-1,70,2
8645,76.4130038,50,0
8645,76.4130038,60,1
8645,76.4130038,70,1
8646,-1,50,1
8646,-1,60,1
8646,-1,70,1
8647,-1,50,0
8647,-1,60,0
8647,-1,70,0
8648,-1,50,0
8648,-1,60,0
8648,-1,70,1
8649,-1,50,0
8649,-1,60,1
8649,-1,70,2
8650,-1,50,0
8650,-1,60,1
8650,-1,70,1
8651,-1,50,1
8651,-1,60,1
8651,-1,70,2
8652,-1,50,0
8652,-1,60,0
8652,-1,70,0
8653,-1,50,0
8653,-1,60,0
8653,-1,70,0
8654,-1,50,0
8654,-1,60,0
8654,-1,70,0
8655,-1,50,0
8655,-1,60,0
8655,-1,70,0
8656,-1,50,0
8656,-1,60,0
8656,-1,70,1
8657,-1,50,0
8657,-1,60,0
8657,-1,70,0
8658,-1,50,2
8658,-1,60,2
8658,-1,70,2
8659,-1,50,0
8659,-1,60,0
8659,-1,70,1
8660,-1,50,0
8660,-1,60,0
8660,-1,70,0
8661,-1,50,0
8661,-1,60,0
8661,-1,70,0
8662,-1,50,0
8662,-1,60,0
8662,-1,70,0
8663,-1,50,0
8663,-1,60,0
8663,-1,70,0
8664,-1,50,0
8664,-1,60,0
8664,-1,70,0
8665,-1,50,0
8665,-1,60,0
8665,-1,70,0
8666,-1,50,0
8666,-1,60,0
8666,-1,70,0
8667,-1,50,2
8667,-1,60,2
8667,-1,70,3
8668,72.13991521,50,1
8668,72.13991521,60,1
8668,72.13991521,70,1
8669,62.62762211,50,1
8669,62.62762211,60,2
8669,62.62762211,70,3
8670,74.15379829,50,1
8670,74.15379829,60,2
8670,74.15379829,70,2
8671,-1,50,0
8671,-1,60,0
8671,-1,70,0
8672,-1,50,0
8672,-1,60,0
8672,-1,70,1
8673,-1,50,0
8673,-1,60,0
8673,-1,70,1
8674,-1,50,0
8674,-1,60,1
8674,-1,70,1
8675,-1,50,0
8675,-1,60,1
8675,-1,70,1
8676,-1,50,0
8676,-1,60,0
8676,-1,70,1
8677,-1,50,0
8677,-1,60,0
8677,-1,70,1
8678,37.6171787,50,1
8678,37.6171787,60,0
8678,37.6171787,70,0
8679,67.11323896,50,0
8679,67.11323896,60,1
8679,67.11323896,70,1
8680,-1,50,0
8680,-1,60,0
8680,-1,70,1
8681,-1,50,0
8681,-1,60,1
8681,-1,70,1
8682,-1,50,0
8682,-1,60,0
8682,-1,70,1
8683,-1,50,0
8683,-1,60,0
8683,-1,70,0
8684,78.0589673,50,0
8684,78.0589673,60,1
8684,78.0589673,70,2
8685,75.36499881,50,1
8685,75.36499881,60,1
8685,75.36499881,70,1
8686,-1,50,0
8686,-1,60,0
8686,-1,70,0
8687,-1,50,0
8687,-1,60,0
8687,-1,70,0
8688,-1,50,0
8688,-1,60,1
8688,-1,70,1
8689,78.04554015,50,0
8689,78.04554015,60,0
8689,78.04554015,70,1
8690,-1,50,0
8690,-1,60,0
8690,-1,70,0
8691,73.34675466,50,1
8691,73.34675466,60,1
8691,73.34675466,70,2
8692,-1,50,0
8692,-1,60,1
8692,-1,70,2
8693,-1,50,0
8693,-1,60,0
8693,-1,70,0
8694,-1,50,0
8694,-1,60,0
8694,-1,70,0
8695,-1,50,0
8695,-1,60,0
8695,-1,70,0
8696,-1,50,0
8696,-1,60,0
8696,-1,70,0
8697,78.08817305,50,1
8697,78.08817305,60,1
8697,78.08817305,70,1
8698,-1,50,0
8698,-1,60,0
8698,-1,70,0
8699,-1,50,0
8699,-1,60,0
8699,-1,70,0
8700,-1,50,0
8700,-1,60,0
8700,-1,70,0
8701,73.81830183,50,0
8701,73.81830183,60,0
8701,73.81830183,70,2
8702,-1,50,0
8702,-1,60,0
8702,-1,70,0
8703,-1,50,0
8703,-1,60,0
8703,-1,70,0
8704,-1,50,0
8704,-1,60,0
8704,-1,70,0
8705,72.49369519,50,1
8705,72.49369519,60,2
8705,72.49369519,70,2
8706,-1,50,0
8706,-1,60,1
8706,-1,70,1
8707,-1,50,0
8707,-1,60,0
8707,-1,70,0
8708,-1,50,0
8708,-1,60,0
8708,-1,70,0
8709,-1,50,0
8709,-1,60,0
8709,-1,70,0
8710,-1,50,0
8710,-1,60,0
8710,-1,70,0
8711,-1,50,0
8711,-1,60,0
8711,-1,70,0
8712,-1,50,0
8712,-1,60,0
8712,-1,70,0
8713,-1,50,0
8713,-1,60,0
8713,-1,70,1
8714,-1,50,0
8714,-1,60,0
8714,-1,70,0
8715,-1,50,0
8715,-1,60,1
8715,-1,70,1
8716,-1,50,0
8716,-1,60,0
8716,-1,70,1
8717,77.43821827,50,0
8717,77.43821827,60,1
8717,77.43821827,70,1
8718,-1,50,0
8718,-1,60,0
8718,-1,70,0
8719,-1,50,0
8719,-1,60,0
8719,-1,70,0
8720,-1,50,0
8720,-1,60,0
8720,-1,70,0
8721,-1,50,0
8721,-1,60,1
8721,-1,70,1
8722,-1,50,0
8722,-1,60,0
8722,-1,70,1
8723,-1,50,0
8723,-1,60,0
8723,-1,70,1
8724,-1,50,0
8724,-1,60,0
8724,-1,70,1
8725,-1,50,0
8725,-1,60,1
8725,-1,70,1
8726,-1,50,0
8726,-1,60,0
8726,-1,70,0
8727,-1,50,0
8727,-1,60,0
8727,-1,70,0
8728,-1,50,0
8728,-1,60,0
8728,-1,70,1
8729,-1,50,0
8729,-1,60,0
8729,-1,70,0
8730,-1,50,0
8730,-1,60,0
8730,-1,70,0
8731,-1,50,0
8731,-1,60,0
8731,-1,70,1
8732,69.96331115,50,0
8732,69.96331115,60,0
8732,69.96331115,70,0
8733,78.72567395,50,0
8733,78.72567395,60,1
8733,78.72567395,70,2
8734,-1,50,0
8734,-1,60,1
8734,-1,70,1
8735,-1,50,0
8735,-1,60,0
8735,-1,70,0
8736,-1,50,0
8736,-1,60,0
8736,-1,70,1
8737,-1,50,0
8737,-1,60,0
8737,-1,70,0
8738,-1,50,0
8738,-1,60,0
8738,-1,70,0
8739,61.96051714,50,1
8739,61.96051714,60,1
8739,61.96051714,70,1
8740,-1,50,0
8740,-1,60,0
8740,-1,70,0
8741,-1,50,0
8741,-1,60,0
8741,-1,70,0
8742,-1,50,0
8742,-1,60,0
8742,-1,70,0
8743,-1,50,0
8743,-1,60,0
8743,-1,70,0
8744,-1,50,0
8744,-1,60,0
8744,-1,70,1
8745,72.871354,50,0
8745,72.871354,60,1
8745,72.871354,70,1
8746,-1,50,0
8746,-1,60,0
8746,-1,70,1
8747,-1,50,1
8747,-1,60,1
8747,-1,70,1
8748,-1,50,0
8748,-1,60,1
8748,-1,70,1
8749,-1,50,0
8749,-1,60,0
8749,-1,70,1
8750,-1,50,0
8750,-1,60,0
8750,-1,70,0
8751,-1,50,0
8751,-1,60,0
8751,-1,70,0
8752,-1,50,0
8752,-1,60,0
8752,-1,70,0
8753,-1,50,0
8753,-1,60,0
8753,-1,70,1
8754,65.66869627,50,0
8754,65.66869627,60,1
8754,65.66869627,70,1
8755,-1,50,0
8755,-1,60,1
8755,-1,70,1
8756,-1,50,0
8756,-1,60,0
8756,-1,70,0
8757,-1,50,0
8757,-1,60,1
8757,-1,70,1
8758,-1,50,0
8758,-1,60,0
8758,-1,70,0
8759,-1,50,0
8759,-1,60,0
8759,-1,70,0
8760,-1,50,0
8760,-1,60,0
8760,-1,70,3
8761,-1,50,0
8761,-1,60,0
8761,-1,70,1
8762,-1,50,0
8762,-1,60,0
8762,-1,70,0
8763,-1,50,0
8763,-1,60,0
8763,-1,70,0
8764,-1,50,0
8764,-1,60,0
8764,-1,70,0
8765,52.60176659,50,1
8765,52.60176659,60,1
8765,52.60176659,70,0
8766,-1,50,0
8766,-1,60,0
8766,-1,70,1
8767,62.50039512,50,0
8767,62.50039512,60,1
8767,62.50039512,70,1
8768,74.1228057,50,1
8768,74.1228057,60,1
8768,74.1228057,70,1
8769,-1,50,0
8769,-1,60,0
8769,-1,70,0
8770,-1,50,0
8770,-1,60,0
8770,-1,70,0
8771,-1,50,0
8771,-1,60,1
8771,-1,70,2
8772,77.53703807,50,0
8772,77.53703807,60,0
8772,77.53703807,70,0
8773,-1,50,0
8773,-1,60,0
8773,-1,70,1
8774,-1,50,0
8774,-1,60,0
8774,-1,70,1
8775,-1,50,0
8775,-1,60,0
8775,-1,70,0
8776,-1,50,0
8776,-1,60,0
8776,-1,70,0
8777,-1,50,1
8777,-1,60,1
8777,-1,70,1
8778,-1,50,1
8778,-1,60,1
8778,-1,70,2
8779,-1,50,0
8779,-1,60,1
8779,-1,70,5
8780,-1,50,0
8780,-1,60,0
8780,-1,70,1
8781,-1,50,0
8781,-1,60,0
8781,-1,70,0
8782,69.51104097,50,0
8782,69.51104097,60,1
8782,69.51104097,70,1
8783,-1,50,0
8783,-1,60,0
8783,-1,70,0
8784,-1,50,0
8784,-1,60,0
8784,-1,70,0
8785,-1,50,0
8785,-1,60,0
8785,-1,70,0
8786,-1,50,0
8786,-1,60,0
8786,-1,70,0
8787,68.72246462,50,1
8787,68.72246462,60,1
8787,68.72246462,70,1
8788,79.39964587,50,0
8788,79.39964587,60,1
8788,79.39964587,70,1
8789,-1,50,1
8789,-1,60,1
8789,-1,70,2
8790,-1,50,0
8790,-1,60,0
8790,-1,70,0
8791,-1,50,0
8791,-1,60,0
8791,-1,70,0
8792,-1,50,0
8792,-1,60,1
8792,-1,70,1
8793,-1,50,0
8793,-1,60,1
8793,-1,70,1
8794,-1,50,0
8794,-1,60,0
8794,-1,70,0
8795,-1,50,0
8795,-1,60,0
8795,-1,70,0
8796,-1,50,1
8796,-1,60,1
8796,-1,70,1
8797,-1,50,1
8797,-1,60,1
8797,-1,70,1
8798,-1,50,0
8798,-1,60,0
8798,-1,70,0
8799,57.94060746,50,1
8799,57.94060746,60,1
8799,57.94060746,70,0
8800,68.41339638,50,1
8800,68.41339638,60,1
8800,68.41339638,70,1
8801,-1,50,0
8801,-1,60,0
8801,-1,70,0
8802,-1,50,0
8802,-1,60,0
8802,-1,70,0
8803,-1,50,0
8803,-1,60,0
8803,-1,70,1
8804,-1,50,0
8804,-1,60,0
8804,-1,70,0
8805,-1,50,0
8805,-1,60,0
8805,-1,70,0
8806,-1,50,0
8806,-1,60,0
8806,-1,70,0
8807,73.28056716,50,0
8807,73.28056716,60,1
8807,73.28056716,70,2
8808,-1,50,0
8808,-1,60,0
8808,-1,70,1
8809,-1,50,0
8809,-1,60,0
8809,-1,70,1
8810,-1,50,0
8810,-1,60,0
8810,-1,70,0
8811,-1,50,0
8811,-1,60,0
8811,-1,70,0
8812,-1,50,0
8812,-1,60,0
8812,-1,70,0
8813,66.06565133,50,0
8813,66.06565133,60,0
8813,66.06565133,70,1
8814,-1,50,0
8814,-1,60,0
8814,-1,70,0
8815,-1,50,0
8815,-1,60,0
8815,-1,70,0
8816,-1,50,0
8816,-1,60,0
8816,-1,70,0
8817,-1,50,0
8817,-1,60,0
8817,-1,70,0
8818,-1,50,0
8818,-1,60,0
8818,-1,70,2
8819,-1,50,0
8819,-1,60,0
8819,-1,70,0
8820,-1,50,0
8820,-1,60,0
8820,-1,70,0
8821,71.48239565,50,1
8821,71.48239565,60,1
8821,71.48239565,70,2
8822,-1,50,0
8822,-1,60,0
8822,-1,70,1
8823,-1,50,0
8823,-1,60,0
8823,-1,70,0
8824,79.60958653,50,0
8824,79.60958653,60,0
8824,79.60958653,70,1
8825,-1,50,0
8825,-1,60,0
8825,-1,70,1
8826,-1,50,0
8826,-1,60,1
8826,-1,70,1
8827,-1,50,0
8827,-1,60,0
8827,-1,70,0
8828,-1,50,0
8828,-1,60,1
8828,-1,70,1
8829,-1,50,0
8829,-1,60,0
8829,-1,70,0
8830,-1,50,0
8830,-1,60,1
8830,-1,70,1
8831,-1,50,0
8831,-1,60,0
8831,-1,70,0
8832,-1,50,0
8832,-1,60,0
8832,-1,70,0
8833,-1,50,0
8833,-1,60,2
8833,-1,70,2
8834,-1,50,0
8834,-1,60,0
8834,-1,70,0
8835,-1,50,0
8835,-1,60,0
8835,-1,70,0
8836,-1,50,0
8836,-1,60,0
8836,-1,70,0
8837,-1,50,0
8837,-1,60,0
8837,-1,70,0
8838,-1,50,0
8838,-1,60,0
8838,-1,70,0
8839,-1,50,0
8839,-1,60,0
8839,-1,70,0
8840,-1,50,0
8840,-1,60,1
8840,-1,70,1
8841,-1,50,0
8841,-1,60,0
8841,-1,70,0
8842,-1,50,0
8842,-1,60,0
8842,-1,70,0
8843,-1,50,0
8843,-1,60,0
8843,-1,70,0
8844,71.20433614,50,0
8844,71.20433614,60,1
8844,71.20433614,70,1
8845,-1,50,0
8845,-1,60,0
8845,-1,70,2
8846,-1,50,0
8846,-1,60,1
8846,-1,70,1
8847,-1,50,0
8847,-1,60,0
8847,-1,70,0
8848,-1,50,0
8848,-1,60,0
8848,-1,70,0
8849,-1,50,0
8849,-1,60,1
8849,-1,70,1
8850,-1,50,0
8850,-1,60,0
8850,-1,70,0
8851,49.54649788,50,1
8851,49.54649788,60,0
8851,49.54649788,70,0
8852,74.65411456,50,2
8852,74.65411456,60,2
8852,74.65411456,70,3
8853,-1,50,0
8853,-1,60,0
8853,-1,70,1
8854,-1,50,0
8854,-1,60,1
8854,-1,70,1
8855,-1,50,0
8855,-1,60,0
8855,-1,70,0
8856,-1,50,0
8856,-1,60,0
8856,-1,70,0
8857,-1,50,0
8857,-1,60,0
8857,-1,70,0
8858,-1,50,0
8858,-1,60,0
8858,-1,70,0
8859,-1,50,0
8859,-1,60,0
8859,-1,70,0
8860,-1,50,0
8860,-1,60,0
8860,-1,70,1
8861,-1,50,0
8861,-1,60,1
8861,-1,70,3
8862,51.34973545,50,1
8862,51.34973545,60,1
8862,51.34973545,70,0
8863,-1,50,0
8863,-1,60,0
8863,-1,70,0
8864,-1,50,1
8864,-1,60,2
8864,-1,70,3
8865,66.97169794,50,1
8865,66.97169794,60,2
8865,66.97169794,70,3
8866,-1,50,0
8866,-1,60,0
8866,-1,70,1
8867,46.69478302,50,1
8867,46.69478302,60,0
8867,46.69478302,70,0
8868,-1,50,0
8868,-1,60,1
8868,-1,70,1
8869,-1,50,0
8869,-1,60,0
8869,-1,70,1
8870,-1,50,0
8870,-1,60,1
8870,-1,70,1
8871,-1,50,0
8871,-1,60,0
8871,-1,70,0
8872,-1,50,0
8872,-1,60,0
8872,-1,70,1
8873,74.25622752,50,0
8873,74.25622752,60,0
8873,74.25622752,70,0
8874,-1,50,0
8874,-1,60,0
8874,-1,70,1
8875,-1,50,0
8875,-1,60,0
8875,-1,70,0
8876,-1,50,0
8876,-1,60,0
8876,-1,70,0
8877,58.50525559,50,1
8877,58.50525559,60,2
8877,58.50525559,70,0
8878,70.31268785,50,0
8878,70.31268785,60,0
8878,70.31268785,70,2
8879,-1,50,0
8879,-1,60,0
8879,-1,70,1
8880,-1,50,1
8880,-1,60,2
8880,-1,70,2
8881,-1,50,0
8881,-1,60,0
8881,-1,70,0
8882,-1,50,0
8882,-1,60,0
8882,-1,70,0
8883,40.00649125,50,2
8883,40.00649125,60,0
8883,40.00649125,70,0
8884,-1,50,0
8884,-1,60,0
8884,-1,70,0
8885,-1,50,0
8885,-1,60,0
8885,-1,70,0
8886,-1,50,0
8886,-1,60,0
8886,-1,70,0
8887,-1,50,0
8887,-1,60,0
8887,-1,70,1
8888,-1,50,0
8888,-1,60,0
8888,-1,70,0
8889,-1,50,0
8889,-1,60,0
8889,-1,70,0
8890,-1,50,0
8890,-1,60,0
8890,-1,70,0
8891,-1,50,0
8891,-1,60,0
8891,-1,70,0
8892,-1,50,0
8892,-1,60,0
8892,-1,70,0
8893,-1,50,0
8893,-1,60,0
8893,-1,70,0
8894,-1,50,0
8894,-1,60,0
8894,-1,70,0
8895,-1,50,0
8895,-1,60,0
8895,-1,70,1
8896,79.86005079,50,1
8896,79.86005079,60,1
8896,79.86005079,70,1
8897,-1,50,0
8897,-1,60,1
8897,-1,70,1
8898,-1,50,0
8898,-1,60,0
8898,-1,70,0
8899,-1,50,0
8899,-1,60,0
8899,-1,70,0
8900,-1,50,0
8900,-1,60,0
8900,-1,70,1
8901,-1,50,0
8901,-1,60,0
8901,-1,70,2
8902,76.81468065,50,1
8902,76.81468065,60,1
8902,76.81468065,70,1
8903,-1,50,0
8903,-1,60,0
8903,-1,70,2
8904,-1,50,0
8904,-1,60,0
8904,-1,70,0
8905,71.91308939,50,1
8905,71.91308939,60,2
8905,71.91308939,70,2
8906,-1,50,0
8906,-1,60,0
8906,-1,70,1
8907,-1,50,0
8907,-1,60,1
8907,-1,70,1
8908,-1,50,0
8908,-1,60,0
8908,-1,70,0
8909,-1,50,0
8909,-1,60,1
8909,-1,70,1
8910,53.91493867,50,0
8910,53.91493867,60,1
8910,53.91493867,70,0
8911,-1,50,2
8911,-1,60,3
8911,-1,70,3
8912,-1,50,0
8912,-1,60,0
8912,-1,70,0
8913,-1,50,0
8913,-1,60,0
8913,-1,70,1
8914,78.99547543,50,1
8914,78.99547543,60,1
8914,78.99547543,70,1
8915,-1,50,0
8915,-1,60,0
8915,-1,70,0
8916,-1,50,0
8916,-1,60,0
8916,-1,70,0
8917,-1,50,0
8917,-1,60,0
8917,-1,70,1
8918,77.18059364,50,1
8918,77.18059364,60,1
8918,77.18059364,70,1
8919,78.55038272,50,1
8919,78.55038272,60,1
8919,78.55038272,70,1
8920,-1,50,1
8920,-1,60,2
8920,-1,70,2
8921,-1,50,0
8921,-1,60,0
8921,-1,70,1
8922,-1,50,0
8922,-1,60,0
8922,-1,70,2
8923,-1,50,0
8923,-1,60,1
8923,-1,70,1
8924,-1,50,0
8924,-1,60,0
8924,-1,70,0
8925,-1,50,0
8925,-1,60,0
8925,-1,70,0
8926,-1,50,0
8926,-1,60,0
8926,-1,70,0
8927,-1,50,0
8927,-1,60,0
8927,-1,70,0
8928,-1,50,0
8928,-1,60,0
8928,-1,70,1
8929,70.40791819,50,1
8929,70.40791819,60,1
8929,70.40791819,70,1
8930,-1,50,0
8930,-1,60,0
8930,-1,70,0
8931,56.12636383,50,1
8931,56.12636383,60,2
8931,56.12636383,70,0
8932,-1,50,0
8932,-1,60,0
8932,-1,70,1
8933,-1,50,0
8933,-1,60,0
8933,-1,70,1
8934,-1,50,1
8934,-1,60,1
8934,-1,70,1
8935,-1,50,0
8935,-1,60,0
8935,-1,70,1
8936,58.38952491,50,1
8936,58.38952491,60,1
8936,58.38952491,70,0
8937,-1,50,0
8937,-1,60,0
8937,-1,70,1
8938,-1,50,0
8938,-1,60,0
8938,-1,70,1
8939,68.15792446,50,1
8939,68.15792446,60,1
8939,68.15792446,70,1
8940,70.70526076,50,0
8940,70.70526076,60,1
8940,70.70526076,70,2
8941,-1,50,0
8941,-1,60,1
8941,-1,70,1
8942,-1,50,0
8942,-1,60,1
8942,-1,70,1
8943,52.59934238,50,1
8943,52.59934238,60,2
8943,52.59934238,70,0
8944,68.7745923,50,0
8944,68.7745923,60,0
8944,68.7745923,70,0
8945,-1,50,0
8945,-1,60,0
8945,-1,70,0
8946,-1,50,0
8946,-1,60,0
8946,-1,70,1
8947,-1,50,0
8947,-1,60,0
8947,-1,70,0
8948,-1,50,0
8948,-1,60,1
8948,-1,70,1
8949,-1,50,0
8949,-1,60,0
8949,-1,70,1
8950,-1,50,0
8950,-1,60,0
8950,-1,70,0
8951,62.75814753,50,0
8951,62.75814753,60,1
8951,62.75814753,70,1
8952,32.72920103,50,2
8952,32.72920103,60,0
8952,32.72920103,70,0
8953,-1,50,0
8953,-1,60,1
8953,-1,70,2
8954,-1,50,0
8954,-1,60,0
8954,-1,70,0
8955,76.46217797,50,1
8955,76.46217797,60,1
8955,76.46217797,70,1
8956,71.84140664,50,1
8956,71.84140664,60,1
8956,71.84140664,70,1
8957,-1,50,0
8957,-1,60,0
8957,-1,70,1
8958,75.37824326,50,1
8958,75.37824326,60,2
8958,75.37824326,70,2
8959,-1,50,0
8959,-1,60,0
8959,-1,70,0
8960,-1,50,1
8960,-1,60,2
8960,-1,70,2
8961,-1,50,0
8961,-1,60,0
8961,-1,70,0
8962,-1,50,0
8962,-1,60,0
8962,-1,70,0
8963,-1,50,0
8963,-1,60,1
8963,-1,70,1
8964,-1,50,0
8964,-1,60,0
8964,-1,70,0
8965,-1,50,0
8965,-1,60,0
8965,-1,70,0
8966,-1,50,1
8966,-1,60,1
8966,-1,70,1
8967,-1,50,0
8967,-1,60,0
8967,-1,70,0
8968,77.47976692,50,0
8968,77.47976692,60,1
8968,77.47976692,70,1
8969,-1,50,0
8969,-1,60,0
8969,-1,70,0
8970,-1,50,0
8970,-1,60,0
8970,-1,70,0
8971,-1,50,0
8971,-1,60,0
8971,-1,70,1
8972,-1,50,1
8972,-1,60,1
8972,-1,70,1
8973,77.44608382,50,1
8973,77.44608382,60,1
8973,77.44608382,70,2
8974,-1,50,1
8974,-1,60,2
8974,-1,70,2
8975,-1,50,0
8975,-1,60,0
8975,-1,70,0
8976,-1,50,1
8976,-1,60,1
8976,-1,70,1
8977,-1,50,0
8977,-1,60,0
8977,-1,70,0
8978,-1,50,0
8978,-1,60,0
8978,-1,70,1
8979,-1,50,0
8979,-1,60,0
8979,-1,70,0
8980,-1,50,0
8980,-1,60,0
8980,-1,70,0
8981,69.49292636,50,1
8981,69.49292636,60,1
8981,69.49292636,70,1
8982,-1,50,0
8982,-1,60,0
8982,-1,70,0
8983,-1,50,0
8983,-1,60,0
8983,-1,70,0
8984,-1,50,0
8984,-1,60,0
8984,-1,70,1
8985,-1,50,0
8985,-1,60,0
8985,-1,70,0
8986,-1,50,0
8986,-1,60,0
8986,-1,70,0
8987,61.79443216,50,0
8987,61.79443216,60,0
8987,61.79443216,70,1
8988,-1,50,0
8988,-1,60,0
8988,-1,70,0
8989,-1,50,0
8989,-1,60,0
8989,-1,70,0
8990,-1,50,0
8990,-1,60,1
8990,-1,70,1
8991,-1,50,0
8991,-1,60,0
8991,-1,70,0
8992,-1,50,0
8992,-1,60,0
8992,-1,70,1
8993,-1,50,0
8993,-1,60,0
8993,-1,70,0
8994,-1,50,0
8994,-1,60,0
8994,-1,70,0
8995,-1,50,0
8995,-1,60,0
8995,-1,70,0
8996,-1,50,0
8996,-1,60,1
8996,-1,70,1
8997,-1,50,0
8997,-1,60,0
8997,-1,70,0
8998,-1,50,0
8998,-1,60,0
8998,-1,70,0
8999,-1,50,0
8999,-1,60,0
8999,-1,70,1
9000,-1,50,1
9000,-1,60,1
9000,-1,70,2
9001,-1,50,0
9001,-1,60,0
9001,-1,70,0
9002,-1,50,0
9002,-1,60,0
9002,-1,70,0
9003,-1,50,0
9003,-1,60,0
9003,-1,70,1
9004,-1,50,0
9004,-1,60,1
9004,-1,70,1
9005,-1,50,1
9005,-1,60,1
9005,-1,70,1
9006,-1,50,0
9006,-1,60,0
9006,-1,70,1
9007,-1,50,0
9007,-1,60,0
9007,-1,70,1
9008,-1,50,0
9008,-1,60,1
9008,-1,70,1
9009,-1,50,0
9009,-1,60,0
9009,-1,70,1
9010,-1,50,0
9010,-1,60,0
9010,-1,70,0
9011,-1,50,0
9011,-1,60,0
9011,-1,70,0
9012,-1,50,0
9012,-1,60,0
9012,-1,70,0
9013,-1,50,0
9013,-1,60,0
9013,-1,70,0
9014,-1,50,0
9014,-1,60,1
9014,-1,70,1
9015,-1,50,0
9015,-1,60,0
9015,-1,70,0
9016,58.38093312,50,1
9016,58.38093312,60,2
9016,58.38093312,70,0
9017,-1,50,0
9017,-1,60,0
9017,-1,70,1
9018,-1,50,0
9018,-1,60,0
9018,-1,70,0
9019,-1,50,0
9019,-1,60,0
9019,-1,70,0
9020,-1,50,1
9020,-1,60,1
9020,-1,70,1
9021,-1,50,0
9021,-1,60,0
9021,-1,70,0
9022,-1,50,0
9022,-1,60,0
9022,-1,70,2
9023,-1,50,0
9023,-1,60,0
9023,-1,70,0
9024,-1,50,0
9024,-1,60,0
9024,-1,70,0
9025,78.4463032,50,0
9025,78.4463032,60,1
9025,78.4463032,70,1
9026,-1,50,0
9026,-1,60,0
9026,-1,70,1
9027,-1,50,0
9027,-1,60,0
9027,-1,70,0
9028,-1,50,0
9028,-1,60,0
9028,-1,70,0
9029,55.19549717,50,0
9029,55.19549717,60,1
9029,55.19549717,70,0
9030,-1,50,0
9030,-1,60,0
9030,-1,70,0
9031,-1,50,0
9031,-1,60,0
9031,-1,70,0
9032,-1,50,0
9032,-1,60,0
9032,-1,70,1
9033,-1,50,0
9033,-1,60,1
9033,-1,70,1
9034,-1,50,0
9034,-1,60,0
9034,-1,70,0
9035,-1,50,0
9035,-1,60,0
9035,-1,70,1
9036,-1,50,0
9036,-1,60,0
9036,-1,70,1
9037,-1,50,0
9037,-1,60,2
9037,-1,70,3
9038,-1,50,0
9038,-1,60,1
9038,-1,70,1
9039,-1,50,0
9039,-1,60,0
9039,-1,70,2
9040,77.82305734,50,1
9040,77.82305734,60,1
9040,77.82305734,70,1
9041,-1,50,0
9041,-1,60,0
9041,-1,70,0
9042,-1,50,0
9042,-1,60,1
9042,-1,70,1
9043,68.81850826,50,0
9043,68.81850826,60,1
9043,68.81850826,70,1
9044,-1,50,0
9044,-1,60,0
9044,-1,70,0
9045,69.31958906,50,1
9045,69.31958906,60,1
9045,69.31958906,70,3
9046,-1,50,0
9046,-1,60,0
9046,-1,70,0
9047,-1,50,0
9047,-1,60,0
9047,-1,70,1
9048,-1,50,0
9048,-1,60,0
9048,-1,70,0
9049,-1,50,0
9049,-1,60,0
9049,-1,70,1
9050,-1,50,0
9050,-1,60,0
9050,-1,70,0
9051,-1,50,0
9051,-1,60,1
9051,-1,70,1
9052,74.94899497,50,1
9052,74.94899497,60,1
9052,74.94899497,70,1
9053,-1,50,0
9053,-1,60,0
9053,-1,70,0
9054,-1,50,0
9054,-1,60,0
9054,-1,70,0
9055,-1,50,0
9055,-1,60,0
9055,-1,70,2
9056,-1,50,0
9056,-1,60,0
9056,-1,70,0
9057,-1,50,0
9057,-1,60,0
9057,-1,70,1
9058,-1,50,0
9058,-1,60,0
9058,-1,70,0
9059,-1,50,0
9059,-1,60,1
9059,-1,70,1
9060,-1,50,0
9060,-1,60,0
9060,-1,70,1
9061,-1,50,0
9061,-1,60,0
9061,-1,70,0
9062,-1,50,0
9062,-1,60,0
9062,-1,70,0
9063,-1,50,0
9063,-1,60,0
9063,-1,70,0
9064,-1,50,0
9064,-1,60,1
9064,-1,70,2
9065,-1,50,0
9065,-1,60,0
9065,-1,70,0
9066,-1,50,0
9066,-1,60,1
9066,-1,70,1
9067,-1,50,0
9067,-1,60,0
9067,-1,70,0
9068,-1,50,0
9068,-1,60,0
9068,-1,70,0
9069,-1,50,1
9069,-1,60,1
9069,-1,70,2
9070,55.85279449,50,1
9070,55.85279449,60,1
9070,55.85279449,70,0
9071,-1,50,0
9071,-1,60,0
9071,-1,70,0
9072,-1,50,0
9072,-1,60,0
9072,-1,70,0
9073,-1,50,0
9073,-1,60,1
9073,-1,70,2
9074,-1,50,0
9074,-1,60,0
9074,-1,70,0
9075,-1,50,0
9075,-1,60,1
9075,-1,70,1
9076,55.50696059,50,1
9076,55.50696059,60,1
9076,55.50696059,70,0
9077,-1,50,0
9077,-1,60,0
9077,-1,70,0
9078,-1,50,0
9078,-1,60,0
9078,-1,70,0
9079,-1,50,0
9079,-1,60,0
9079,-1,70,0
9080,-1,50,0
9080,-1,60,0
9080,-1,70,0
9081,67.76555216,50,1
9081,67.76555216,60,2
9081,67.76555216,70,3
9082,-1,50,0
9082,-1,60,0
9082,-1,70,0
9083,-1,50,0
9083,-1,60,1
9083,-1,70,1
9084,-1,50,0
9084,-1,60,0
9084,-1,70,0
9085,-1,50,0
9085,-1,60,0
9085,-1,70,0
9086,-1,50,0
9086,-1,60,0
9086,-1,70,0
9087,-1,50,0
9087,-1,60,0
9087,-1,70,0
9088,-1,50,0
9088,-1,60,1
9088,-1,70,1
9089,-1,50,0
9089,-1,60,0
9089,-1,70,1
9090,-1,50,0
9090,-1,60,0
9090,-1,70,1
9091,-1,50,0
9091,-1,60,0
9091,-1,70,0
9092,73.84115997,50,1
9092,73.84115997,60,1
9092,73.84115997,70,1
9093,74.65042044,50,0
9093,74.65042044,60,1
9093,74.65042044,70,1
9094,-1,50,0
9094,-1,60,0
9094,-1,70,1
9095,-1,50,0
9095,-1,60,0
9095,-1,70,1
9096,-1,50,0
9096,-1,60,1
9096,-1,70,1
9097,-1,50,0
9097,-1,60,0
9097,-1,70,0
9098,-1,50,0
9098,-1,60,0
9098,-1,70,0
9099,-1,50,1
9099,-1,60,1
9099,-1,70,1
9100,-1,50,0
9100,-1,60,0
9100,-1,70,0
9101,-1,50,0
9101,-1,60,0
9101,-1,70,1
9102,-1,50,1
9102,-1,60,2
9102,-1,70,3
9103,70.88331861,50,1
9103,70.88331861,60,1
9103,70.88331861,70,1
9104,-1,50,0
9104,-1,60,0
9104,-1,70,0
9105,-1,50,0
9105,-1,60,0
9105,-1,70,0
9106,78.81074457,50,0
9106,78.81074457,60,1
9106,78.81074457,70,2
9107,-1,50,0
9107,-1,60,0
9107,-1,70,1
9108,77.35248885,50,1
9108,77.35248885,60,2
9108,77.35248885,70,2
9109,-1,50,0
9109,-1,60,0
9109,-1,70,0
9110,-1,50,0
9110,-1,60,0
9110,-1,70,1
9111,-1,50,0
9111,-1,60,0
9111,-1,70,0
9112,73.88895653,50,1
9112,73.88895653,60,1
9112,73.88895653,70,1
9113,79.56852261,50,0
9113,79.56852261,60,0
9113,79.56852261,70,1
9114,-1,50,0
9114,-1,60,0
9114,-1,70,0
9115,-1,50,0
9115,-1,60,0
9115,-1,70,0
9116,-1,50,0
9116,-1,60,0
9116,-1,70,1
9117,66.59924557,50,1
9117,66.59924557,60,1
9117,66.59924557,70,2
9118,-1,50,0
9118,-1,60,0
9118,-1,70,0
9119,-1,50,0
9119,-1,60,0
9119,-1,70,0
9120,-1,50,0
9120,-1,60,0
9120,-1,70,0
9121,-1,50,0
9121,-1,60,0
9121,-1,70,0
9122,-1,50,0
9122,-1,60,0
9122,-1,70,0
9123,-1,50,0
9123,-1,60,0
9123,-1,70,1
9124,71.68708207,50,1
9124,71.68708207,60,1
9124,71.68708207,70,1
9125,-1,50,0
9125,-1,60,0
9125,-1,70,1
9126,79.99812897,50,0
9126,79.99812897,60,0
9126,79.99812897,70,1
9127,-1,50,0
9127,-1,60,0
9127,-1,70,0
9128,-1,50,0
9128,-1,60,0
9128,-1,70,1
9129,64.25778522,50,1
9129,64.25778522,60,2
9129,64.25778522,70,3
9130,-1,50,0
9130,-1,60,1
9130,-1,70,1
9131,-1,50,0
9131,-1,60,0
9131,-1,70,0
9132,-1,50,0
9132,-1,60,0
9132,-1,70,0
9133,-1,50,0
9133,-1,60,0
9133,-1,70,0
9134,66.9089457,50,0
9134,66.9089457,60,0
9134,66.9089457,70,2
9135,-1,50,0
9135,-1,60,1
9135,-1,70,1
9136,-1,50,0
9136,-1,60,0
9136,-1,70,0
9137,71.59203743,50,0
9137,71.59203743,60,1
9137,71.59203743,70,2
9138,-1,50,0
9138,-1,60,0
9138,-1,70,0
9139,-1,50,0
9139,-1,60,0
9139,-1,70,0
9140,-1,50,0
9140,-1,60,0
9140,-1,70,0
9141,75.49455933,50,0
9141,75.49455933,60,1
9141,75.49455933,70,1
9142,-1,50,0
9142,-1,60,0
9142,-1,70,0
9143,65.40160477,50,1
9143,65.40160477,60,1
9143,65.40160477,70,2
9144,-1,50,0
9144,-1,60,1
9144,-1,70,2
9145,51.48279577,50,0
9145,51.48279577,60,0
9145,51.48279577,70,0
9146,76.93597898,50,1
9146,76.93597898,60,1
9146,76.93597898,70,3
9147,-1,50,0
9147,-1,60,0
9147,-1,70,0
9148,-1,50,0
9148,-1,60,0
9148,-1,70,0
9149,-1,50,0
9149,-1,60,0
9149,-1,70,0
9150,-1,50,0
9150,-1,60,1
9150,-1,70,1
9151,-1,50,0
9151,-1,60,0
9151,-1,70,0
9152,69.95713398,50,0
9152,69.95713398,60,1
9152,69.95713398,70,1
9153,77.24793531,50,0
9153,77.24793531,60,1
9153,77.24793531,70,1
9154,-1,50,0
9154,-1,60,0
9154,-1,70,0
9155,-1,50,0
9155,-1,60,0
9155,-1,70,0
9156,-1,50,1
9156,-1,60,1
9156,-1,70,1
9157,-1,50,0
9157,-1,60,0
9157,-1,70,1
9158,-1,50,0
9158,-1,60,1
9158,-1,70,1
9159,69.64847863,50,1
9159,69.64847863,60,1
9159,69.64847863,70,2
9160,-1,50,1
9160,-1,60,1
9160,-1,70,1
9161,-1,50,0
9161,-1,60,0
9161,-1,70,0
9162,-1,50,0
9162,-1,60,0
9162,-1,70,0
9163,-1,50,0
9163,-1,60,0
9163,-1,70,0
9164,-1,50,0
9164,-1,60,0
9164,-1,70,2
9165,-1,50,0
9165,-1,60,0
9165,-1,70,0
9166,-1,50,0
9166,-1,60,0
9166,-1,70,0
9167,-1,50,1
9167,-1,60,1
9167,-1,70,2
9168,-1,50,0
9168,-1,60,0
9168,-1,70,0
9169,-1,50,0
9169,-1,60,0
9169,-1,70,0
9170,-1,50,0
9170,-1,60,0
9170,-1,70,1
9171,69.62080078,50,0
9171,69.62080078,60,1
9171,69.62080078,70,1
9172,-1,50,0
9172,-1,60,0
9172,-1,70,0
9173,-1,50,0
9173,-1,60,1
9173,-1,70,1
9174,70.28199971,50,1
9174,70.28199971,60,1
9174,70.28199971,70,1
9175,-1,50,0
9175,-1,60,0
9175,-1,70,0
9176,-1,50,0
9176,-1,60,1
9176,-1,70,2
9177,72.03320124,50,0
9177,72.03320124,60,1
9177,72.03320124,70,1
9178,-1,50,0
9178,-1,60,0
9178,-1,70,0
9179,-1,50,0
9179,-1,60,1
9179,-1,70,1
9180,-1,50,0
9180,-1,60,0
9180,-1,70,0
9181,-1,50,0
9181,-1,60,0
9181,-1,70,0
9182,-1,50,0
9182,-1,60,0
9182,-1,70,1
9183,71.94699424,50,0
9183,71.94699424,60,0
9183,71.94699424,70,1
9184,-1,50,0
9184,-1,60,0
9184,-1,70,0
9185,-1,50,0
9185,-1,60,0
9185,-1,70,0
9186,-1,50,0
9186,-1,60,1
9186,-1,70,1
9187,-1,50,0
9187,-1,60,0
9187,-1,70,1
9188,-1,50,0
9188,-1,60,0
9188,-1,70,0
9189,77.17280292,50,0
9189,77.17280292,60,1
9189,77.17280292,70,1
9190,-1,50,0
9190,-1,60,0
9190,-1,70,0
9191,69.13258136,50,0
9191,69.13258136,60,1
9191,69.13258136,70,1
9192,-1,50,0
9192,-1,60,0
9192,-1,70,0
9193,-1,50,1
9193,-1,60,1
9193,-1,70,1
9194,-1,50,0
9194,-1,60,0
9194,-1,70,0
9195,-1,50,1
9195,-1,60,1
9195,-1,70,2
9196,-1,50,0
9196,-1,60,0
9196,-1,70,1
9197,-1,50,0
9197,-1,60,0
9197,-1,70,0
9198,-1,50,0
9198,-1,60,0
9198,-1,70,0
9199,-1,50,0
9199,-1,60,0
9199,-1,70,0
9200,-1,50,0
9200,-1,60,0
9200,-1,70,2
9201,64.60925601,50,1
9201,64.60925601,60,1
9201,64.60925601,70,1
9202,-1,50,0
9202,-1,60,0
9202,-1,70,1
9203,-1,50,0
9203,-1,60,0
9203,-1,70,0
9204,-1,50,0
9204,-1,60,0
9204,-1,70,0
9205,-1,50,0
9205,-1,60,0
9205,-1,70,0
9206,-1,50,0
9206,-1,60,0
9206,-1,70,0
9207,-1,50,0
9207,-1,60,0
9207,-1,70,1
9208,-1,50,0
9208,-1,60,0
9208,-1,70,1
9209,-1,50,0
9209,-1,60,0
9209,-1,70,1
9210,-1,50,0
9210,-1,60,0
9210,-1,70,0
9211,-1,50,0
9211,-1,60,1
9211,-1,70,1
9212,-1,50,0
9212,-1,60,0
9212,-1,70,1
9213,-1,50,0
9213,-1,60,1
9213,-1,70,1
9214,71.61660768,50,1
9214,71.61660768,60,1
9214,71.61660768,70,1
9215,-1,50,1
9215,-1,60,1
9215,-1,70,1
9216,-1,50,0
9216,-1,60,0
9216,-1,70,1
9217,-1,50,0
9217,-1,60,0
9217,-1,70,1
9218,-1,50,1
9218,-1,60,2
9218,-1,70,2
9219,-1,50,0
9219,-1,60,0
9219,-1,70,0
9220,69.74895843,50,0
9220,69.74895843,60,0
9220,69.74895843,70,1
9221,-1,50,0
9221,-1,60,0
9221,-1,70,0
9222,-1,50,0
9222,-1,60,0
9222,-1,70,0
9223,-1,50,0
9223,-1,60,1
9223,-1,70,2
9224,-1,50,0
9224,-1,60,0
9224,-1,70,0
9225,69.19359946,50,1
9225,69.19359946,60,1
9225,69.19359946,70,1
9226,39.07684781,50,1
9226,39.07684781,60,0
9226,39.07684781,70,0
9227,-1,50,0
9227,-1,60,0
9227,-1,70,0
9228,-1,50,0
9228,-1,60,1
9228,-1,70,2
9229,-1,50,0
9229,-1,60,0
9229,-1,70,0
9230,-1,50,0
9230,-1,60,0
9230,-1,70,0
9231,-1,50,0
9231,-1,60,0
9231,-1,70,1
9232,58.18877678,50,1
9232,58.18877678,60,1
9232,58.18877678,70,0
9233,-1,50,0
9233,-1,60,1
9233,-1,70,1
9234,-1,50,1
9234,-1,60,1
9234,-1,70,1
9235,-1,50,0
9235,-1,60,0
9235,-1,70,0
9236,-1,50,0
9236,-1,60,0
9236,-1,70,0
9237,-1,50,0
9237,-1,60,0
9237,-1,70,0
9238,-1,50,0
9238,-1,60,0
9238,-1,70,0
9239,68.72501328,50,1
9239,68.72501328,60,2
9239,68.72501328,70,3
9240,-1,50,1
9240,-1,60,1
9240,-1,70,2
9241,-1,50,0
9241,-1,60,0
9241,-1,70,0
9242,-1,50,0
9242,-1,60,0
9242,-1,70,0
9243,-1,50,0
9243,-1,60,0
9243,-1,70,0
9244,-1,50,0
9244,-1,60,0
9244,-1,70,0
9245,-1,50,0
9245,-1,60,0
9245,-1,70,0
9246,63.87571409,50,0
9246,63.87571409,60,0
9246,63.87571409,70,2
9247,-1,50,0
9247,-1,60,0
9247,-1,70,0
9248,-1,50,0
9248,-1,60,0
9248,-1,70,0
9249,-1,50,0
9249,-1,60,0
9249,-1,70,0
9250,-1,50,0
9250,-1,60,0
9250,-1,70,0
9251,-1,50,0
9251,-1,60,0
9251,-1,70,0
9252,-1,50,0
9252,-1,60,0
9252,-1,70,0
9253,-1,50,0
9253,-1,60,1
9253,-1,70,1
9254,-1,50,0
9254,-1,60,0
9254,-1,70,0
9255,-1,50,0
9255,-1,60,1
9255,-1,70,1
9256,-1,50,0
9256,-1,60,0
9256,-1,70,0
9257,-1,50,0
9257,-1,60,0
9257,-1,70,0
9258,78.82511994,50,0
9258,78.82511994,60,0
9258,78.82511994,70,1
9259,-1,50,0
9259,-1,60,0
9259,-1,70,0
9260,-1,50,0
9260,-1,60,0
9260,-1,70,0
9261,-1,50,0
9261,-1,60,0
9261,-1,70,0
9262,-1,50,0
9262,-1,60,1
9262,-1,70,2
9263,-1,50,0
9263,-1,60,0
9263,-1,70,0
9264,-1,50,0
9264,-1,60,0
9264,-1,70,0
9265,-1,50,1
9265,-1,60,1
9265,-1,70,2
9266,-1,50,1
9266,-1,60,1
9266,-1,70,2
9267,-1,50,0
9267,-1,60,0
9267,-1,70,1
9268,77.91742246,50,0
9268,77.91742246,60,0
9268,77.91742246,70,1
9269,-1,50,0
9269,-1,60,1
9269,-1,70,1
9270,-1,50,1
9270,-1,60,2
9270,-1,70,2
9271,-1,50,0
9271,-1,60,0
9271,-1,70,1
9272,-1,50,0
9272,-1,60,0
9272,-1,70,0
9273,68.33075919,50,1
9273,68.33075919,60,1
9273,68.33075919,70,1
9274,-1,50,0
9274,-1,60,0
9274,-1,70,1
9275,-1,50,0
9275,-1,60,0
9275,-1,70,0
9276,-1,50,1
9276,-1,60,1
9276,-1,70,1
9277,-1,50,0
9277,-1,60,0
9277,-1,70,0
9278,-1,50,0
9278,-1,60,0
9278,-1,70,0
9279,-1,50,0
9279,-1,60,0
9279,-1,70,0
9280,-1,50,1
9280,-1,60,1
9280,-1,70,1
9281,-1,50,0
9281,-1,60,0
9281,-1,70,0
9282,-1,50,0
9282,-1,60,0
9282,-1,70,0
9283,66.28915971,50,0
9283,66.28915971,60,0
9283,66.28915971,70,2
9284,-1,50,0
9284,-1,60,0
9284,-1,70,0
9285,-1,50,0
9285,-1,60,0
9285,-1,70,0
9286,-1,50,0
9286,-1,60,0
9286,-1,70,0
9287,-1,50,0
9287,-1,60,0
9287,-1,70,1
9288,-1,50,0
9288,-1,60,0
9288,-1,70,1
9289,-1,50,0
9289,-1,60,0
9289,-1,70,0
9290,-1,50,0
9290,-1,60,1
9290,-1,70,1
9291,-1,50,0
9291,-1,60,0
9291,-1,70,0
9292,-1,50,0
9292,-1,60,1
9292,-1,70,1
9293,-1,50,0
9293,-1,60,1
9293,-1,70,1
9294,-1,50,0
9294,-1,60,0
9294,-1,70,0
9295,-1,50,0
9295,-1,60,0
9295,-1,70,0
9296,-1,50,0
9296,-1,60,0
9296,-1,70,0
9297,-1,50,0
9297,-1,60,1
9297,-1,70,2
9298,-1,50,0
9298,-1,60,0
9298,-1,70,0
9299,-1,50,0
9299,-1,60,0
9299,-1,70,0
9300,-1,50,0
9300,-1,60,0
9300,-1,70,0
9301,-1,50,0
9301,-1,60,0
9301,-1,70,0
9302,42.1841446,50,1
9302,42.1841446,60,0
9302,42.1841446,70,0
9303,31.76903815,50,1
9303,31.76903815,60,0
9303,31.76903815,70,0
9304,-1,50,0
9304,-1,60,0
9304,-1,70,0
9305,-1,50,0
9305,-1,60,0
9305,-1,70,0
9306,-1,50,0
9306,-1,60,0
9306,-1,70,0
9307,-1,50,0
9307,-1,60,0
9307,-1,70,0
9308,-1,50,0
9308,-1,60,0
9308,-1,70,0
9309,-1,50,0
9309,-1,60,0
9309,-1,70,0
9310,-1,50,0
9310,-1,60,0
9310,-1,70,0
9311,-1,50,0
9311,-1,60,1
9311,-1,70,1
9312,-1,50,0
9312,-1,60,0
9312,-1,70,0
9313,-1,50,0
9313,-1,60,0
9313,-1,70,1
9314,-1,50,0
9314,-1,60,0
9314,-1,70,0
9315,-1,50,0
9315,-1,60,0
9315,-1,70,0
9316,-1,50,0
9316,-1,60,0
9316,-1,70,1
9317,-1,50,0
9317,-1,60,0
9317,-1,70,0
9318,-1,50,0
9318,-1,60,0
9318,-1,70,0
9319,-1,50,0
9319,-1,60,1
9319,-1,70,1
9320,-1,50,0
9320,-1,60,0
9320,-1,70,0
9321,60.29334902,50,0
9321,60.29334902,60,1
9321,60.29334902,70,1
9322,-1,50,0
9322,-1,60,0
9322,-1,70,0
9323,-1,50,0
9323,-1,60,0
9323,-1,70,0
9324,-1,50,0
9324,-1,60,0
9324,-1,70,0
9325,-1,50,1
9325,-1,60,1
9325,-1,70,1
9326,-1,50,0
9326,-1,60,0
9326,-1,70,2
9327,-1,50,0
9327,-1,60,0
9327,-1,70,0
9328,72.60635798,50,1
9328,72.60635798,60,1
9328,72.60635798,70,2
9329,-1,50,0
9329,-1,60,0
9329,-1,70,1
9330,-1,50,0
9330,-1,60,0
9330,-1,70,0
9331,-1,50,0
9331,-1,60,0
9331,-1,70,0
9332,-1,50,0
9332,-1,60,0
9332,-1,70,1
9333,-1,50,1
9333,-1,60,1
9333,-1,70,2
9334,48.65517694,50,1
9334,48.65517694,60,0
9334,48.65517694,70,0
9335,-1,50,0
9335,-1,60,0
9335,-1,70,0
9336,-1,50,0
9336,-1,60,0
9336,-1,70,1
9337,-1,50,0
9337,-1,60,0
9337,-1,70,1
9338,-1,50,0
9338,-1,60,0
9338,-1,70,0
9339,-1,50,0
9339,-1,60,0
9339,-1,70,0
9340,-1,50,0
9340,-1,60,0
9340,-1,70,0
9341,79.00477713,50,0
9341,79.00477713,60,1
9341,79.00477713,70,1
9342,-1,50,0
9342,-1,60,0
9342,-1,70,0
9343,-1,50,0
9343,-1,60,1
9343,-1,70,1
9344,55.19578452,50,2
9344,55.19578452,60,2
9344,55.19578452,70,0
9345,-1,50,0
9345,-1,60,0
9345,-1,70,1
9346,-1,50,0
9346,-1,60,0
9346,-1,70,1
9347,-1,50,0
9347,-1,60,1
9347,-1,70,1
9348,-1,50,0
9348,-1,60,0
9348,-1,70,0
9349,-1,50,0
9349,-1,60,0
9349,-1,70,0
9350,76.83280822,50,1
9350,76.83280822,60,2
9350,76.83280822,70,3
9351,-1,50,0
9351,-1,60,0
9351,-1,70,0
9352,73.90630171,50,1
9352,73.90630171,60,1
9352,73.90630171,70,2
9353,-1,50,0
9353,-1,60,0
9353,-1,70,0
9354,-1,50,0
9354,-1,60,0
9354,-1,70,0
9355,-1,50,0
9355,-1,60,0
9355,-1,70,0
9356,-1,50,0
9356,-1,60,0
9356,-1,70,0
9357,45.49946635,50,0
9357,45.49946635,60,0
9357,45.49946635,70,0
9358,-1,50,0
9358,-1,60,0
9358,-1,70,2
9359,-1,50,0
9359,-1,60,0
9359,-1,70,0
9360,-1,50,0
9360,-1,60,0
9360,-1,70,0
9361,-1,50,0
9361,-1,60,0
9361,-1,70,0
9362,-1,50,0
9362,-1,60,0
9362,-1,70,0
9363,67.10587302,50,0
9363,67.10587302,60,0
9363,67.10587302,70,1
9364,-1,50,0
9364,-1,60,0
9364,-1,70,0
9365,-1,50,0
9365,-1,60,0
9365,-1,70,1
9366,-1,50,0
9366,-1,60,0
9366,-1,70,0
9367,-1,50,0
9367,-1,60,0
9367,-1,70,0
9368,-1,50,0
9368,-1,60,0
9368,-1,70,0
9369,-1,50,0
9369,-1,60,0
9369,-1,70,0
9370,-1,50,0
9370,-1,60,0
9370,-1,70,1
9371,-1,50,0
9371,-1,60,0
9371,-1,70,0
9372,-1,50,0
9372,-1,60,0
9372,-1,70,0
9373,-1,50,0
9373,-1,60,0
9373,-1,70,0
9374,-1,50,0
9374,-1,60,0
9374,-1,70,0
9375,55.9979973,50,1
9375,55.9979973,60,1
9375,55.9979973,70,0
9376,-1,50,0
9376,-1,60,0
9376,-1,70,0
9377,-1,50,0
9377,-1,60,0
9377,-1,70,0
9378,-1,50,0
9378,-1,60,1
9378,-1,70,1
9379,-1,50,0
9379,-1,60,0
9379,-1,70,0
9380,-1,50,0
9380,-1,60,0
9380,-1,70,1
9381,-1,50,0
9381,-1,60,0
9381,-1,70,1
9382,-1,50,0
9382,-1,60,1
9382,-1,70,2
9383,-1,50,0
9383,-1,60,0
9383,-1,70,1
9384,60.89935349,50,1
9384,60.89935349,60,1
9384,60.89935349,70,2
9385,-1,50,0
9385,-1,60,1
9385,-1,70,2
9386,32.34545629,50,2
9386,32.34545629,60,0
9386,32.34545629,70,0
9387,-1,50,0
9387,-1,60,0
9387,-1,70,1
9388,-1,50,0
9388,-1,60,1
9388,-1,70,1
9389,-1,50,0
9389,-1,60,0
9389,-1,70,0
9390,-1,50,0
9390,-1,60,0
9390,-1,70,0
9391,-1,50,2
9391,-1,60,2
9391,-1,70,3
9392,-1,50,0
9392,-1,60,0
9392,-1,70,0
9393,-1,50,0
9393,-1,60,0
9393,-1,70,1
9394,-1,50,0
9394,-1,60,0
9394,-1,70,0
9395,-1,50,1
9395,-1,60,1
9395,-1,70,1
9396,-1,50,0
9396,-1,60,0
9396,-1,70,0
9397,78.50520261,50,0
9397,78.50520261,60,0
9397,78.50520261,70,0
9398,-1,50,0
9398,-1,60,0
9398,-1,70,1
9399,-1,50,0
9399,-1,60,1
9399,-1,70,1
9400,-1,50,0
9400,-1,60,0
9400,-1,70,1
9401,-1,50,0
9401,-1,60,0
9401,-1,70,0
9402,-1,50,0
9402,-1,60,0
9402,-1,70,0
9403,-1,50,0
9403,-1,60,0
9403,-1,70,0
9404,73.93609148,50,0
9404,73.93609148,60,0
9404,73.93609148,70,1
9405,-1,50,0
9405,-1,60,1
9405,-1,70,2
9406,79.15309372,50,0
9406,79.15309372,60,0
9406,79.15309372,70,2
9407,-1,50,0
9407,-1,60,0
9407,-1,70,0
9408,-1,50,0
9408,-1,60,0
9408,-1,70,1
9409,-1,50,0
9409,-1,60,0
9409,-1,70,0
9410,65.63798262,50,1
9410,65.63798262,60,2
9410,65.63798262,70,3
9411,71.90756254,50,0
9411,71.90756254,60,0
9411,71.90756254,70,0
9412,-1,50,0
9412,-1,60,0
9412,-1,70,0
9413,78.07725447,50,0
9413,78.07725447,60,0
9413,78.07725447,70,1
9414,-1,50,0
9414,-1,60,0
9414,-1,70,0
9415,54.63376616,50,3
9415,54.63376616,60,3
9415,54.63376616,70,0
9416,-1,50,0
9416,-1,60,0
9416,-1,70,1
9417,-1,50,0
9417,-1,60,0
9417,-1,70,0
9418,-1,50,0
9418,-1,60,0
9418,-1,70,0
9419,-1,50,0
9419,-1,60,0
9419,-1,70,0
9420,-1,50,0
9420,-1,60,0
9420,-1,70,0
9421,-1,50,0
9421,-1,60,0
9421,-1,70,1
9422,-1,50,0
9422,-1,60,1
9422,-1,70,1
9423,73.67262139,50,0
9423,73.67262139,60,1
9423,73.67262139,70,1
9424,-1,50,0
9424,-1,60,0
9424,-1,70,1
9425,-1,50,0
9425,-1,60,0
9425,-1,70,0
9426,-1,50,0
9426,-1,60,0
9426,-1,70,0
9427,-1,50,0
9427,-1,60,0
9427,-1,70,1
9428,-1,50,0
9428,-1,60,0
9428,-1,70,0
9429,-1,50,0
9429,-1,60,0
9429,-1,70,1
9430,-1,50,0
9430,-1,60,1
9430,-1,70,1
9431,-1,50,0
9431,-1,60,1
9431,-1,70,1
9432,-1,50,0
9432,-1,60,0
9432,-1,70,0
9433,-1,50,0
9433,-1,60,0
9433,-1,70,0
9434,-1,50,0
9434,-1,60,0
9434,-1,70,0
9435,-1,50,0
9435,-1,60,0
9435,-1,70,0
9436,-1,50,0
9436,-1,60,0
9436,-1,70,0
9437,-1,50,0
9437,-1,60,0
9437,-1,70,1
9438,-1,50,0
9438,-1,60,0
9438,-1,70,0
9439,76.9831428,50,1
9439,76.9831428,60,1
9439,76.9831428,70,1
9440,75.31561995,50,1
9440,75.31561995,60,1
9440,75.31561995,70,1
9441,-1,50,0
9441,-1,60,0
9441,-1,70,0
9442,-1,50,0
9442,-1,60,0
9442,-1,70,1
9443,-1,50,0
9443,-1,60,0
9443,-1,70,0
9444,-1,50,0
9444,-1,60,0
9444,-1,70,0
9445,-1,50,0
9445,-1,60,0
9445,-1,70,0
9446,-1,50,0
9446,-1,60,0
9446,-1,70,0
9447,-1,50,0
9447,-1,60,0
9447,-1,70,0
9448,-1,50,0
9448,-1,60,1
9448,-1,70,1
9449,-1,50,0
9449,-1,60,0
9449,-1,70,0
9450,-1,50,0
9450,-1,60,0
9450,-1,70,0
9451,-1,50,0
9451,-1,60,0
9451,-1,70,0
9452,-1,50,0
9452,-1,60,1
9452,-1,70,2
9453,-1,50,0
9453,-1,60,0
9453,-1,70,0
9454,58.42360723,50,1
9454,58.42360723,60,2
9454,58.42360723,70,0
9455,-1,50,0
9455,-1,60,0
9455,-1,70,0
9456,-1,50,0
9456,-1,60,0
9456,-1,70,0
9457,69.03461904,50,0
9457,69.03461904,60,0
9457,69.03461904,70,1
9458,-1,50,0
9458,-1,60,0
9458,-1,70,0
9459,-1,50,1
9459,-1,60,1
9459,-1,70,2
9460,-1,50,0
9460,-1,60,0
9460,-1,70,0
9461,79.98374121,50,0
9461,79.98374121,60,0
9461,79.98374121,70,0
9462,-1,50,0
9462,-1,60,0
9462,-1,70,0
9463,-1,50,0
9463,-1,60,1
9463,-1,70,1
9464,-1,50,0
9464,-1,60,0
9464,-1,70,1
9465,-1,50,0
9465,-1,60,0
9465,-1,70,0
9466,-1,50,0
9466,-1,60,0
9466,-1,70,0
9467,-1,50,0
9467,-1,60,0
9467,-1,70,0
9468,-1,50,0
9468,-1,60,0
9468,-1,70,0
9469,-1,50,0
9469,-1,60,0
9469,-1,70,0
9470,-1,50,0
9470,-1,60,0
9470,-1,70,0
9471,-1,50,0
9471,-1,60,0
9471,-1,70,1
9472,78.84384104,50,0
9472,78.84384104,60,0
9472,78.84384104,70,1
9473,-1,50,0
9473,-1,60,0
9473,-1,70,0
9474,-1,50,0
9474,-1,60,1
9474,-1,70,1
9475,-1,50,0
9475,-1,60,0
9475,-1,70,0
9476,45.76685785,50,1
9476,45.76685785,60,0
9476,45.76685785,70,0
9477,-1,50,0
9477,-1,60,0
9477,-1,70,0
9478,-1,50,0
9478,-1,60,0
9478,-1,70,0
9479,-1,50,0
9479,-1,60,0
9479,-1,70,0
9480,-1,50,1
9480,-1,60,1
9480,-1,70,2
9481,62.29335567,50,1
9481,62.29335567,60,3
9481,62.29335567,70,4
9482,-1,50,0
9482,-1,60,0
9482,-1,70,0
9483,-1,50,0
9483,-1,60,0
9483,-1,70,0
9484,-1,50,0
9484,-1,60,0
9484,-1,70,0
9485,-1,50,0
9485,-1,60,0
9485,-1,70,0
9486,-1,50,0
9486,-1,60,0
9486,-1,70,0
9487,-1,50,0
9487,-1,60,0
9487,-1,70,0
9488,65.9513409,50,1
9488,65.9513409,60,2
9488,65.9513409,70,3
9489,-1,50,0
9489,-1,60,0
9489,-1,70,0
9490,-1,50,0
9490,-1,60,0
9490,-1,70,0
9491,-1,50,0
9491,-1,60,0
9491,-1,70,0
9492,-1,50,0
9492,-1,60,0
9492,-1,70,0
9493,-1,50,0
9493,-1,60,0
9493,-1,70,1
9494,-1,50,0
9494,-1,60,0
9494,-1,70,0
9495,-1,50,0
9495,-1,60,0
9495,-1,70,0
9496,-1,50,0
9496,-1,60,0
9496,-1,70,0
9497,-1,50,1
9497,-1,60,1
9497,-1,70,1
9498,-1,50,0
9498,-1,60,0
9498,-1,70,0
9499,-1,50,0
9499,-1,60,0
9499,-1,70,0
9500,79.25727221,50,0
9500,79.25727221,60,1
9500,79.25727221,70,1
9501,72.88908981,50,1
9501,72.88908981,60,1
9501,72.88908981,70,1
9502,78.71552456,50,1
9502,78.71552456,60,1
9502,78.71552456,70,1
9503,-1,50,0
9503,-1,60,1
9503,-1,70,1
9504,74.40057955,50,0
9504,74.40057955,60,0
9504,74.40057955,70,1
9505,-1,50,0
9505,-1,60,0
9505,-1,70,0
9506,-1,50,0
9506,-1,60,1
9506,-1,70,1
9507,75.58838046,50,0
9507,75.58838046,60,0
9507,75.58838046,70,0
9508,-1,50,1
9508,-1,60,1
9508,-1,70,3
9509,-1,50,0
9509,-1,60,1
9509,-1,70,1
9510,-1,50,0
9510,-1,60,0
9510,-1,70,1
9511,-1,50,0
9511,-1,60,0
9511,-1,70,0
9512,49.06108603,50,0
9512,49.06108603,60,0
9512,49.06108603,70,0
9513,-1,50,0
9513,-1,60,0
9513,-1,70,0
9514,-1,50,0
9514,-1,60,1
9514,-1,70,1
9515,-1,50,0
9515,-1,60,0
9515,-1,70,0
9516,-1,50,1
9516,-1,60,2
9516,-1,70,2
9517,78.04930723,50,0
9517,78.04930723,60,1
9517,78.04930723,70,2
9518,-1,50,0
9518,-1,60,0
9518,-1,70,0
9519,-1,50,0
9519,-1,60,0
9519,-1,70,0
9520,-1,50,0
9520,-1,60,0
9520,-1,70,0
9521,-1,50,0
9521,-1,60,0
9521,-1,70,0
9522,-1,50,0
9522,-1,60,0
9522,-1,70,0
9523,-1,50,0
9523,-1,60,0
9523,-1,70,0
9524,-1,50,0
9524,-1,60,0
9524,-1,70,0
9525,-1,50,0
9525,-1,60,0
9525,-1,70,0
9526,-1,50,1
9526,-1,60,1
9526,-1,70,1
9527,-1,50,0
9527,-1,60,0
9527,-1,70,0
9528,-1,50,0
9528,-1,60,0
9528,-1,70,0
9529,-1,50,0
9529,-1,60,1
9529,-1,70,1
9530,-1,50,1
9530,-1,60,1
9530,-1,70,2
9531,-1,50,0
9531,-1,60,0
9531,-1,70,0
9532,77.14047293,50,1
9532,77.14047293,60,1
9532,77.14047293,70,1
9533,-1,50,0
9533,-1,60,0
9533,-1,70,0
9534,-1,50,1
9534,-1,60,2
9534,-1,70,2
9535,-1,50,0
9535,-1,60,0
9535,-1,70,0
9536,78.61967415,50,0
9536,78.61967415,60,0
9536,78.61967415,70,0
9537,-1,50,0
9537,-1,60,2
9537,-1,70,2
9538,-1,50,0
9538,-1,60,0
9538,-1,70,1
9539,76.07998545,50,0
9539,76.07998545,60,0
9539,76.07998545,70,0
9540,73.6843425,50,0
9540,73.6843425,60,1
9540,73.6843425,70,1
9541,-1,50,0
9541,-1,60,0
9541,-1,70,0
9542,-1,50,0
9542,-1,60,0
9542,-1,70,1
9543,-1,50,0
9543,-1,60,1
9543,-1,70,1
9544,-1,50,0
9544,-1,60,0
9544,-1,70,0
9545,-1,50,0
9545,-1,60,0
9545,-1,70,0
9546,-1,50,0
9546,-1,60,0
9546,-1,70,0
9547,-1,50,0
9547,-1,60,0
9547,-1,70,0
9548,-1,50,0
9548,-1,60,0
9548,-1,70,0
9549,-1,50,1
9549,-1,60,2
9549,-1,70,2
9550,-1,50,0
9550,-1,60,0
9550,-1,70,0
9551,-1,50,0
9551,-1,60,1
9551,-1,70,1
9552,-1,50,0
9552,-1,60,0
9552,-1,70,1
9553,-1,50,0
9553,-1,60,0
9553,-1,70,0
9554,-1,50,0
9554,-1,60,0
9554,-1,70,0
9555,-1,50,0
9555,-1,60,0
9555,-1,70,1
9556,-1,50,0
9556,-1,60,0
9556,-1,70,1
9557,-1,50,0
9557,-1,60,0
9557,-1,70,0
9558,-1,50,0
9558,-1,60,1
9558,-1,70,1
9559,78.00950941,50,1
9559,78.00950941,60,1
9559,78.00950941,70,1
9560,-1,50,0
9560,-1,60,0
9560,-1,70,0
9561,-1,50,0
9561,-1,60,0
9561,-1,70,1
9562,-1,50,0
9562,-1,60,0
9562,-1,70,0
9563,-1,50,0
9563,-1,60,1
9563,-1,70,1
9564,-1,50,0
9564,-1,60,0
9564,-1,70,0
9565,-1,50,0
9565,-1,60,0
9565,-1,70,0
9566,-1,50,0
9566,-1,60,0
9566,-1,70,0
9567,-1,50,0
9567,-1,60,1
9567,-1,70,1
9568,76.32367623,50,1
9568,76.32367623,60,1
9568,76.32367623,70,1
9569,-1,50,0
9569,-1,60,0
9569,-1,70,0
9570,-1,50,0
9570,-1,60,1
9570,-1,70,1
9571,-1,50,0
9571,-1,60,0
9571,-1,70,1
9572,-1,50,0
9572,-1,60,0
9572,-1,70,0
9573,74.92937645,50,1
9573,74.92937645,60,1
9573,74.92937645,70,1
9574,-1,50,0
9574,-1,60,0
9574,-1,70,0
9575,-1,50,0
9575,-1,60,0
9575,-1,70,0
9576,-1,50,0
9576,-1,60,0
9576,-1,70,2
9577,67.58992222,50,1
9577,67.58992222,60,1
9577,67.58992222,70,1
9578,-1,50,0
9578,-1,60,0
9578,-1,70,0
9579,73.19601213,50,1
9579,73.19601213,60,1
9579,73.19601213,70,1
9580,-1,50,0
9580,-1,60,0
9580,-1,70,1
9581,71.37105682,50,1
9581,71.37105682,60,1
9581,71.37105682,70,3
9582,-1,50,0
9582,-1,60,0
9582,-1,70,0
9583,-1,50,0
9583,-1,60,0
9583,-1,70,1
9584,-1,50,0
9584,-1,60,0
9584,-1,70,1
9585,42.28803433,50,1
9585,42.28803433,60,0
9585,42.28803433,70,0
9586,75.31465012,50,0
9586,75.31465012,60,0
9586,75.31465012,70,2
9587,-1,50,0
9587,-1,60,0
9587,-1,70,0
9588,-1,50,0
9588,-1,60,0
9588,-1,70,0
9589,74.01767922,50,1
9589,74.01767922,60,1
9589,74.01767922,70,1
9590,-1,50,0
9590,-1,60,0
9590,-1,70,0
9591,-1,50,0
9591,-1,60,0
9591,-1,70,0
9592,-1,50,0
9592,-1,60,0
9592,-1,70,0
9593,-1,50,0
9593,-1,60,0
9593,-1,70,2
9594,-1,50,0
9594,-1,60,0
9594,-1,70,0
9595,-1,50,0
9595,-1,60,0
9595,-1,70,0
9596,-1,50,0
9596,-1,60,0
9596,-1,70,0
9597,-1,50,0
9597,-1,60,0
9597,-1,70,0
9598,-1,50,0
9598,-1,60,0
9598,-1,70,0
9599,-1,50,0
9599,-1,60,0
9599,-1,70,0
9600,-1,50,0
9600,-1,60,0
9600,-1,70,0
9601,-1,50,0
9601,-1,60,0
9601,-1,70,0
9602,-1,50,0
9602,-1,60,0
9602,-1,70,0
9603,-1,50,0
9603,-1,60,0
9603,-1,70,0
9604,-1,50,0
9604,-1,60,0
9604,-1,70,0
9605,-1,50,0
9605,-1,60,0
9605,-1,70,2
9606,65.9022836,50,2
9606,65.9022836,60,2
9606,65.9022836,70,2
9607,-1,50,0
9607,-1,60,0
9607,-1,70,0
9608,-1,50,0
9608,-1,60,0
9608,-1,70,0
9609,-1,50,0
9609,-1,60,0
9609,-1,70,0
9610,-1,50,0
9610,-1,60,0
9610,-1,70,1
9611,43.6958576,50,1
9611,43.6958576,60,0
9611,43.6958576,70,0
9612,-1,50,0
9612,-1,60,0
9612,-1,70,1
9613,-1,50,0
9613,-1,60,0
9613,-1,70,1
9614,-1,50,0
9614,-1,60,0
9614,-1,70,0
9615,-1,50,0
9615,-1,60,0
9615,-1,70,0
9616,58.39426621,50,1
9616,58.39426621,60,1
9616,58.39426621,70,0
9617,-1,50,0
9617,-1,60,0
9617,-1,70,0
9618,-1,50,0
9618,-1,60,0
9618,-1,70,0
9619,-1,50,1
9619,-1,60,1
9619,-1,70,1
9620,-1,50,0
9620,-1,60,0
9620,-1,70,0
9621,-1,50,0
9621,-1,60,0
9621,-1,70,1
9622,-1,50,0
9622,-1,60,0
9622,-1,70,0
9623,-1,50,0
9623,-1,60,0
9623,-1,70,0
9624,-1,50,0
9624,-1,60,0
9624,-1,70,1
9625,78.68064656,50,0
9625,78.68064656,60,2
9625,78.68064656,70,3
9626,-1,50,0
9626,-1,60,0
9626,-1,70,2
9627,-1,50,0
9627,-1,60,0
9627,-1,70,0
9628,-1,50,0
9628,-1,60,0
9628,-1,70,1
9629,-1,50,0
9629,-1,60,0
9629,-1,70,0
9630,-1,50,0
9630,-1,60,0
9630,-1,70,0
9631,-1,50,0
9631,-1,60,0
9631,-1,70,0
9632,-1,50,0
9632,-1,60,0
9632,-1,70,0
9633,-1,50,0
9633,-1,60,0
9633,-1,70,0
9634,-1,50,0
9634,-1,60,0
9634,-1,70,0
9635,67.08042336,50,1
9635,67.08042336,60,1
9635,67.08042336,70,1
9636,-1,50,0
9636,-1,60,0
9636,-1,70,0
9637,-1,50,0
9637,-1,60,0
9637,-1,70,0
9638,-1,50,0
9638,-1,60,0
9638,-1,70,0
9639,-1,50,0
9639,-1,60,0
9639,-1,70,0
9640,-1,50,0
9640,-1,60,0
9640,-1,70,0
9641,-1,50,0
9641,-1,60,0
9641,-1,70,1
9642,-1,50,0
9642,-1,60,0
9642,-1,70,0
9643,-1,50,0
9643,-1,60,0
9643,-1,70,0
9644,-1,50,0
9644,-1,60,0
9644,-1,70,0
9645,-1,50,0
9645,-1,60,0
9645,-1,70,0
9646,-1,50,0
9646,-1,60,0
9646,-1,70,0
9647,-1,50,0
9647,-1,60,0
9647,-1,70,0
9648,-1,50,0
9648,-1,60,0
9648,-1,70,0
9649,-1,50,0
9649,-1,60,0
9649,-1,70,1
9650,-1,50,0
9650,-1,60,0
9650,-1,70,1
9651,-1,50,0
9651,-1,60,1
9651,-1,70,1
9652,-1,50,0
9652,-1,60,0
9652,-1,70,0
9653,-1,50,0
9653,-1,60,0
9653,-1,70,0
9654,-1,50,0
9654,-1,60,0
9654,-1,70,0
9655,-1,50,0
9655,-1,60,0
9655,-1,70,0
9656,-1,50,0
9656,-1,60,0
9656,-1,70,0
9657,-1,50,0
9657,-1,60,0
9657,-1,70,1
9658,65.90070691,50,2
9658,65.90070691,60,3
9658,65.90070691,70,3
9659,78.78896456,50,0
9659,78.78896456,60,0
9659,78.78896456,70,0
9660,79.84789708,50,1
9660,79.84789708,60,1
9660,79.84789708,70,1
9661,-1,50,0
9661,-1,60,0
9661,-1,70,0
9662,-1,50,0
9662,-1,60,0
9662,-1,70,0
9663,-1,50,0
9663,-1,60,1
9663,-1,70,1
9664,-1,50,0
9664,-1,60,0
9664,-1,70,0
9665,-1,50,0
9665,-1,60,1
9665,-1,70,1
9666,-1,50,0
9666,-1,60,0
9666,-1,70,1
9667,-1,50,0
9667,-1,60,0
9667,-1,70,0
9668,-1,50,0
9668,-1,60,0
9668,-1,70,0
9669,-1,50,0
9669,-1,60,0
9669,-1,70,1
9670,-1,50,0
9670,-1,60,0
9670,-1,70,0
9671,-1,50,0
9671,-1,60,0
9671,-1,70,0
9672,-1,50,0
9672,-1,60,0
9672,-1,70,0
9673,-1,50,0
9673,-1,60,2
9673,-1,70,3
9674,-1,50,0
9674,-1,60,0
9674,-1,70,0
9675,-1,50,1
9675,-1,60,2
9675,-1,70,2
9676,-1,50,0
9676,-1,60,0
9676,-1,70,0
9677,-1,50,1
9677,-1,60,1
9677,-1,70,1
9678,78.92390167,50,0
9678,78.92390167,60,0
9678,78.92390167,70,2
9679,-1,50,0
9679,-1,60,0
9679,-1,70,0
9680,-1,50,0
9680,-1,60,0
9680,-1,70,1
9681,-1,50,0
9681,-1,60,0
9681,-1,70,0
9682,69.5968301,50,0
9682,69.5968301,60,1
9682,69.5968301,70,3
9683,-1,50,0
9683,-1,60,0
9683,-1,70,0
9684,37.08135404,50,1
9684,37.08135404,60,0
9684,37.08135404,70,0
9685,-1,50,0
9685,-1,60,1
9685,-1,70,1
9686,-1,50,0
9686,-1,60,1
9686,-1,70,2
9687,-1,50,0
9687,-1,60,0
9687,-1,70,0
9688,-1,50,0
9688,-1,60,0
9688,-1,70,0
9689,-1,50,0
9689,-1,60,1
9689,-1,70,1
9690,-1,50,0
9690,-1,60,0
9690,-1,70,1
9691,78.47117447,50,0
9691,78.47117447,60,2
9691,78.47117447,70,2
9692,74.95340476,50,1
9692,74.95340476,60,1
9692,74.95340476,70,1
9693,63.19112294,50,1
9693,63.19112294,60,1
9693,63.19112294,70,1
9694,-1,50,0
9694,-1,60,0
9694,-1,70,0
9695,-1,50,0
9695,-1,60,0
9695,-1,70,1
9696,-1,50,0
9696,-1,60,0
9696,-1,70,0
9697,-1,50,0
9697,-1,60,3
9697,-1,70,3
9698,-1,50,0
9698,-1,60,0
9698,-1,70,0
9699,-1,50,0
9699,-1,60,0
9699,-1,70,0
9700,-1,50,1
9700,-1,60,1
9700,-1,70,1
9701,-1,50,0
9701,-1,60,1
9701,-1,70,2
9702,-1,50,0
9702,-1,60,0
9702,-1,70,0
9703,-1,50,0
9703,-1,60,0
9703,-1,70,0
9704,-1,50,0
9704,-1,60,0
9704,-1,70,0
9705,-1,50,0
9705,-1,60,0
9705,-1,70,0
9706,-1,50,0
9706,-1,60,0
9706,-1,70,0
9707,74.31100029,50,0
9707,74.31100029,60,1
9707,74.31100029,70,3
9708,-1,50,0
9708,-1,60,0
9708,-1,70,0
9709,-1,50,0
9709,-1,60,1
9709,-1,70,1
9710,-1,50,0
9710,-1,60,1
9710,-1,70,1
9711,-1,50,0
9711,-1,60,0
9711,-1,70,0
9712,-1,50,0
9712,-1,60,0
9712,-1,70,0
9713,76.84956517,50,1
9713,76.84956517,60,1
9713,76.84956517,70,1
9714,-1,50,1
9714,-1,60,1
9714,-1,70,1
9715,-1,50,0
9715,-1,60,0
9715,-1,70,0
9716,-1,50,0
9716,-1,60,0
9716,-1,70,1
9717,-1,50,0
9717,-1,60,0
9717,-1,70,0
9718,71.09954617,50,0
9718,71.09954617,60,0
9718,71.09954617,70,1
9719,-1,50,0
9719,-1,60,0
9719,-1,70,1
9720,-1,50,0
9720,-1,60,1
9720,-1,70,1
9721,-1,50,0
9721,-1,60,0
9721,-1,70,1
9722,-1,50,0
9722,-1,60,0
9722,-1,70,0
9723,-1,50,0
9723,-1,60,0
9723,-1,70,0
9724,-1,50,0
9724,-1,60,1
9724,-1,70,1
9725,-1,50,0
9725,-1,60,0
9725,-1,70,0
9726,-1,50,0
9726,-1,60,1
9726,-1,70,2
9727,-1,50,0
9727,-1,60,0
9727,-1,70,0
9728,-1,50,0
9728,-1,60,0
9728,-1,70,0
9729,64.07564202,50,0
9729,64.07564202,60,0
9729,64.07564202,70,0
9730,77.70141036,50,0
9730,77.70141036,60,1
9730,77.70141036,70,1
9731,-1,50,0
9731,-1,60,0
9731,-1,70,0
9732,-1,50,0
9732,-1,60,0
9732,-1,70,0
9733,-1,50,0
9733,-1,60,0
9733,-1,70,0
9734,-1,50,0
9734,-1,60,0
9734,-1,70,0
9735,75.93417077,50,1
9735,75.93417077,60,1
9735,75.93417077,70,1
9736,-1,50,0
9736,-1,60,0
9736,-1,70,0
9737,-1,50,1
9737,-1,60,1
9737,-1,70,2
9738,-1,50,0
9738,-1,60,0
9738,-1,70,0
9739,-1,50,0
9739,-1,60,0
9739,-1,70,0
9740,-1,50,0
9740,-1,60,0
9740,-1,70,1
9741,-1,50,0
9741,-1,60,0
9741,-1,70,0
9742,-1,50,0
9742,-1,60,0
9742,-1,70,0
9743,-1,50,0
9743,-1,60,2
9743,-1,70,2
9744,-1,50,1
9744,-1,60,1
9744,-1,70,2
9745,-1,50,0
9745,-1,60,0
9745,-1,70,0
9746,-1,50,0
9746,-1,60,0
9746,-1,70,1
9747,-1,50,0
9747,-1,60,0
9747,-1,70,0
9748,-1,50,0
9748,-1,60,0
9748,-1,70,0
9749,-1,50,0
9749,-1,60,0
9749,-1,70,0
9750,-1,50,0
9750,-1,60,0
9750,-1,70,0
9751,-1,50,0
9751,-1,60,0
9751,-1,70,0
9752,-1,50,0
9752,-1,60,0
9752,-1,70,0
9753,-1,50,0
9753,-1,60,0
9753,-1,70,1
9754,77.20423395,50,0
9754,77.20423395,60,1
9754,77.20423395,70,1
9755,58.10795681,50,1
9755,58.10795681,60,1
9755,58.10795681,70,0
9756,-1,50,0
9756,-1,60,0
9756,-1,70,0
9757,-1,50,0
9757,-1,60,0
9757,-1,70,1
9758,-1,50,0
9758,-1,60,0
9758,-1,70,1
9759,64.73520654,50,0
9759,64.73520654,60,0
9759,64.73520654,70,1
9760,77.65185856,50,0
9760,77.65185856,60,0
9760,77.65185856,70,1
9761,-1,50,0
9761,-1,60,0
9761,-1,70,0
9762,-1,50,0
9762,-1,60,0
9762,-1,70,0
9763,-1,50,0
9763,-1,60,0
9763,-1,70,0
9764,-1,50,0
9764,-1,60,0
9764,-1,70,1
9765,-1,50,0
9765,-1,60,1
9765,-1,70,2
9766,-1,50,0
9766,-1,60,0
9766,-1,70,0
9767,-1,50,0
9767,-1,60,1
9767,-1,70,1
9768,-1,50,0
9768,-1,60,0
9768,-1,70,0
9769,-1,50,0
9769,-1,60,1
9769,-1,70,1
9770,-1,50,0
9770,-1,60,0
9770,-1,70,1
9771,-1,50,0
9771,-1,60,0
9771,-1,70,0
9772,-1,50,0
9772,-1,60,0
9772,-1,70,1
9773,-1,50,0
9773,-1,60,0
9773,-1,70,0
9774,-1,50,0
9774,-1,60,0
9774,-1,70,0
9775,74.45915312,50,1
9775,74.45915312,60,1
9775,74.45915312,70,1
9776,62.3759948,50,1
9776,62.3759948,60,1
9776,62.3759948,70,1
9777,-1,50,0
9777,-1,60,0
9777,-1,70,1
9778,-1,50,1
9778,-1,60,1
9778,-1,70,2
9779,-1,50,0
9779,-1,60,0
9779,-1,70,0
9780,-1,50,0
9780,-1,60,1
9780,-1,70,1
9781,-1,50,0
9781,-1,60,0
9781,-1,70,1
9782,-1,50,0
9782,-1,60,0
9782,-1,70,0
9783,-1,50,0
9783,-1,60,0
9783,-1,70,0
9784,-1,50,0
9784,-1,60,0
9784,-1,70,0
9785,-1,50,0
9785,-1,60,0
9785,-1,70,0
9786,-1,50,0
9786,-1,60,0
9786,-1,70,1
9787,-1,50,0
9787,-1,60,0
9787,-1,70,1
9788,-1,50,0
9788,-1,60,0
9788,-1,70,1
9789,-1,50,0
9789,-1,60,0
9789,-1,70,0
9790,-1,50,0
9790,-1,60,0
9790,-1,70,0
9791,-1,50,1
9791,-1,60,2
9791,-1,70,3
9792,-1,50,2
9792,-1,60,3
9792,-1,70,4
9793,-1,50,0
9793,-1,60,0
9793,-1,70,0
9794,-1,50,0
9794,-1,60,0
9794,-1,70,0
9795,-1,50,0
9795,-1,60,1
9795,-1,70,2
9796,-1,50,0
9796,-1,60,1
9796,-1,70,1
9797,-1,50,0
9797,-1,60,0
9797,-1,70,0
9798,-1,50,0
9798,-1,60,0
9798,-1,70,0
9799,-1,50,0
9799,-1,60,0
9799,-1,70,0
9800,-1,50,0
9800,-1,60,0
9800,-1,70,2
9801,-1,50,0
9801,-1,60,0
9801,-1,70,0
9802,-1,50,0
9802,-1,60,0
9802,-1,70,0
9803,-1,50,0
9803,-1,60,0
9803,-1,70,0
9804,66.88522346,50,0
9804,66.88522346,60,0
9804,66.88522346,70,2
9805,-1,50,0
9805,-1,60,0
9805,-1,70,0
9806,-1,50,0
9806,-1,60,1
9806,-1,70,2
9807,-1,50,0
9807,-1,60,0
9807,-1,70,0
9808,-1,50,0
9808,-1,60,0
9808,-1,70,0
9809,63.97893962,50,1
9809,63.97893962,60,1
9809,63.97893962,70,1
9810,79.44494524,50,1
9810,79.44494524,60,2
9810,79.44494524,70,2
9811,-1,50,0
9811,-1,60,1
9811,-1,70,2
9812,-1,50,0
9812,-1,60,0
9812,-1,70,1
9813,-1,50,0
9813,-1,60,1
9813,-1,70,1
9814,79.51945088,50,1
9814,79.51945088,60,1
9814,79.51945088,70,1
9815,-1,50,0
9815,-1,60,0
9815,-1,70,0
9816,-1,50,0
9816,-1,60,0
9816,-1,70,1
9817,-1,50,0
9817,-1,60,0
9817,-1,70,0
9818,-1,50,0
9818,-1,60,0
9818,-1,70,2
9819,-1,50,0
9819,-1,60,0
9819,-1,70,0
9820,-1,50,0
9820,-1,60,0
9820,-1,70,2
9821,-1,50,0
9821,-1,60,0
9821,-1,70,0
9822,-1,50,0
9822,-1,60,0
9822,-1,70,1
9823,-1,50,0
9823,-1,60,0
9823,-1,70,0
9824,-1,50,1
9824,-1,60,1
9824,-1,70,1
9825,-1,50,0
9825,-1,60,0
9825,-1,70,0
9826,-1,50,0
9826,-1,60,0
9826,-1,70,0
9827,-1,50,0
9827,-1,60,1
9827,-1,70,1
9828,-1,50,0
9828,-1,60,0
9828,-1,70,0
9829,58.79637292,50,1
9829,58.79637292,60,2
9829,58.79637292,70,0
9830,-1,50,0
9830,-1,60,0
9830,-1,70,0
9831,-1,50,0
9831,-1,60,1
9831,-1,70,1
9832,-1,50,0
9832,-1,60,1
9832,-1,70,1
9833,-1,50,0
9833,-1,60,1
9833,-1,70,2
9834,-1,50,0
9834,-1,60,0
9834,-1,70,1
9835,-1,50,0
9835,-1,60,0
9835,-1,70,1
9836,-1,50,0
9836,-1,60,0
9836,-1,70,0
9837,75.30555526,50,1
9837,75.30555526,60,1
9837,75.30555526,70,2
9838,78.60054846,50,0
9838,78.60054846,60,1
9838,78.60054846,70,2
9839,-1,50,0
9839,-1,60,0
9839,-1,70,0
9840,-1,50,0
9840,-1,60,0
9840,-1,70,1
9841,-1,50,0
9841,-1,60,0
9841,-1,70,0
9842,-1,50,0
9842,-1,60,1
9842,-1,70,1
9843,-1,50,0
9843,-1,60,0
9843,-1,70,1
9844,-1,50,0
9844,-1,60,0
9844,-1,70,0
9845,-1,50,0
9845,-1,60,0
9845,-1,70,0
9846,-1,50,1
9846,-1,60,1
9846,-1,70,1
9847,-1,50,0
9847,-1,60,0
9847,-1,70,0
9848,-1,50,0
9848,-1,60,0
9848,-1,70,1
9849,-1,50,0
9849,-1,60,0
9849,-1,70,1
9850,-1,50,0
9850,-1,60,0
9850,-1,70,1
9851,-1,50,0
9851,-1,60,2
9851,-1,70,2
9852,-1,50,1
9852,-1,60,1
9852,-1,70,1
9853,77.6735868,50,1
9853,77.6735868,60,1
9853,77.6735868,70,1
9854,65.53804348,50,2
9854,65.53804348,60,2
9854,65.53804348,70,3
9855,-1,50,0
9855,-1,60,0
9855,-1,70,1
9856,-1,50,1
9856,-1,60,1
9856,-1,70,1
9857,-1,50,0
9857,-1,60,0
9857,-1,70,0
9858,69.96246568,50,1
9858,69.96246568,60,1
9858,69.96246568,70,1
9859,-1,50,0
9859,-1,60,0
9859,-1,70,0
9860,69.35880432,50,1
9860,69.35880432,60,1
9860,69.35880432,70,2
9861,-1,50,0
9861,-1,60,0
9861,-1,70,0
9862,-1,50,0
9862,-1,60,0
9862,-1,70,1
9863,-1,50,0
9863,-1,60,1
9863,-1,70,1
9864,-1,50,0
9864,-1,60,1
9864,-1,70,1
9865,-1,50,1
9865,-1,60,1
9865,-1,70,2
9866,-1,50,0
9866,-1,60,0
9866,-1,70,0
9867,-1,50,0
9867,-1,60,0
9867,-1,70,1
9868,-1,50,0
9868,-1,60,0
9868,-1,70,0
9869,-1,50,0
9869,-1,60,0
9869,-1,70,0
9870,-1,50,0
9870,-1,60,0
9870,-1,70,0
9871,-1,50,0
9871,-1,60,0
9871,-1,70,0
9872,-1,50,0
9872,-1,60,0
9872,-1,70,0
9873,-1,50,0
9873,-1,60,2
9873,-1,70,3
9874,-1,50,0
9874,-1,60,0
9874,-1,70,0
9875,-1,50,0
9875,-1,60,0
9875,-1,70,0
9876,-1,50,0
9876,-1,60,0
9876,-1,70,0
9877,-1,50,1
9877,-1,60,1
9877,-1,70,1
9878,-1,50,0
9878,-1,60,0
9878,-1,70,1
9879,-1,50,0
9879,-1,60,0
9879,-1,70,0
9880,-1,50,0
9880,-1,60,0
9880,-1,70,1
9881,-1,50,0
9881,-1,60,0
9881,-1,70,0
9882,-1,50,0
9882,-1,60,0
9882,-1,70,0
9883,-1,50,0
9883,-1,60,0
9883,-1,70,0
9884,-1,50,0
9884,-1,60,0
9884,-1,70,0
9885,-1,50,0
9885,-1,60,0
9885,-1,70,0
9886,-1,50,0
9886,-1,60,0
9886,-1,70,0
9887,-1,50,0
9887,-1,60,0
9887,-1,70,1
9888,-1,50,0
9888,-1,60,0
9888,-1,70,0
9889,-1,50,0
9889,-1,60,2
9889,-1,70,2
9890,-1,50,0
9890,-1,60,0
9890,-1,70,0
9891,-1,50,0
9891,-1,60,0
9891,-1,70,0
9892,-1,50,0
9892,-1,60,0
9892,-1,70,0
9893,-1,50,0
9893,-1,60,0
9893,-1,70,0
9894,-1,50,0
9894,-1,60,0
9894,-1,70,1
9895,-1,50,0
9895,-1,60,0
9895,-1,70,1
9896,-1,50,0
9896,-1,60,0
9896,-1,70,2
9897,79.37149806,50,0
9897,79.37149806,60,1
9897,79.37149806,70,2
9898,-1,50,0
9898,-1,60,0
9898,-1,70,0
9899,74.03295087,50,1
9899,74.03295087,60,1
9899,74.03295087,70,1
9900,-1,50,0
9900,-1,60,0
9900,-1,70,0
9901,-1,50,0
9901,-1,60,1
9901,-1,70,1
9902,-1,50,0
9902,-1,60,0
9902,-1,70,0
9903,-1,50,0
9903,-1,60,0
9903,-1,70,0
9904,-1,50,0
9904,-1,60,0
9904,-1,70,2
9905,-1,50,0
9905,-1,60,1
9905,-1,70,1
9906,70.98952763,50,1
9906,70.98952763,60,1
9906,70.98952763,70,2
9907,-1,50,0
9907,-1,60,0
9907,-1,70,0
9908,60.51286733,50,1
9908,60.51286733,60,1
9908,60.51286733,70,2
9909,-1,50,0
9909,-1,60,0
9909,-1,70,0
9910,-1,50,0
9910,-1,60,0
9910,-1,70,1
9911,-1,50,0
9911,-1,60,0
9911,-1,70,0
9912,-1,50,0
9912,-1,60,0
9912,-1,70,0
9913,-1,50,0
9913,-1,60,0
9913,-1,70,0
9914,-1,50,0
9914,-1,60,0
9914,-1,70,0
9915,-1,50,0
9915,-1,60,1
9915,-1,70,1
9916,-1,50,0
9916,-1,60,1
9916,-1,70,1
9917,-1,50,0
9917,-1,60,0
9917,-1,70,2
9918,-1,50,0
9918,-1,60,0
9918,-1,70,0
9919,-1,50,1
9919,-1,60,1
9919,-1,70,2
9920,57.27848655,50,0
9920,57.27848655,60,0
9920,57.27848655,70,0
9921,68.89820705,50,1
9921,68.89820705,60,1
9921,68.89820705,70,1
9922,-1,50,0
9922,-1,60,0
9922,-1,70,0
9923,-1,50,0
9923,-1,60,0
9923,-1,70,0
9924,-1,50,0
9924,-1,60,0
9924,-1,70,1
9925,-1,50,0
9925,-1,60,1
9925,-1,70,2
9926,-1,50,0
9926,-1,60,1
9926,-1,70,1
9927,75.60777415,50,1
9927,75.60777415,60,1
9927,75.60777415,70,1
9928,-1,50,0
9928,-1,60,0
9928,-1,70,0
9929,-1,50,1
9929,-1,60,1
9929,-1,70,2
9930,-1,50,0
9930,-1,60,0
9930,-1,70,0
9931,-1,50,0
9931,-1,60,0
9931,-1,70,1
9932,-1,50,0
9932,-1,60,0
9932,-1,70,0
9933,-1,50,0
9933,-1,60,0
9933,-1,70,0
9934,77.76025006,50,0
9934,77.76025006,60,1
9934,77.76025006,70,1
9935,67.30678833,50,1
9935,67.30678833,60,1
9935,67.30678833,70,1
9936,79.22426441,50,1
9936,79.22426441,60,1
9936,79.22426441,70,3
9937,62.32084299,50,0
9937,62.32084299,60,0
9937,62.32084299,70,2
9938,66.40007475,50,2
9938,66.40007475,60,3
9938,66.40007475,70,4
9939,-1,50,0
9939,-1,60,0
9939,-1,70,0
9940,-1,50,0
9940,-1,60,0
9940,-1,70,0
9941,-1,50,0
9941,-1,60,1
9941,-1,70,2
9942,-1,50,0
9942,-1,60,1
9942,-1,70,1
9943,-1,50,0
9943,-1,60,0
9943,-1,70,1
9944,-1,50,0
9944,-1,60,0
9944,-1,70,0
9945,-1,50,0
9945,-1,60,0
9945,-1,70,1
9946,-1,50,0
9946,-1,60,0
9946,-1,70,1
9947,78.09237956,50,1
9947,78.09237956,60,1
9947,78.09237956,70,1
9948,-1,50,0
9948,-1,60,0
9948,-1,70,1
9949,-1,50,0
9949,-1,60,1
9949,-1,70,1
9950,-1,50,0
9950,-1,60,0
9950,-1,70,1
9951,75.77839798,50,0
9951,75.77839798,60,0
9951,75.77839798,70,0
9952,-1,50,0
9952,-1,60,0
9952,-1,70,1
9953,-1,50,0
9953,-1,60,0
9953,-1,70,0
9954,67.50607588,50,2
9954,67.50607588,60,2
9954,67.50607588,70,2
9955,71.05950602,50,0
9955,71.05950602,60,0
9955,71.05950602,70,2
9956,-1,50,1
9956,-1,60,1
9956,-1,70,2
9957,76.7474844,50,0
9957,76.7474844,60,1
9957,76.7474844,70,2
9958,-1,50,0
9958,-1,60,0
9958,-1,70,0
9959,63.7392452,50,0
9959,63.7392452,60,1
9959,63.7392452,70,1
9960,-1,50,0
9960,-1,60,0
9960,-1,70,0
9961,-1,50,1
9961,-1,60,1
9961,-1,70,1
9962,-1,50,0
9962,-1,60,0
9962,-1,70,1
9963,-1,50,0
9963,-1,60,0
9963,-1,70,0
9964,-1,50,0
9964,-1,60,1
9964,-1,70,1
9965,-1,50,0
9965,-1,60,0
9965,-1,70,0
9966,-1,50,0
9966,-1,60,0
9966,-1,70,0
9967,74.08777355,50,0
9967,74.08777355,60,1
9967,74.08777355,70,1
9968,-1,50,0
9968,-1,60,0
9968,-1,70,0
9969,-1,50,0
9969,-1,60,0
9969,-1,70,0
9970,-1,50,1
9970,-1,60,1
9970,-1,70,1
9971,65.08126699,50,1
9971,65.08126699,60,1
9971,65.08126699,70,1
9972,64.79639998,50,1
9972,64.79639998,60,1
9972,64.79639998,70,1
9973,-1,50,0
9973,-1,60,0
9973,-1,70,1
9974,76.69063851,50,0
9974,76.69063851,60,0
9974,76.69063851,70,0
9975,-1,50,0
9975,-1,60,0
9975,-1,70,0
9976,-1,50,0
9976,-1,60,0
9976,-1,70,0
9977,78.12812174,50,0
9977,78.12812174,60,0
9977,78.12812174,70,1
9978,-1,50,0
9978,-1,60,0
9978,-1,70,0
9979,-1,50,0
9979,-1,60,0
9979,-1,70,0
9980,-1,50,0
9980,-1,60,0
9980,-1,70,0
9981,-1,50,1
9981,-1,60,1
9981,-1,70,1
9982,-1,50,0
9982,-1,60,0
9982,-1,70,0
9983,-1,50,0
9983,-1,60,0
9983,-1,70,0
9984,-1,50,0
9984,-1,60,0
9984,-1,70,0
9985,-1,50,0
9985,-1,60,0
9985,-1,70,0
9986,-1,50,0
9986,-1,60,0
9986,-1,70,1
9987,51.28671771,50,0
9987,51.28671771,60,1
9987,51.28671771,70,0
9988,-1,50,0
9988,-1,60,0
9988,-1,70,0
9989,-1,50,0
9989,-1,60,0
9989,-1,70,0
9990,-1,50,0
9990,-1,60,0
9990,-1,70,0
9991,-1,50,0
9991,-1,60,0
9991,-1,70,0
9992,-1,50,0
9992,-1,60,0
9992,-1,70,0
9993,-1,50,0
9993,-1,60,1
9993,-1,70,1
9994,-1,50,0
9994,-1,60,0
9994,-1,70,0
9995,-1,50,0
9995,-1,60,1
9995,-1,70,2
9996,-1,50,0
9996,-1,60,0
9996,-1,70,2
9997,-1,50,0
9997,-1,60,0
9997,-1,70,0
9998,-1,50,0
9998,-1,60,0
9998,-1,70,0
9999,-1,50,0
9999,-1,60,0
9999,-1,70,1
